SMILES,WNSA-1,apol,RNCG,THSA,nHBAcc
InChI%3D1S%2FC12H19N%2Fc1-8%282%2910-6-5-7-11%289%283%294%2912%2810%2913%2Fh5-9H%2C13H2%2C1-4H3,30.7808132171631,34.8890686035156,0.374400407075882,415.839172363281,1.0
InChI%3D1S%2FC10H8%2Fc1-2-6-10-8-4-3-7-9%2810%295-1%2Fh1-8H,49.9266738891602,22.9343433380127,0.123182572424412,346.175689697266,0.0
InChI%3D1S%2FC14H9Cl5O%2Fc15-11-5-1-9%282-6-11%2913%2820%2C14%2817%2C18%2919%2910-3-7-12%2816%298-4-10%2Fh1-8%2C20H,261.600921630859,42.3431358337402,0.277961194515228,566.261413574219,1.0
InChI%3D1S%2FC8H17Br%2Fc1-2-3-4-5-6-7-8-9%2Fh2-8H2%2C1H3,37.3418731689453,28.4654808044434,0.278719544410706,416.723205566406,0.0
InChI%3D1S%2FC7H5NO4%2Fc9-4-5-3-6%2810%291-2-7%285%298%2811%2912%2Fh1-4%2C10H,84.3120498657227,19.9619655609131,0.364716380834579,276.916015625,1.0
InChI%3D1S%2FC12H12N2O3%2Fc1-2-12%288-6-4-3-5-7-8%299%2815%2913-11%2817%2914-10%2812%2916%2Fh3-7H%2C2H2%2C1H3%2C%28H2%2C13%2C14%2C15%2C16%2C17%29,75.1693420410156,33.7275161743164,0.204258933663368,285.986694335938,5.0
InChI%3D1S%2FC9H10O%2Fc1-2-5-8-6-3-4-7-9%288%2910%2Fh2-4%2C6-7%2C10H%2C1%2C5H2,40.997989654541,23.3099308013916,0.461772978305817,313.115966796875,0.0
InChI%3D1S%2FC9H10O3%2Fc1-2-12-9-5-7%286-10%293-4-8%289%2911%2Fh3-6%2C11H%2C2H2%2C1H3,48.4992065429688,24.9139308929443,0.315129160881042,257.732574462891,1.0
InChI%3D1S%2FC6H12O%2Fc7-6-4-2-1-3-5-6%2Fh6-7H%2C1-5H2,15.9708814620972,19.3635158538818,0.653121173381805,257.244110107422,1.0
InChI%3D1S%2FC7H5ClO%2Fc8-7-3-1-6%285-9%292-4-7%2Fh1-5H,56.7205505371094,18.63596534729,0.495194613933563,288.567718505859,1.0
InChI%3D1S%2FC12H10S2%2Fc1-3-7-11%288-4-1%2913-14-12-9-5-2-6-10-12%2Fh1-10H,116.507186889648,33.5879287719727,0.0934474021196365,492.542663574219,0.0
InChI%3D1S%2FC6H7N%2Fc1-6-3-2-4-7-5-6%2Fh2-5H%2C1H3,19.1430568695068,16.3275508880615,0.607515275478363,268.786407470703,1.0
InChI%3D1S%2FC6H7ClN.HI%2Fc1-8-5-3-2-4-6%288%297%3B%2Fh2-5H%2C1H3%3B1H%2Fq%2B1%3B%2Fp-1,,24.5243434906006,,,0.0
InChI%3D1S%2FC8H10O2%2Fc9-6-7-10-8-4-2-1-3-5-8%2Fh1-5%2C9H%2C6-7H2,40.3033142089844,22.3519306182861,0.401069730520248,301.719757080078,1.0
InChI%3D1S%2FC18H39O7P%2Fc1-4-7-10-20-13-16-23-26%2819%2C24-17-14-21-11-8-5-2%2925-18-15-22-12-9-6-3%2Fh4-18H2%2C1-3H3,91.9593048095703,66.9289245605469,0.143050521612167,600.748046875,7.0
InChI%3D1S%2FC9H10O3%2Fc1-11-8-4-3-7%286-10%299%285-8%2912-2%2Fh3-6H%2C1-2H3,44.7119293212891,24.9139308929443,0.325333058834076,311.000122070312,1.0
InChI%3D1S%2FC2Cl6%2Fc3-1%284%2C5%292%286%2C7%298,92.8682174682617,16.6000003814697,0.16666667163372,304.742858886719,0.0
InChI%3D1S%2FC5H8F4O%2Fc1-4%282%2C10%295%288%2C9%293%286%297%2Fh3%2C10H%2C1-2H3,46.4765548706055,17.1643447875977,0.308400213718414,200.323226928711,1.0
InChI%3D1S%2FC15H24O%2Fc1-10-8-11%2814%282%2C3%294%2913%2816%2912%289-10%2915%285%2C6%297%2Fh8-9%2C16H%2C1-7H3,53.9133453369141,43.2050323486328,0.3845494389534,515.448547363281,0.0
InChI%3D1S%2FC6H6O2%2Fc7-5-3-1-2-4-6%285%298%2Fh1-4%2C7-8H,48.9898719787598,16.164758682251,0.400645881891251,187.46826171875,0.0
InChI%3D1S%2FC7H5Cl2NO%2Fc8-4-2-1-3-5%289%296%284%297%2810%2911%2Fh1-3H%2C%28H2%2C10%2C11%29,78.3917388916016,21.9159641265869,0.340445816516876,289.961151123047,2.0
InChI%3D1S%2FC19H12O6%2Fc20-16-10-5-1-3-7-14%2810%2924-18%2822%2912%2816%299-13-17%2821%2911-6-2-4-8-15%2811%2925-19%2813%2923%2Fh1-8%2C20-21H%2C9H2,212.330337524414,48.9206886291504,0.168771281838417,403.769226074219,4.0
InChI%3D1S%2FC2H2ClN%2Fc3-1-2-4%2Fh1H2,36.1303596496582,8.13358592987061,0.624770998954773,196.978286743164,1.0
InChI%3D1S%2FC7H5NO4%2Fc9-6%2810%294-2-1-3-5%288-4%297%2811%2912%2Fh1-3H%2C%28H%2C9%2C10%29%28H%2C11%2C12%29,80.6147079467773,19.9619655609131,0.214274138212204,120.170959472656,5.0
InChI%3D1S%2FC12H10O%2Fc13-12-9-5-4-8-11%2812%2910-6-2-1-3-7-10%2Fh1-9%2C13H,65.8949584960938,28.5899295806885,0.412481009960175,362.033599853516,0.0
InChI%3D1S%2FC13H29NO4%2Fc1-6-15-12%2816-7-2%2910-14%285%2911-13%2817-8-3%2918-9-4%2Fh12-13H%2C6-11H2%2C1-5H3,43.606029510498,46.5249977111816,0.186859801411629,572.242980957031,5.0
InChI%3D1S%2FC10H12O%2Fc1-8%282%2910-5-3-9%287-11%294-6-10%2Fh3-8H%2C1-2H3,36.490406036377,26.4035167694092,0.424511551856995,316.283905029297,1.0
InChI%3D1S%2FC7H14O%2Fc1-4-6%282%297%283%295-8%2Fh5-7H%2C4H2%2C1-3H3,21.6050415039062,22.4571018218994,0.527802407741547,276.327728271484,1.0
InChI%3D1S%2FC16H25NO2%2Fc1-3-4-5-6-7-10-13-19-16-12-9-8-11-15%2816%2917-14%282%2918%2Fh8-9%2C11-12H%2C3-7%2C10%2C13H2%2C1-2H3%2C%28H%2C17%2C18%29,75.4463424682617,47.5338249206543,0.238273590803146,591.615112304688,2.0
InChI%3D1S%2FC4H9Br%2Fc1-2-3-4-5%2Fh2-4H2%2C1H3,31.5881824493408,16.091136932373,0.475564211606979,348.809020996094,0.0
InChI%3D1S%2FC9H16O2%2Fc1-3-5-6-7-8-11-9%2810%294-2%2Fh4H%2C2-3%2C5-8H2%2C1H3,36.366382598877,28.1126880645752,0.339177906513214,359.039306640625,2.0
InChI%3D1S%2FC10H22N2%2Fc1-9%282%2C11%298-4-6-10%283%2C12%297-5-8%2Fh8H%2C4-7%2C11-12H2%2C1-3H3,19.8469581604004,34.4694442749023,0.332225292921066,358.42529296875,2.0
InChI%3D1S%2FC12H8F2O%2Fc13-9-1-5-11%286-2-9%2915-12-7-3-10%2814%294-8-12%2Fh1-8H,103.787696838379,28.3703441619873,0.332711577415466,349.398040771484,0.0
InChI%3D1S%2FC5H10O%2Fc1-2-3-4-5-6%2Fh5H%2C2-4H2%2C1H3,17.7479629516602,16.2699298858643,0.64323902130127,236.903472900391,1.0
InChI%3D1S%2FC8H10N2O3%2Fc1-2-13-6-3-4-7%289%298%285-6%2910%2811%2912%2Fh3-5H%2C2%2C9H2%2C1H3,55.659252166748,25.3539295196533,0.34218618273735,355.546752929688,1.0
InChI%3D1S%2FC8H18S2%2Fc1-9-7-5-3-4-6-8-10-2%2Fh3-8H2%2C1-2H3,61.501220703125,31.8822746276855,0.287759810686111,478.883697509766,0.0
InChI%3D1S%2FC3H7Br%2Fc1-2-3-4%2Fh2-3H2%2C1H3,39.0243759155273,12.9975509643555,0.578054189682007,338.521453857422,0.0
InChI%3D1S%2FC6H12%2Fc1-2-4-6-5-3-1%2Fh1-6H2,2.7549204826355,18.5615158081055,0.16666667163372,272.051513671875,0.0
InChI%3D1S%2FC3H5N%2Fc1-2-3-4%2Fh2H2%2C1H3,28.5212249755859,9.7139654159546,0.836042761802673,249.450637817383,1.0
InChI%3D1S%2FC5H4ClNO%2Fc6-5-4%288%292-1-3-7-5%2Fh1-3%2C8H,50.0415840148926,15.5491724014282,0.46602588891983,238.838500976562,1.0
InChI%3D1S%2FC12H17NO%2Fc1-4-13%285-2%2912%2814%2911-8-6-7-10%283%299-11%2Fh6-9H%2C4-5H2%2C1-3H3,53.2859764099121,34.357479095459,0.296509265899658,426.471801757812,2.0
InChI%3D1S%2FC5H12O%2Fc1-5%282%2C3%296-4%2Fh1-4H3,12.1118259429932,17.603515625,0.77616161108017,306.047119140625,1.0
InChI%3D1S%2FC12H10N2O%2Fc15-12-8-6-11%287-9-12%2914-13-10-4-2-1-3-5-10%2Fh1-9%2C15H%2Fb14-13-,83.6034088134766,30.7899303436279,0.348272353410721,392.331146240234,2.0
InChI%3D1S%2FC4H6Cl2%2Fc1-4%282-5%293-6%2Fh1-3H2,63.5556945800781,15.4007577896118,0.359045296907425,342.170349121094,0.0
InChI%3D1S%2FC10H19O6PS2%2Fc1-5-15-9%2811%297-8%2810%2812%2916-6-2%2919-17%2818%2C13-3%2914-4%2Fh8H%2C5-7H2%2C1-4H3,111.184005737305,44.5110664367676,0.166259571909904,610.916564941406,6.0
InChI%3D1S%2FC10H16%2Fc1-7-2-9-4-8%281%295-10%283-7%296-9%2Fh7-10H%2C1-6H2,3.24737977981567,28.2686882019043,0.106487363576889,319.689605712891,0.0
InChI%3D1S%2FC8H12N2%2Fc9-7-5-3-1-2-4-6-8-10%2Fh1-6H2,53.916820526123,24.28151512146,0.370631188154221,300.281158447266,2.0
InChI%3D1S%2FC8H6Cl2O%2Fc1-5%2811%297-3-2-6%289%294-8%287%2910%2Fh2-4H%2C1H3,76.2445678710938,23.2427577972412,0.451696962118149,313.719055175781,1.0
InChI%3D1S%2FC6H12O%2Fc1-3-4-5-6%282%297%2Fh3-5H2%2C1-2H3,20.3603019714355,19.3635158538818,0.633243381977081,280.485687255859,1.0
InChI%3D1S%2FC12H11N%2Fc1-3-7-11%288-4-1%2913-12-9-5-2-6-10-12%2Fh1-10%2C13H,63.0756912231445,29.554723739624,0.323671162128448,410.469818115234,1.0
InChI%3D1S%2FC9H12O%2Fc1-6-4-7%282%299%2810%298%283%295-6%2Fh4-5%2C10H%2C1-3H3,41.3840980529785,24.6435165405273,0.535416007041931,347.298889160156,0.0
InChI%3D1S%2FC8H19O2PS3%2Fc1-4-9-11%2812%2C10-5-2%2914-8-7-13-6-3%2Fh4-8H2%2C1-3H3,67.326904296875,40.6830673217773,0.313799649477005,511.417419433594,2.0
InChI%3D1S%2FC12H16O%2Fc13-12-9-5-4-8-11%2812%2910-6-2-1-3-7-10%2Fh1-3%2C6-7%2C11-13H%2C4-5%2C8-9H2%2Ft11%3F%2C12-%2Fm1%2Fs1,43.3290557861328,32.5906867980957,0.430741906166077,366.536224365234,1.0
InChI%3D1S%2FC9H9N%2Fc1-4-7-10%288-5-2%299-6-3%2Fh1-3H%2C7-9H2,71.979866027832,22.9411373138428,0.301102817058563,409.444458007812,1.0
InChI%3D1S%2FC4H11NO%2Fc1-2-5-3-4-6%2Fh5-6H%2C2-4H2%2C1H3,13.5964393615723,16.2767238616943,0.51308262348175,239.368377685547,2.0
InChI%3D1S%2FC6H10%2Fc1-3-5-6-4-2%2Fh3-6H%2C1-2H3,16.4370288848877,17.2279300689697,0.217903792858124,301.246368408203,0.0
InChI%3D1S%2FC8H18S2%2Fc1-7%282%2C3%299-10-8%284%2C5%296%2Fh1-6H3,32.9680976867676,31.8822746276855,0.182692155241966,413.738128662109,0.0
InChI%3D1S%2FC13H8Cl2O2%2Fc14-12-5-4-11%287-13%2812%2915%2917-10-3-1-2-9%286-10%298-16%2Fh1-8H,160.379440307617,34.1783447265625,0.283772706985474,492.018432617188,1.0
InChI%3D1S%2FC10H15N%2Fc1-2-3-4-9-5-7-10%2811%298-6-9%2Fh5-8H%2C2-4%2C11H2%2C1H3,31.2760982513428,28.7018947601318,0.402765035629272,373.2802734375,1.0
InChI%3D1S%2FC14H18O4%2Fc1-3-17-13%2815%2912%2814%2816%2918-4-2%2910-11-8-6-5-7-9-11%2Fh5-9%2C12H%2C3-4%2C10H2%2C1-2H3,111.761978149414,39.8502731323242,0.19729195535183,490.382690429688,4.0
InChI%3D1S%2FC14H26O4%2Fc1-3-5-11-17-13%2815%299-7-8-10-14%2816%2918-12-6-4-2%2Fh3-12H2%2C1-2H3,75.920036315918,45.1846199035645,0.204083532094955,524.136474609375,4.0
InChI%3D1S%2FC8H14O%2Fc1-7%282%295-4-6-8%283%299%2Fh5H%2C4%2C6H2%2C1-3H3,32.1539115905762,24.2171020507812,0.510160505771637,351.690307617188,1.0
InChI%3D1S%2FC7H15Br%2Fc1-2-3-4-5-6-7-8%2Fh2-7H2%2C1H3,42.0533103942871,25.3718948364258,0.310888767242432,460.415466308594,0.0
InChI%3D1S%2FC15H24O%2Fc1-2-3-4-5-6-7-8-9-14-10-12-15%2816%2913-11-14%2Fh10-13%2C16H%2C2-9H2%2C1H3,54.771068572998,43.2050323486328,0.343831390142441,500.202056884766,0.0
InChI%3D1S%2FC8H9NO2%2Fc1-6%2810%299-7-4-2-3-5-8%287%2911%2Fh2-5%2C11H%2C1H3%2C%28H%2C9%2C10%29,44.7186546325684,22.7851371765137,0.321144431829453,238.530227661133,2.0
InChI%3D1S%2FC5H10O%2Fc1-5%282%293-4-6%2Fh4-5H%2C3H2%2C1-2H3,26.3444957733154,16.2699298858643,0.64710658788681,259.511291503906,1.0
InChI%3D1S%2FC17H19NO3%2Fc19-17%2818-10-4-1-5-11-18%297-3-2-6-14-8-9-15-16%2812-14%2921-13-20-15%2Fh2-3%2C6-9%2C12H%2C1%2C4-5%2C10-11%2C13H2%2Fb6-2-%2C7-3-,158.137619018555,46.0950660705566,0.199881196022034,576.768188476562,2.0
InChI%3D1S%2FC9H10O4%2Fc1-12-6-3-8%2811%297%285-10%299%284-6%2913-2%2Fh3-5%2C11H%2C1-2H3,56.9667625427246,25.7159309387207,0.265454649925232,268.901428222656,1.0
InChI%3D1S%2FC5H4N2O3%2Fc8-4-2-1-3-6-5%284%297%289%2910%2Fh1-3%2C8H,55.8071746826172,16.0731716156006,0.394323974847794,229.579345703125,1.0
InChI%3D1S%2FC13H13NO%2Fc14-12-7-4-8-13%289-12%2915-10-11-5-2-1-3-6-11%2Fh1-9H%2C10%2C14H2,109.871208190918,33.450309753418,0.30671900510788,509.160491943359,1.0
InChI%3D1S%2FC12H27N%2Fc1-3-5-7-9-11-13-12-10-8-6-4-2%2Fh13H%2C3-12H2%2C1-2H3,16.5012454986572,40.2234115600586,0.368350714445114,453.398132324219,1.0
InChI%3D1S%2FC7H14N2O2S%2Fc1-7%282%2C12-4%295-9-11-6%2810%298-3%2Fh5H%2C1-4H3%2C%28H%2C8%2C10%29,49.3651733398438,28.3591022491455,0.286701619625092,309.393768310547,2.0
InChI%3D1S%2FC8H16O%2Fc1-3-4-5-6-7-8%282%299%2Fh3-7H2%2C1-2H3,25.5594940185547,25.550687789917,0.516848385334015,336.693542480469,1.0
InChI%3D1S%2FC4H8O%2Fc1-2-4-5-3-1%2Fh1-4H2,15.2932271957397,13.1763439178467,0.874144494533539,274.131561279297,1.0
InChI%3D1S%2FC10H22S2%2Fc1-3-7-11-9-5-6-10-12-8-4-2%2Fh3-10H2%2C1-2H3,48.0677299499512,38.0694465637207,0.244894787669182,476.9091796875,0.0
InChI%3D1S%2FC6H8N2%2Fc7-5-3-1-2-4-6-8%2Fh1-4H2,51.6376495361328,18.0943431854248,0.436140477657318,282.360137939453,2.0
InChI%3D1S%2FC3HBr3N2%2Fc4-1-2%285%298-3%286%297-1%2Fh%28H%2C7%2C8%29,62.2574577331543,19.9639644622803,0.304477363824844,309.950897216797,2.0
InChI%3D1S%2FC12H10O3%2Fc13-9-1-5-11%286-2-9%2915-12-7-3-10%2814%294-8-12%2Fh1-8%2C13-14H,90.847297668457,30.1939296722412,0.285271525382996,312.549591064453,0.0
InChI%3D1S%2FC7H6O2%2Fc8-5-6-3-1-2-4-7%286%299%2Fh1-5%2C9H,44.7284545898438,17.9247589111328,0.419312238693237,239.768676757812,1.0
InChI%3D1S%2FC7H5BrO2%2Fc8-6-1-2-7%2810%295%283-6%294-9%2Fh1-4%2C10H,75.9943618774414,20.3079643249512,0.421178668737411,301.763916015625,1.0
InChI%3D1S%2FC9H16O%2Fc1-5-9%284%2C10%297-6-8%282%293%2Fh1%2C8%2C10H%2C6-7H2%2C2-4H3,45.5672836303711,27.3106880187988,0.458809375762939,382.271881103516,1.0
InChI%3D1S%2FC7H8O%2Fc1-6-2-4-7%288%295-3-6%2Fh2-5%2C8H%2C1H3,27.9942836761475,18.4563446044922,0.574418127536774,236.734420776367,0.0
InChI%3D1S%2FC8H8O%2Fc1-7-4-2-3-5-8%287%296-9%2Fh2-6H%2C1H3,37.3321914672852,20.216344833374,0.487374514341354,270.883239746094,1.0
InChI%3D1S%2FC8H7ClO2%2Fc1-11-8%2810%296-2-4-7%289%295-3-6%2Fh2-5H%2C1H3,70.404167175293,22.531551361084,0.361276686191559,343.463775634766,2.0
InChI%3D1S%2FC9H14O3%2Fc1-7%282%299%2810%2912-6-8-4-3-5-11-8%2Fh8H%2C1%2C3-6H2%2C2H3,35.4619979858398,27.5811023712158,0.335267573595047,314.0390625,3.0
InChI%3D1S%2FC7H4F3NO3%2Fc8-7%289%2C10%295-3-4%2812%291-2-6%285%2911%2813%2914%2Fh1-3%2C12H,103.685249328613,20.1641712188721,0.303528368473053,314.948455810547,0.0
InChI%3D1S%2FC7H6O3.Na%2Fc8-6-4-2-1-3-5%286%297%289%2910%3B%2Fh1-4%2C8H%2C%28H%2C9%2C10%29%3B%2Fq%3B%2B1%2Fp-1,,41.6599655151367,,,2.0
InChI%3D1S%2FC3H6Br2O%2Fc4-1-3%285%292-6%2Fh3%2C6H%2C1-2H2,58.8749504089355,16.1827583312988,0.587085962295532,258.707397460938,1.0
InChI%3D1S%2FC2HCl5%2Fc3-1%284%292%285%2C6%297%2Fh1H,101.334762573242,15.0867929458618,0.225695297122002,324.134490966797,0.0
InChI%3D1S%2FC8H10O%2Fc1-2-7-3-5-8%289%296-4-7%2Fh3-6%2C9H%2C2H2%2C1H3,37.9546852111816,21.5499305725098,0.53296959400177,285.590576171875,0.0
InChI%3D1S%2FC10H8O%2Fc11-10-7-3-5-8-4-1-2-6-9%288%2910%2Fh1-7%2C11H,47.234432220459,23.7363433837891,0.480864614248276,288.202209472656,0.0
InChI%3D1S%2FC4H5N%2Fc1-2-3-4-5%2Fh2H%2C1%2C3H2,43.0034217834473,11.4739646911621,0.594525456428528,249.127899169922,1.0
InChI%3D1S%2FC8H4F3N%2Fc9-8%2810%2C11%297-3-1-2-6%284-7%295-12%2Fh1-4H,94.6284103393555,19.5181713104248,0.272688388824463,330.754058837891,1.0
InChI%3D1S%2FC7H6N2O4%2Fc1-5-2-3-6%288%2810%2911%294-7%285%299%2812%2913%2Fh2-4H%2C1H3,94.909065246582,21.7287578582764,0.194819450378418,394.716217041016,0.0
InChI%3D1S%2FC7H6BrNO%2Fc8-6-3-1-2-5%284-6%297%289%2910%2Fh1-4H%2C%28H2%2C9%2C10%29,82.6427841186523,21.2727584838867,0.381090223789215,285.841461181641,2.0
InChI%3D1S%2FC8H6ClNO4%2Fc1-14-8%2811%296-3-2-5%289%294-7%286%2910%2812%2913%2Fh2-4H%2C1H3,105.026275634766,24.5687580108643,0.301402568817139,382.008361816406,2.0
InChI%3D1S%2FC10H24N4%2Fc11-3-1-5-13-7-9-14%2810-8-13%296-2-4-12%2Fh1-12H2,29.9023609161377,38.0030326843262,0.248686894774437,434.800018310547,4.0
InChI%3D1S%2FC10H18O4%2Fc1-3-13-9%2811%297-5-6-8-10%2812%2914-4-2%2Fh3-8H2%2C1-2H3,68.5682678222656,32.8102722167969,0.237101957201958,417.758239746094,4.0
InChI%3D1S%2FC6H4Cl2O%2Fc7-4-1-2-6%289%295%288%293-4%2Fh1-3%2C9H,72.3175582885742,18.3891716003418,0.520342409610748,272.440124511719,0.0
InChI%3D1S%2FC7H12O%2Fc8-7-4-5-1-2-6%287%293-5%2Fh5-8H%2C1-4H2%2Ft5-%2C6%2B%2C7%2B%2Fm0%2Fs1,17.2464160919189,21.1235160827637,0.640988647937775,270.232727050781,1.0
InChI%3D1S%2FC8H19NO%2Fc1-7%282%299%285-6-10%298%283%294%2Fh7-8%2C10H%2C5-6H2%2C1-4H3,21.1779232025146,28.6510677337646,0.443527340888977,317.300140380859,2.0
InChI%3D1S%2FC17H13N%2Fc1-3-8-14%289-4-1%2916-12-7-13-17%2818-16%2915-10-5-2-6-11-15%2Fh1-13H,124.508880615234,39.6883087158203,0.258456826210022,552.608459472656,1.0
InChI%3D1S%2FC8H19O3PS2%2Fc1-4-10-12%289%2C11-5-2%2914-8-7-13-6-3%2Fh4-8H2%2C1-3H3,65.3234481811523,38.5850677490234,0.251584976911545,408.93017578125,3.0
InChI%3D1S%2FC5H13N%2Fc1-4%282%295%283%296%2Fh4-5H%2C6H2%2C1-3H3,20.2595882415771,18.5683097839355,0.61592823266983,320.462677001953,1.0
InChI%3D1S%2FC16H22O4%2Fc1-3-5-11-19-15%2817%2913-9-7-8-10-14%2813%2916%2818%2920-12-6-4-2%2Fh7-10H%2C3-6%2C11-12H2%2C1-2H3,118.836357116699,46.0374450683594,0.18797579407692,595.712280273438,4.0
InChI%3D1S%2FC9H12%2Fc1-8%282%299-6-4-3-5-7-9%2Fh3-8H%2C1-2H3,32.0606994628906,23.841516494751,0.127306953072548,354.102752685547,0.0
InChI%3D1S%2FC6HCl5O%2Fc7-1-2%288%294%2810%296%2812%295%2811%293%281%299%2Fh12H,119.89640045166,22.9287929534912,0.362385421991348,324.4423828125,0.0
InChI%3D1S%2FC5H12ClN.ClH%2Fc1-7%282%295-3-4-6%3B%2Fh3-5H2%2C1-2H3%3B1H,,22.9283084869385,,,1.0
InChI%3D1S%2FC10H9NO6%2Fc1-16-9%2812%296-3-4-7%2810%2813%2917-2%298%285-6%2911%2814%2915%2Fh3-5H%2C1-2H3,108.330535888672,29.5131378173828,0.208062425255775,387.207763671875,4.0
InChI%3D1S%2FC5H4BrNO%2Fc6-5-4%288%292-1-3-7-5%2Fh1-3%2C8H,70.1059951782227,16.4191722869873,0.482346028089523,269.329528808594,1.0
InChI%3D1S%2FC4H8O%2Fc1-2-3-4-5%2Fh4H%2C2-3H2%2C1H3,26.1734752655029,13.1763439178467,0.72569751739502,248.552764892578,1.0
InChI%3D1S%2FC7H4ClNS2%2Fc8-4-1-2-6-5%283-4%299-7%2810%2911-6%2Fh1-3H%2C%28H%2C9%2C10%29,79.9817504882812,25.4007587432861,0.360843002796173,358.134918212891,1.0
InChI%3D1S%2FC6H3Cl4N%2Fc7-2-1-3%288%295%2810%296%2811%294%282%299%2Fh1H%2C11H2,96.0376052856445,22.3803787231445,0.366767317056656,343.526397705078,1.0
InChI%3D1S%2FC10H6N2O5.Na.2H2O%2Fc13-10-7-4-2-1-3-6%287%298%2811%2814%2915%295-9%2810%2912%2816%2917%3B%3B%3B%2Fh1-5%2C13H%3B%3B2%2A1H2%2Fq%3B%2B1%3B%3B%2Fp-1,,55.01513671875,,,2.0
InChI%3D1S%2FC10H17N%2Fc11-10-4-7-1-8%285-10%293-9%282-7%296-10%2Fh7-9H%2C1-6%2C11H2,8.0659408569336,30.0354804992676,0.477567970752716,331.759094238281,1.0
InChI%3D1S%2FC20H30O2%2Fc1-13%282%2914-6-8-16-15%2812-14%297-9-17-19%2816%2C3%2910-5-11-20%2817%2C4%2918%2821%2922%2Fh7%2C12-13%2C16-17H%2C5-6%2C8-11H2%2C1-4H3%2C%28H%2C21%2C22%29%2Ft16-%2C17%2B%2C19%2B%2C20%2B%2Fm0%2Fs1,72.8311080932617,56.807788848877,0.237873703241348,522.954711914062,2.0
InChI%3D1S%2FC15H12O%2Fc1-2-15%2816%2C13-9-5-3-6-10-13%2914-11-7-4-8-12-14%2Fh1%2C3-12%2C16H,92.1290283203125,35.2035140991211,0.324983388185501,450.179046630859,1.0
InChI%3D1S%2FC5H4ClNO%2Fc6-4-2-1-3-5%288%297-4%2Fh1-3H%2C%28H%2C7%2C8%29,50.3636894226074,15.5491724014282,0.463390409946442,214.084777832031,1.0
InChI%3D1S%2FC12H21N2O3PS%2Fc1-6-15-18%2819%2C16-7-2%2917-11-8-10%285%2913-12%2814-11%299%283%294%2Fh8-9H%2C6-7H2%2C1-5H3,57.374828338623,46.2586517333984,0.201694160699844,590.626708984375,4.0
InChI%3D1S%2FC8H10%2Fc1-7-3-5-8%282%296-4-7%2Fh3-6H%2C1-2H3,30.5941562652588,20.7479305267334,0.141303911805153,347.067016601562,0.0
InChI%3D1S%2FC6H5NO%2Fc8-5-6-2-1-3-7-4-6%2Fh1-5H,33.2243919372559,15.7959651947021,0.455542147159576,252.886459350586,2.0
InChI%3D1S%2FC8H19N%2Fc1-3-4-5-6-7-8%282%299%2Fh8H%2C3-7%2C9H2%2C1-2H3,12.3725614547729,27.8490676879883,0.471219152212143,367.884307861328,1.0
InChI%3D1S%2FC20H30O2%2Fc1-13%282%2914-6-8-16-15%2812-14%297-9-17-19%2816%2C3%2910-5-11-20%2817%2C4%2918%2821%2922%2Fh12%2C16-17H%2C5-11H2%2C1-4H3%2C%28H%2C21%2C22%29%2Ft16-%2C17%2B%2C19%2B%2C20%2B%2Fm0%2Fs1,61.7049560546875,56.807788848877,0.240299105644226,470.970764160156,2.0
InChI%3D1S%2FC10H18O2%2Fc1-2-3-4-5-6-9-7-8-10%2811%2912-9%2Fh9H%2C2-8H2%2C1H3,32.9737319946289,31.2062740325928,0.347093939781189,354.631042480469,2.0
InChI%3D1S%2FC12H16%2Fc1-5-10-6-8-11%289-7-10%2912%282%2C3%294%2Fh5-9H%2C1H2%2C2-4H3,42.7154426574707,31.788688659668,0.155320033431053,412.719512939453,0.0
InChI%3D1S%2FC11H15NO%2Fc1-3-12%284-2%2911-7-5-10%289-13%296-8-11%2Fh5-9H%2C3-4H2%2C1-2H3,45.2339935302734,31.26389503479,0.344407230615616,355.102416992188,2.0
InChI%3D1S%2FC7H3Br2NO%2Fc8-5-1-4%283-10%292-6%289%297%285%2911%2Fh1-2%2C11H,100.614059448242,22.3223781585693,0.420676082372665,288.103393554688,1.0
InChI%3D1S%2FC7H8O2%2Fc1-9-7-4-2-3-6%288%295-7%2Fh2-5%2C8H%2C1H3,35.721752166748,19.2583446502686,0.433552473783493,252.624633789062,0.0
InChI%3D1S%2FC10H10N2O2S%2Fc1-9-2-4-10%285-3-9%2915%2813%2C14%2912-7-6-11-8-12%2Fh2-8H%2C1H3,57.7029113769531,33.639102935791,0.254357188940048,342.310516357422,4.0
InChI%3D1S%2FC18H15OP%2Fc19-20%2816-10-4-1-5-11-16%2C17-12-6-2-7-13-17%2918-14-8-3-9-15-18%2Fh1-15H,121.699920654297,46.1138954162598,0.258827358484268,538.084228515625,1.0
InChI%3D1S%2FC5H6ClN3%2Fc1-3-2-4%286%299-5%287%298-3%2Fh2H%2C1H3%2C%28H2%2C7%2C8%2C9%29,44.2492294311523,20.9479293823242,0.283175587654114,301.244018554688,3.0
InChI%3D1S%2FC10H15NO2%2Fc12-8-6-11%287-9-13%2910-4-2-1-3-5-10%2Fh1-5%2C12-13H%2C6-9H2,56.9029159545898,30.3058948516846,0.296659052371979,345.473449707031,3.0
InChI%3D1S%2FC8H12O%2Fc1-2-8%289%296-4-3-5-7-8%2Fh1%2C9H%2C3-7H2,42.7244567871094,22.8835163116455,0.507853507995605,343.167755126953,1.0
InChI%3D1S%2FC11H16N2%2Fc1-2-4-11%285-3-1%2910-13-8-6-12-7-9-13%2Fh1-5%2C12H%2C6-10H2,52.682861328125,32.228687286377,0.332853883504868,432.231506347656,2.0
InChI%3D1S%2FC6H4N2O5%2Fc9-6-4%287%2810%2911%292-1-3-5%286%298%2812%2913%2Fh1-3%2C9H,101.846084594727,19.4371719360352,0.364541381597519,351.151733398438,0.0
InChI%3D1S%2FC7H8ClN%2Fc1-5-2-3-7%289%296%288%294-5%2Fh2-4H%2C9H2%2C1H3,48.735034942627,20.9343433380127,0.462675213813782,341.143615722656,1.0
InChI%3D1S%2FC3H4O%2Fc1-2-3-4%2Fh2-3H%2C1H2,43.3696060180664,8.74917221069336,0.704080760478973,266.272369384766,1.0
InChI%3D1S%2FC6H5NO3%2Fc8-6-3-1-5%282-4-6%297%289%2910%2Fh1-4%2C8H,64.9380340576172,17.3999652862549,0.492988258600235,265.707214355469,0.0
InChI%3D1S%2FC15H10O2%2Fc16-13-10-15%2811-6-2-1-3-7-11%2917-14-9-5-4-8-12%2813%2914%2Fh1-10H,81.389518737793,36.0055160522461,0.293444722890854,420.569488525391,1.0
InChI%3D1S%2FC10H18O%2Fc1-9%282%298-4-6-10%283%2C11-9%297-5-8%2Fh8H%2C4-7H2%2C1-3H3,10.0956983566284,30.4042739868164,0.588961839675903,346.676391601562,1.0
InChI%3D1S%2FC6H6ClN%2Fc7-5-1-3-6%288%294-2-5%2Fh1-4H%2C8H2,51.0590896606445,17.8407573699951,0.51353257894516,328.918426513672,1.0
InChI%3D1S%2F2C9H13N.H2O4S%2Fc2%2A1-8%2810%297-9-5-3-2-4-6-9%3B1-5%282%2C3%294%2Fh2%2A2-6%2C8H%2C7%2C10H2%2C1H3%3B%28H2%2C1%2C2%2C3%2C4%29,,58.658203125,,,6.0
InChI%3D1S%2FC7H12O%2Fc1-3-5-6-7%288%294-2%2Fh2%2C7-8H%2C3%2C5-6H2%2C1H3,43.8237724304199,21.1235160827637,0.500778317451477,319.740600585938,1.0
InChI%3D1S%2FC6H7N%2Fc1-6-4-2-3-5-7-6%2Fh2-5H%2C1H3,26.5492153167725,16.3275508880615,0.611802160739899,276.525451660156,1.0
InChI%3D1S%2FC6H10O%2Fc1-3-5-6%287%294-2%2Fh3-4%2C6-7H%2C1-2%2C5H2,32.3291854858398,18.0299301147461,0.518762111663818,288.276123046875,1.0
InChI%3D1S%2FC10H20O%2Fc1-7%282%299-5-4-8%283%296-10%289%2911%2Fh7-11H%2C4-6H2%2C1-3H3%2Ft8-%2C9%2B%2C10-%2Fm1%2Fs1,15.005425453186,31.7378597259521,0.492011576890945,339.20947265625,1.0
InChI%3D1S%2FC13H11NO2%2Fc15-12-9-5-4-8-11%2812%2913%2816%2914-10-6-2-1-3-7-10%2Fh1-9%2C15H%2C%28H%2C14%2C16%29,80.0326461791992,32.9187240600586,0.260224342346191,332.674468994141,2.0
InChI%3D1S%2FC12H9NO%2Fc14-12%2810-4-2-1-3-5-10%2911-6-8-13-9-7-11%2Fh1-9H,81.5994110107422,29.023136138916,0.31835675239563,387.727386474609,2.0
InChI%3D1S%2FC7H7NO2%2Fc1-6-3-2-4-7%285-6%298%289%2910%2Fh2-5H%2C1H3,60.0745010375977,19.6915512084961,0.243740737438202,358.485137939453,0.0
InChI%3D1S%2FC4H5N%2Fc1-2-4-5-3-1%2Fh1-5H,30.3240947723389,14.1411371231079,0.784664988517761,292.961853027344,1.0
InChI%3D1S%2FC7H5ClN2%2Fc8-6-1-2-7%2810%295%283-6%294-9%2Fh1-3H%2C10H2,75.810302734375,20.0339641571045,0.385465145111084,322.637390136719,2.0
InChI%3D1S%2FC6H12O2%2Fc1-5%287%298-6%282%2C3%294%2Fh1-4H3,21.012020111084,20.1655158996582,0.453695327043533,302.544067382812,2.0
InChI%3D1S%2FC12H8O%2Fc1-3-7-11-9%285-1%2910-6-2-4-8-12%2810%2913-11%2Fh1-8H,50.940372467041,27.2563438415527,0.432092308998108,344.602569580078,0.0
InChI%3D1S%2FC13H20O%2Fc1-10-6-5-9-13%283%2C4%2912%2810%298-7-11%282%2914%2Fh7-8H%2C5-6%2C9H2%2C1-4H3,46.5091285705566,37.0178604125977,0.381623536348343,431.557312011719,1.0
InChI%3D1S%2FC18H15O4P%2Fc19-23%2820-16-10-4-1-5-11-16%2C21-17-12-6-2-7-13-17%2922-18-14-8-3-9-15-18%2Fh1-15H,201.2138671875,48.5198936462402,0.145495057106018,579.91796875,1.0
InChI%3D1S%2FC11H15NO%2Fc1-11%282%2C3%299-6-4-8%285-7-9%2910%2812%2913%2Fh4-7H%2C1-3H3%2C%28H2%2C12%2C13%29,55.5707664489746,31.26389503479,0.28043520450592,365.749816894531,2.0
InChI%3D1S%2FC10H22O%2Fc1-2-3-4-5-6-7-8-9-10-11%2Fh11H%2C2-10H2%2C1H3,51.7573356628418,33.0714454650879,0.457969725131989,505.379425048828,1.0
InChI%3D1S%2FC9H12O2%2Fc1-7-8%2810-2%295-4-6-9%287%2911-3%2Fh4-6H%2C1-3H3,24.6562366485596,25.4455165863037,0.409353107213974,372.395111083984,0.0
InChI%3D1S%2FC14H20O3%2Fc1-3-4-5-6-9-17-13-8-7-12%2811-15%2910-14%2813%2916-2%2Fh7-8%2C10-11H%2C3-6%2C9H2%2C1-2H3,72.5845031738281,40.3818588256836,0.258870452642441,523.186645507812,1.0
InChI%3D1S%2FC2H3Cl3O%2Fc3-2%284%2C5%291-6%2Fh6H%2C1H2,59.5744857788086,12.8623790740967,0.532485544681549,227.343673706055,1.0
InChI%3D1S%2FN3.Na%2Fc1-3-2%3B%2Fq-1%3B%2B1,,28.233585357666,,,3.0
InChI%3D1S%2FC7H6N2O5%2Fc1-4-2-5%288%2811%2912%293-6%287%284%2910%299%2813%2914%2Fh2-3%2C10H%2C1H3,88.7529907226562,22.5307579040527,0.379169851541519,339.846466064453,0.0
InChI%3D1S%2FC6H11NO%2Fc8-7-6-4-2-1-3-5-6%2Fh8H%2C1-5H2,27.4712066650391,19.7967224121094,0.455906242132187,270.200042724609,0.0
InChI%3D1S%2FC8H19N%2Fc1-2-3-4-5-6-7-8-9%2Fh2-9H2%2C1H3,13.3903932571411,27.8490676879883,0.464744687080383,374.888061523438,1.0
InChI%3D1S%2FC7H8%2Fc1-7-5-3-2-4-6-7%2Fh2-6H%2C1H3,29.2350959777832,17.6543445587158,0.157267838716507,301.822631835938,0.0
InChI%3D1S%2FC8H9NO2%2Fc1-6%2810%299-7-3-2-4-8%2811%295-7%2Fh2-5%2C11H%2C1H3%2C%28H%2C9%2C10%29,45.2255058288574,22.7851371765137,0.337012231349945,224.434265136719,2.0
InChI%3D1S%2FC2H3Cl3%2Fc3-1-2%284%295%2Fh2H%2C1H2,77.7450408935547,12.0603790283203,0.371445685625076,360.982208251953,0.0
InChI%3D1S%2FC9H13N%2Fc1-2-10-8-9-6-4-3-5-7-9%2Fh3-7%2C10H%2C2%2C8H2%2C1H3,38.998363494873,25.6083087921143,0.443287938833237,389.159271240234,1.0
InChI%3D1S%2FC10H22O%2Fc1-3-5-7-9-11-10-8-6-4-2%2Fh3-10H2%2C1-2H3,30.4391326904297,33.0714454650879,0.484924793243408,513.841003417969,1.0
InChI%3D1S%2FC4H6O%2Fc1-2-3-4-5%2Fh5H%2C4H2%2C1H3,44.7209129333496,11.8427581787109,0.678773164749146,247.842864990234,1.0
InChI%3D1S%2FC12H11NO2%2Fc1-13-12%2814%2915-11-8-4-6-9-5-2-3-7-10%289%2911%2Fh2-8H%2C1H3%2C%28H%2C13%2C14%29,76.3515853881836,31.1587238311768,0.264996498823166,366.065521240234,2.0
InChI%3D1S%2FC11H22O%2Fc1-3-4-5-6-7-8-9-10-11%282%2912%2Fh3-10H2%2C1-2H3,28.1538791656494,34.8314476013184,0.405153214931488,424.366180419922,1.0
InChI%3D1S%2FC6H5Cl%2Fc7-6-4-2-1-3-5-6%2Fh1-5H,40.611270904541,16.0739650726318,0.337058454751968,281.680511474609,0.0
InChI%3D1S%2FC4H6O%2Fc1-3-4%282%295%2Fh1%2C4-5H%2C2H3,73.6843948364258,11.8427581787109,0.633866548538208,326.024139404297,1.0
InChI%3D1S%2FC6H5ClO%2Fc7-5-1-3-6%288%294-2-5%2Fh1-4%2C8H,56.8219375610352,16.8759651184082,0.580948829650879,281.518371582031,0.0
InChI%3D1S%2FC10H11BrO3%2Fc1-13-7-3-4-10%2814-2%298%285-7%299%2812%296-11%2Fh3-5H%2C6H2%2C1-2H3,72.7479782104492,30.3907222747803,0.290784299373627,383.994262695312,1.0
InChI%3D1S%2FC6H4N2O5%2Fc9-6-2-1-4%287%2810%2911%293-5%286%298%2812%2913%2Fh1-3%2C9H,84.4047775268555,19.4371719360352,0.38882240653038,306.030670166016,0.0
InChI%3D1S%2FC6H4Cl3N%2Fc7-3-1-2-4%2810%296%289%295%283%298%2Fh1-2H%2C10H2,90.5986328125,20.8671722412109,0.398700773715973,345.553924560547,1.0
InChI%3D1S%2FC7H9NO%2Fc1-6%289%297-4-3-5-8%287%292%2Fh3-5H%2C1-2H3,16.2560024261475,20.8899307250977,0.497509658336639,296.279144287109,1.0
InChI%3D1S%2FC11H17O4PS2%2Fc1-4-13-16%2817%2C14-5-2%2915-10-6-8-11%289-7-10%2918%283%2912%2Fh6-9H%2C4-5H2%2C1-3H3,90.9158325195312,43.3334808349609,0.225085705518723,536.782165527344,3.0
InChI%3D1S%2FC5H8N4%2Fc1-3-4%282%298-9-5%286%297-3%2Fh1-2H3%2C%28H2%2C6%2C7%2C9%29,23.5805511474609,21.2015151977539,0.257808536291122,263.398223876953,4.0
InChI%3D1S%2FC5H5BrN2%2Fc6-4-1-2-5%287%298-3-4%2Fh1-3H%2C%28H2%2C7%2C8%29,39.4627304077148,20.0511379241943,0.399423480033875,290.143859863281,2.0
InChI%3D1S%2FC9H20O%2Fc1-2-3-4-5-6-7-8-9-10%2Fh10H%2C2-9H2%2C1H3,17.7389144897461,29.9778594970703,0.488007932901382,365.141540527344,1.0
InChI%3D1S%2FC7H15NO%2Fc1-6%287%282%299%295-8%283%294%2Fh6H%2C5H2%2C1-4H3,25.3102149963379,24.2238941192627,0.444196999073029,325.039672851562,2.0
InChI%3D1S%2FC10H21N%2Fc1-3-11%284-2%2910-8-6-5-7-9-10%2Fh10H%2C3-9H2%2C1-2H3,9.40541076660156,32.7026519775391,0.465961277484894,387.442993164062,1.0
InChI%3D1S%2FC8H8O%2Fc1-2-4-8-7%283-1%295-6-9-8%2Fh1-4H%2C5-6H2,36.6291580200195,20.216344833374,0.604933142662048,309.133148193359,0.0
InChI%3D1S%2FC5H10O2%2Fc1-3-4-7-5%282%296%2Fh3-4H2%2C1-2H3,20.2954845428467,17.0719299316406,0.46658119559288,247.259155273438,2.0
InChI%3D1S%2FC6H14S2%2Fc1-3-5-7-8-6-4-2%2Fh3-6H2%2C1-2H3,32.6871490478516,25.6951026916504,0.229195594787598,379.786773681641,0.0
InChI%3D1S%2FC6H3Cl3O%2Fc7-3-1-4%288%296%2810%295%289%292-3%2Fh1-2%2C10H,100.81364440918,19.9023780822754,0.46854367852211,320.834716796875,0.0
InChI%3D1S%2FC9H21N%2Fc1-4-7-10%288-5-2%299-6-3%2Fh4-9H2%2C1-3H3,22.2433166503906,30.9426536560059,0.480688333511353,429.44140625,1.0
InChI%3D1S%2FC8H10N4O2%2Fc1-10-4-9-6-5%2810%297%2813%2912%283%298%2814%2911%286%292%2Fh4H%2C1-3H3,40.9714431762695,29.4191017150879,0.190361648797989,322.483795166016,6.0
InChI%3D1S%2FC4H12N.ClH%2Fc1-5%282%2C3%294%3B%2Fh1-4H3%3B1H%2Fq%2B1%3B%2Fp-1,,18.3215160369873,,,0.0
InChI%3D1S%2FC9H13N%2Fc1-10%282%298-9-6-4-3-5-7-9%2Fh3-7H%2C8H2%2C1-2H3,28.8967590332031,25.6083087921143,0.459243059158325,359.105316162109,1.0
InChI%3D1S%2FC6H9NO%2Fc1-4-5%282%298-6%283%297-4%2Fh1-3H3,19.3976135253906,21.1303081512451,0.474806219339371,313.400299072266,2.0
InChI%3D1S%2FC12H12N2%2Fc1%2811-3-7-13-8-4-11%292-12-5-9-14-10-6-12%2Fh3-10H%2C1-2H2,48.1045455932617,31.3215160369873,0.319557011127472,386.640594482422,2.0
InChI%3D1S%2FC7H10O2%2Fc1-4-5-9-7%288%296%282%293%2Fh4H%2C1-2%2C5H2%2C3H3,45.2347717285156,20.5919303894043,0.358534932136536,344.88916015625,2.0
InChI%3D1S%2FC20H28O2%2Fc1-13%282%2914-6-8-16-15%2812-14%297-9-17-19%2816%2C3%2910-5-11-20%2817%2C4%2918%2821%2922%2Fh6%2C8%2C12-13%2C17H%2C5%2C7%2C9-11H2%2C1-4H3%2C%28H%2C21%2C22%29%2Ft17-%2C19-%2C20-%2Fm1%2Fs1,68.645393371582,51.473445892334,0.239072218537331,507.632446289062,2.0
InChI%3D1S%2FC5H12N2%2Fc1-7-4-2-6-3-5-7%2Fh6H%2C2-5H2%2C1H3,9.38229274749756,19.0015163421631,0.498373985290527,301.720977783203,2.0
InChI%3D1S%2FC3H6O%2Fc1-2-3-4%2Fh2%2C4H%2C1%2C3H2,34.78271484375,10.0827579498291,0.701161861419678,241.581634521484,1.0
InChI%3D1S%2FC6H4N2%2Fc7-5-6-3-1-2-4-8-6%2Fh1-4H,60.3821754455566,15.4271717071533,0.407264024019241,274.241729736328,2.0
InChI%3D1S%2FC7H6O%2Fc8-6-7-4-2-1-3-5-7%2Fh1-6H,55.9671173095703,17.1227588653564,0.507710754871368,311.317077636719,1.0
InChI%3D1S%2FC9H13BrN2O2%2Fc1-4-5%282%2912-8%2813%297%2810%296%283%2911-9%2812%2914%2Fh5H%2C4H2%2C1-3H3%2C%28H%2C11%2C14%29,53.8894577026367,34.0294799804688,0.251945078372955,346.53857421875,4.0
InChI%3D1S%2FC6H12O%2Fc1-5%282%294-6%283%297%2Fh5H%2C4H2%2C1-3H3,20.1960487365723,19.3635158538818,0.637060701847076,269.247283935547,1.0
InChI%3D1S%2FC7H10N2%2Fc1-9%282%297-5-3-4-6-8-7%2Fh3-6H%2C1-2H3,26.5472602844238,21.1879291534424,0.40827602148056,310.406433105469,2.0
InChI%3D1S%2FC13H10ClNO%2Fc14-10-7-5-9%286-8-10%2913%2816%2911-3-1-2-4-12%2811%2915%2Fh1-8H%2C15H2,107.000480651855,33.6299285888672,0.273009747266769,440.677185058594,2.0
InChI%3D1S%2FC8H8O%2Fc1-7%289%298-5-3-2-4-6-8%2Fh2-6H%2C1H3,40.979679107666,20.216344833374,0.50446617603302,295.155792236328,1.0
InChI%3D1S%2FC8H18S%2Fc1-3-5-7-9-8-6-4-2%2Fh3-8H2%2C1-2H3,23.0414848327637,28.9822731018066,0.320008009672165,399.311676025391,0.0
InChI%3D1S%2FC10H18O%2Fc1-9%282%297-4-5-10%289%2C3%298%2811%296-7%2Fh7-8%2C11H%2C4-6H2%2C1-3H3%2Ft7-%2C8%2B%2C10%2B%2Fm0%2Fs1,16.3884353637695,30.4042739868164,0.528392553329468,302.048828125,1.0
InChI%3D1S%2FC6H12O%2Fc1-3-4-6%282%295-7%2Fh5-6H%2C3-4H2%2C1-2H3,22.6708889007568,19.3635158538818,0.577921748161316,293.226409912109,1.0
InChI%3D1S%2FC8H18O%2Fc1-3-5-7-9-8-6-4-2%2Fh3-8H2%2C1-2H3,11.2918853759766,26.8842735290527,0.560956358909607,365.507873535156,1.0
InChI%3D1S%2FC8H9NO2%2Fc1-11-7-5-3-2-4-6%287%298%289%2910%2Fh2-5H%2C1H3%2C%28H2%2C9%2C10%29,52.016357421875,22.7851371765137,0.297381103038788,264.720581054688,2.0
InChI%3D1S%2FC11H17NO%2Fc1-3-12%287-8-13%2911-6-4-5-10%282%299-11%2Fh4-6%2C9%2C13H%2C3%2C7-8H2%2C1-2H3,60.110538482666,32.5974807739258,0.389753848314285,406.152557373047,2.0
InChI%3D1S%2FC2H3Cl3%2Fc1-2%283%2C4%295%2Fh1H3,75.8095703125,12.0603790283203,0.332887500524521,306.366607666016,0.0
InChI%3D1S%2FC12H10O2%2Fc13-10-6-8-12%289-7-10%2914-11-4-2-1-3-5-11%2Fh1-9%2C13H,92.266372680664,29.3919296264648,0.349955379962921,383.456817626953,0.0
InChI%3D1S%2FC6H10O%2Fc7-6-4-2-1-3-5-6%2Fh1-5H2,22.3863220214844,18.0299301147461,0.673323392868042,281.489440917969,1.0
InChI%3D1S%2FC6H13Br%2Fc1-2-3-4-5-6-7%2Fh2-6H2%2C1H3,34.5576171875,22.2783088684082,0.351452738046646,388.707275390625,0.0
InChI%3D1S%2FC7H14O%2Fc1-6%282%294-5-7%283%298%2Fh6H%2C4-5H2%2C1-3H3,39.2340927124023,22.4571018218994,0.574389457702637,326.608612060547,1.0
InChI%3D1S%2FC9H19NO%2Fc1-4-10%285-2%298-6-7-9%283%2911%2Fh4-8H2%2C1-3H3,24.962646484375,30.4110660552979,0.400769293308258,356.888427734375,2.0
InChI%3D1S%2FC14H23N%2Fc1-2-3-4-5-6-7-8-13-9-11-14%2815%2912-10-13%2Fh9-12H%2C2-8%2C15H2%2C1H3,44.0713119506836,41.0762405395508,0.313850402832031,512.122314453125,1.0
InChI%3D1S%2F2C21H22N2O2.H2O4S%2Fc2%2A24-18-10-16-19-13-9-17-21%286-7-22%2817%2911-12%2813%295-8-25-16%2914-3-1-2-4-15%2814%2923%2818%2920%2819%2921%3B1-5%282%2C3%294%2Fh2%2A1-5%2C13%2C16-17%2C19-20H%2C6-11H2%3B%28H2%2C1%2C2%2C3%2C4%29%2Ft2%2A13-%2C16-%2C17-%2C19%3F%2C20-%2C21%2B%3B%2Fm00.%2Fs1,,118.308479309082,,,12.0
InChI%3D1S%2FC10H12O4%2Fc1-12-8-5-10%2814-3%299%2813-2%294-7%288%296-11%2Fh4-6H%2C1-3H3,49.577766418457,28.8095169067383,0.257154077291489,383.436553955078,1.0
InChI%3D1S%2FC10H18O%2Fc1-2-3-4-5-6-7-8-9-10-11%2Fh11H%2C2-7%2C10H2%2C1H3,67.5703659057617,30.4042739868164,0.435015439987183,479.451507568359,1.0
InChI%3D1S%2FC12H14O4%2Fc1-3-15-11%2813%299-7-5-6-8-10%289%2912%2814%2916-4-2%2Fh5-8H%2C3-4H2%2C1-2H3,98.7254638671875,33.6631011962891,0.216043516993523,448.394714355469,4.0
InChI%3D1S%2FC7H7F%2Fc1-6-4-2-3-5-7%286%298%2Fh2-5H%2C1H3,35.093204498291,17.5445518493652,0.446474432945251,264.712585449219,0.0
InChI%3D1S%2FC6H5Cl2N%2Fc7-5-2-1-4%289%293-6%285%298%2Fh1-3H%2C9H2,72.3526611328125,19.3539657592773,0.463573008775711,347.345733642578,1.0
InChI%3D1S%2FC8H6ClNO3%2Fc1-5%2811%296-2-3-7%289%298%284-6%2910%2812%2913%2Fh2-4H%2C1H3,84.3603744506836,23.7667579650879,0.377435147762299,329.060699462891,1.0
InChI%3D1S%2FC6H5N3O4%2Fc7-5-2-1-4%288%2810%2911%293-6%285%299%2812%2913%2Fh1-3H%2C7H2,75.1587982177734,20.4019641876221,0.342803776264191,332.977935791016,1.0
InChI%3D1S%2FC2H3F3O%2Fc3-2%284%2C5%291-6%2Fh6H%2C1H2,39.5367546081543,7.99337911605835,0.433564394712448,183.290893554688,1.0
InChI%3D1S%2FC6H10O3%2Fc1-3-6%288%299-4-5%282%297%2Fh3%2C5%2C7H%2C1%2C4H2%2C2H3,36.4970893859863,19.6339302062988,0.358029544353485,272.586669921875,3.0
InChI%3D1S%2FC9H21N%2Fc1-2-3-4-5-6-7-8-9-10%2Fh2-10H2%2C1H3,13.5588998794556,30.9426536560059,0.432430922985077,404.171112060547,1.0
InChI%3D1S%2FC7HF5O%2Fc8-3-2%281-13%294%289%296%2811%297%2812%295%283%2910%2Fh1H,96.5527954101562,16.5737934112549,0.228176265954971,125.688545227051,1.0
InChI%3D1S%2FC6H12O%2Fc1-2-3-4-5-6-7%2Fh6H%2C2-5H2%2C1H3,23.0756797790527,19.3635158538818,0.577871263027191,325.089721679688,1.0
InChI%3D1S%2FC12H15NO3%2Fc1-12%282%297-8-5-4-6-9%2810%288%2916-12%2915-11%2814%2913-3%2Fh4-6H%2C7H2%2C1-3H3%2C%28H%2C13%2C14%29,59.8512229919434,34.6278953552246,0.240300014615059,353.571044921875,2.0
InChI%3D1S%2FC4H9NO%2Fc1-3-4%282%295-6%2Fh6H%2C3H2%2C1-2H3,29.4576206207275,14.9431371688843,0.520833790302277,263.304656982422,0.0
InChI%3D1S%2FC8H10O2%2Fc1-9-7-3-5-8%2810-2%296-4-7%2Fh3-6H%2C1-2H3,40.8395385742188,22.3519306182861,0.428198307752609,331.830444335938,0.0
InChI%3D1S%2FC2H4O%2Fc1-2-3%2Fh2H%2C1H3,31.4138317108154,6.98917198181152,0.971684873104095,231.91162109375,1.0
InChI%3D1S%2FC9H9N%2Fc1-7-6-10-9-5-3-2-4-8%287%299%2Fh2-6%2C10H%2C1H3,31.9622459411621,24.2747230529785,0.481080412864685,339.990051269531,1.0
InChI%3D1S%2FC3H9NO%2Fc1-5-3-2-4%2Fh2-4H2%2C1H3,18.4023818969727,13.1831369400024,0.538345456123352,270.511901855469,2.0
InChI%3D1S%2FC8H11N%2Fc1-9%282%298-6-4-3-5-7-8%2Fh3-7H%2C1-2H3,28.9088459014893,22.5147228240967,0.493833303451538,321.896850585938,1.0
InChI%3D1S%2FC6H8O%2Fc1-5-3-4-6%282%297-5%2Fh3-4H%2C1-2H3,,16.6963443756104,,,0.0
InChI%3D1S%2FC12H10%2Fc1-3-9-4-2-6-11-8-7-10%285-1%2912%289%2911%2Fh1-6H%2C7-8H2,43.248104095459,27.7879295349121,0.122065909206867,369.081451416016,0.0
InChI%3D1S%2FC5H13N%2Fc1-5%282%2C3%294-6%2Fh4%2C6H2%2C1-3H3,10.690845489502,18.5683097839355,0.617441117763519,258.939971923828,1.0
InChI%3D1S%2FC8H10O%2Fc1-6-3-4-8%289%297%282%295-6%2Fh3-5%2C9H%2C1-2H3,31.7219944000244,21.5499305725098,0.554238498210907,284.003387451172,0.0
InChI%3D1S%2FC3H6Cl2%2Fc1-3%285%292-4%2Fh3H%2C2H2%2C1H3,46.773323059082,13.64075756073,0.449470728635788,327.360015869141,0.0
InChI%3D1S%2FC6H7N%2Fc1-6-2-4-7-5-3-6%2Fh2-5H%2C1H3,19.8353404998779,16.3275508880615,0.60963761806488,272.997924804688,1.0
InChI%3D1S%2FC4H6O2%2Fc5-3-1-2-4-6%2Fh5-6H%2C3-4H2,32.3734817504883,12.6447582244873,0.420636683702469,160.652435302734,2.0
InChI%3D1S%2FC5H10O%2Fc1-3-4-5%282%296%2Fh3-4H2%2C1-2H3,21.9448986053467,16.2699298858643,0.714009404182434,254.886581420898,1.0
InChI%3D1S%2FC9H11NO%2Fc1-10%282%299-5-3-8%287-11%294-6-9%2Fh3-7H%2C1-2H3,41.4374885559082,25.0767230987549,0.380082637071609,301.879241943359,2.0
InChI%3D1S%2FC3H2F6O%2Fc4-2%285%2C6%291%2810%293%287%2C8%299%2Fh1%2C10H,69.8404388427734,10.7575855255127,0.272291779518127,231.931671142578,1.0
InChI%3D1S%2FC8H6Br4%2Fc9-7%2810%295-3-1-2-4-6%285%298%2811%2912%2Fh1-4%2C7-8H,129.965789794922,30.2807579040527,0.162995100021362,413.664489746094,0.0
InChI%3D1S%2FC10H10O2%2Fc1-8%2811%297-10%2812%299-5-3-2-4-6-9%2Fh2-6H%2C7H2%2C1H3,54.6952209472656,25.8719291687012,0.33776119351387,299.059051513672,2.0
InChI%3D1S%2FC6H6ClN%2Fc7-5-3-1-2-4-6%285%298%2Fh1-4H%2C8H2,52.1590957641602,17.8407573699951,0.479131400585175,309.269866943359,1.0
InChI%3D1S%2FC6H2Cl4O%2Fc7-2-1-3%2811%295%289%296%2810%294%282%298%2Fh1%2C11H,102.749382019043,21.4155864715576,0.413545697927475,300.143035888672,0.0
InChI%3D1S%2FC6H12N2%2Fc1-2-8-5-3-7%281%294-6-8%2Fh1-6H2,5.92992925643921,20.7615165710449,0.5,267.0107421875,2.0
InChI%3D1S%2FC6HCl3N2O4%2Fc7-2-1-3%288%296%2811%2814%2915%294%289%295%282%2910%2812%2913%2Fh1H,143.326095581055,23.1747932434082,0.142810046672821,411.185302734375,0.0
InChI%3D1S%2FC14H14OS%2Fc15-16%2811-13-7-3-1-4-8-13%2912-14-9-5-2-6-10-14%2Fh1-10H%2C11-12H2,89.9090423583984,37.6771011352539,0.276937991380692,466.898101806641,1.0
InChI%3D1S%2FC8H6Cl2O2%2Fc1-12-8%2811%296-4-5%289%292-3-7%286%2910%2Fh2-4H%2C1H3,80.8144607543945,24.0447578430176,0.339994519948959,331.858795166016,2.0
InChI%3D1S%2FC14H20ClNO2%2Fc1-4-11-7-6-8-12%285-2%2914%2811%2916%2810-18-3%2913%2817%299-15%2Fh6-8H%2C4-5%2C9-10H2%2C1-3H3,75.4894256591797,42.8598594665527,0.260415077209473,458.057098388672,3.0
InChI%3D1S%2FC9H14N.CH4O4S%2Fc1-10%282%2C3%299-7-5-4-6-8-9%3B1-5-6%282%2C3%294%2Fh4-8H%2C1-3H3%3B1H3%2C%28H%2C2%2C3%2C4%29%2Fq%2B1%3B%2Fp-1,,36.143482208252,,,4.0
InChI%3D1S%2FC6H3I3O%2Fc7-3-1-4%288%296%2810%295%289%292-3%2Fh1-2%2C10H,145.359420776367,29.4123783111572,0.653269469738007,384.840087890625,0.0
InChI%3D1S%2FC2H4Cl2%2Fc3-1-2-4%2Fh1-2H2,34.5434494018555,10.5471715927124,0.5,238.067016601562,0.0
InChI%3D1S%2FC9H10O2%2Fc1-2-11-9-5-3-8%287-10%294-6-9%2Fh3-7H%2C2H2%2C1H3,41.2762107849121,24.111930847168,0.40962690114975,306.486419677734,1.0
InChI%3D1S%2FC12H10OS%2Fc13-14%2811-7-3-1-4-8-11%2912-9-5-2-6-10-12%2Fh1-10H,70.6429443359375,31.4899291992188,0.311061859130859,404.864135742188,1.0
InChI%3D1S%2FC5H12O%2Fc1-2-3-4-5-6%2Fh6H%2C2-5H2%2C1H3,10.8126564025879,17.603515625,0.661579966545105,246.724853515625,1.0
InChI%3D1S%2FC6H6FN%2Fc7-5-1-3-6%288%294-2-5%2Fh1-4H%2C8H2,36.3730850219727,16.2177581787109,0.471541583538055,227.316802978516,1.0
InChI%3D1S%2FC5H8O3%2Fc1-2-5%287%298-4-3-6%2Fh2%2C6H%2C1%2C3-4H2,40.0298156738281,16.5403442382812,0.372160762548447,220.149597167969,3.0
InChI%3D1S%2FC6H2F5N%2Fc7-1-2%288%294%2810%296%2812%295%2811%293%281%299%2Fh12H2,82.1931381225586,15.7785863876343,0.228948265314102,259.762359619141,1.0
InChI%3D1S%2FC12H18N2O3.Na%2Fc1-4-6-8%283%2912%287-5-2%299%2815%2913-11%2817%2914-10%2812%2916%3B%2Fh5%2C8H%2C2%2C4%2C6-7H2%2C1%2C3H3%2C%28H2%2C13%2C14%2C15%2C16%2C17%29%3B%2Fq%3B%2B1%2Fp-1,,60.6614799499512,,,5.0
InChI%3D1S%2FC13H10Cl2O2%2Fc14-10-1-3-12%2816%298%286-10%295-9-7-11%2815%292-4-13%289%2917%2Fh1-4%2C6-7%2C16-17H%2C5H2,122.816055297852,35.5119285583496,0.301302284002304,397.829864501953,0.0
InChI%3D1S%2FC9H18O%2Fc1-3-5-7-9%2810%298-6-4-2%2Fh3-8H2%2C1-2H3,60.3314361572266,28.6442737579346,0.47148671746254,478.053833007812,1.0
InChI%3D1S%2FC7H11ClO4%2Fc1-3-11-6%289%295%288%297%2810%2912-4-2%2Fh5H%2C3-4H2%2C1-2H3,63.3429832458496,25.0427227020264,0.226982742547989,300.280853271484,4.0
InChI%3D1S%2F2C4H7Cl3O.H2O%2Fc2%2A1-3%282%2C8%294%285%2C6%297%3B%2Fh2%2A8H%2C1-2H3%3B1H2,,40.2346878051758,,,3.0
InChI%3D1S%2FC12H8ClNO3%2Fc13-9-5-7-10%288-6-9%2917-12-4-2-1-3-11%2812%2914%2815%2916%2Fh1-8H,129.445510864258,32.1403427124023,0.308893978595734,475.668762207031,0.0
InChI%3D1S%2FC6H12O%2Fc1-3-5-6%287%294-2%2Fh4%2C6-7H%2C2-3%2C5H2%2C1H3,23.5778865814209,19.3635158538818,0.559560000896454,284.62890625,1.0
InChI%3D1S%2FC5Cl5N%2Fc6-1-2%287%294%289%2911-5%2810%293%281%298,120.443374633789,20.7999992370605,0.260772943496704,348.213043212891,1.0
InChI%3D1S%2FC12H27N%2Fc1-2-3-4-5-6-7-8-9-10-11-12-13%2Fh2-13H2%2C1H3,28.5358047485352,40.2234115600586,0.357797801494598,515.986083984375,1.0
InChI%3D1S%2FC7H6Cl2O2%2Fc1-11-7-3-5%289%294%288%292-6%287%2910%2Fh2-3%2C10H%2C1H3,68.1575317382812,22.2847576141357,0.370684623718262,289.322509765625,0.0
InChI%3D1S%2FC8H14O3%2Fc1-4-10-5-6-11-8%289%297%282%293%2Fh2%2C4-6H2%2C1%2C3H3,50.8727416992188,25.821102142334,0.339600324630737,395.675018310547,3.0
InChI%3D1S%2FC10H15BrO%2Fc1-9%282%296-4-5-10%289%2C3%298%2812%297%286%2911%2Fh6-7H%2C4-5H2%2C1-3H3,43.5972709655762,31.4538955688477,0.416658699512482,329.421844482422,1.0
InChI%3D1S%2FC6H11BrO%2Fc7-5-6-3-1-2-4-8-6%2Fh6H%2C1-5H2,25.1652851104736,21.7467231750488,0.606658339500427,305.838989257812,1.0
InChI%3D1S%2FC2H8N2%2Fc1-4%282%293%2Fh3H2%2C1-2H3,7.28307580947876,11.0543441772461,0.515679061412811,215.087371826172,2.0
InChI%3D1S%2FC10H10O%2Fc1-3-10%282%2C11%299-7-5-4-6-8-9%2Fh1%2C4-8%2C11H%2C2H3,54.963005065918,25.0699291229248,0.425906836986542,340.972625732422,1.0
InChI%3D1S%2FC12H22O4%2Fc1-3-5-9-15-11%2813%297-8-12%2814%2916-10-6-4-2%2Fh3-10H2%2C1-2H3,64.9758148193359,38.997444152832,0.216248527169228,420.933258056641,4.0
InChI%3D1S%2FC13H10O2%2Fc14-10-11-6-8-13%289-7-11%2915-12-4-2-1-3-5-12%2Fh1-10H,83.4986953735352,31.1519298553467,0.307006597518921,410.55322265625,1.0
InChI%3D1S%2FC9H18O2%2Fc1-2-3-4-5-6-7-8-9%2810%2911%2Fh2-8H2%2C1H3%2C%28H%2C10%2C11%29,49.1044654846191,29.4462738037109,0.339877158403397,365.830963134766,2.0
InChI%3D1S%2FC5H12N2%2Fc1-5-4-6-2-3-7-5%2Fh5-7H%2C2-4H2%2C1H3,7.89921283721924,19.0015163421631,0.465595871210098,289.420043945312,2.0
InChI%3D1S%2FC7H8O2%2Fc1-9-7-4-2-6%288%293-5-7%2Fh2-5%2C8H%2C1H3,39.9805335998535,19.2583446502686,0.436047166585922,254.719192504883,0.0
InChI%3D1S%2FC13H11NO%2Fc15-11-14%2812-7-3-1-4-8-12%2913-9-5-2-6-10-13%2Fh1-11H,80.3377838134766,32.1167221069336,0.281295627355576,429.345275878906,2.0
InChI%3D1S%2FC6H13NO2%2Fc8-4-1-7-2-5-9-6-3-7%2Fh8H%2C1-6H2,17.139289855957,21.9323081970215,0.369088262319565,276.383209228516,3.0
InChI%3D1S%2FC4H11N%2Fc1-3-5-4-2%2Fh5H%2C3-4H2%2C1-2H3,22.7702579498291,15.4747228622437,0.72658497095108,340.765502929688,1.0
InChI%3D1S%2FC3H7ClO%2Fc1-3%285%292-4%2Fh3%2C5H%2C2H2%2C1H3,28.4428730010986,12.9295511245728,0.652766108512878,227.989105224609,1.0
InChI%3D1S%2FC11H13NO%2Fc1-12%282%2911-7-5-10%286-8-11%294-3-9-13%2Fh3-9H%2C1-2H3%2Fb4-3-,57.3744583129883,29.9303092956543,0.335459798574448,349.877502441406,2.0
InChI%3D1S%2FC9H17N%2Fc1-2-3-4-5-6-7-8-9-10%2Fh2-8H2%2C1H3,48.6916084289551,28.2754802703857,0.413069576025009,439.520660400391,1.0
InChI%3D1S%2FC6H10Cl2%2Fc7-5-3-1-2-4-6%285%298%2Fh5-6H%2C1-4H2%2Ft5-%2C6%3F%2Fm1%2Fs1,37.4021530151367,21.5879306793213,0.337834596633911,308.183837890625,0.0
InChI%3D1S%2FC8H9NO2%2Fc1-6%2810%299-7-2-4-8%2811%295-3-7%2Fh2-5%2C11H%2C1H3%2C%28H%2C9%2C10%29,45.0244140625,22.7851371765137,0.338392823934555,220.19677734375,2.0
InChI%3D1S%2FC5H10Cl2%2Fc6-4-2-1-3-5-7%2Fh1-5H2,47.9593811035156,19.8279304504395,0.373046219348907,331.203704833984,0.0
InChI%3D1S%2FC4H6Cl2%2Fc1-2-4%286%293-5%2Fh2%2C4H%2C1%2C3H2,65.3238983154297,15.4007577896118,0.340854078531265,347.932861328125,0.0
InChI%3D1S%2FC5H4ClNO%2Fc6-4-1-2-5%288%297-3-4%2Fh1-3H%2C%28H%2C7%2C8%29,54.5318145751953,15.5491724014282,0.462030112743378,251.307281494141,1.0
InChI%3D1S%2FC4H6O%2Fc1-2-3-4-5%2Fh1%2C5H%2C3-4H2,57.8522758483887,11.8427581787109,0.638587474822998,312.602020263672,1.0
InChI%3D1S%2FC6H6ClN%2Fc1-5-3-2-4-6%287%298-5%2Fh2-4H%2C1H3,42.024341583252,17.8407573699951,0.487146615982056,286.718780517578,1.0
InChI%3D1S%2FC9H7N%2Fc1-2-6-9-8%284-1%295-3-7-10-9%2Fh1-7H,35.7327919006348,21.607551574707,0.456806927919388,298.732879638672,1.0
InChI%3D1S%2FC10H14O%2Fc1-10%282%2C3%298-4-6-9%2811%297-5-8%2Fh4-7%2C11H%2C1-3H3,32.1210098266602,27.7371025085449,0.475043147802353,299.136047363281,0.0
InChI%3D1S%2FC6H12O3%2Fc1-3-8-4-5-9-6%282%297%2Fh3-5H2%2C1-2H3,21.7082653045654,20.9675159454346,0.378663122653961,289.910369873047,3.0
InChI%3D1S%2FC7H8N2O%2Fc8-6-4-2-1-3-5%286%297%289%2910%2Fh1-4H%2C8H2%2C%28H2%2C9%2C10%29,51.5158538818359,20.656343460083,0.302698880434036,252.038162231445,3.0
InChI%3D1S%2FC11H17O3P%2Fc1-3-13-15%2812%2C14-4-2%2910-11-8-6-5-7-9-11%2Fh5-9H%2C3-4%2C10H2%2C1-2H3,78.6115646362305,36.7314796447754,0.237950250506401,435.439147949219,3.0
InChI%3D1S%2FC6H14O%2Fc1-5%282%297-6%283%294%2Fh5-6H%2C1-4H3,9.97565937042236,20.6971015930176,0.706711530685425,321.611724853516,1.0
InChI%3D1S%2FC7H7NO2.ClH%2Fc9-7%2810%296-8-4-2-1-3-5-8%3B%2Fh1-5H%2C6H2%3B1H,,23.2051372528076,,,2.0
InChI%3D1S%2FC3H6Cl2%2Fc4-2-1-3-5%2Fh1-3H2,59.8755569458008,13.64075756073,0.479308158159256,376.871215820312,0.0
InChI%3D1S%2FC6H5NO3%2Fc8-6-4-2-1-3-5%286%297%289%2910%2Fh1-4%2C8H,59.5418128967285,17.3999652862549,0.454008400440216,266.937255859375,0.0
InChI%3D1S%2FC7H14O%2Fc1-3-4-5-6-7%282%298%2Fh3-6H2%2C1-2H3,39.435489654541,22.4571018218994,0.569150924682617,342.942626953125,1.0
InChI%3D1S%2FC6H4Cl2%2Fc7-5-3-1-2-4-6%285%298%2Fh1-4H,57.1098594665527,17.5871715545654,0.286732971668243,303.052734375,0.0
InChI%3D1S%2FC4H10O%2Fc1-2-3-4-5%2Fh5H%2C2-4H2%2C1H3,35.3603286743164,14.5099296569824,0.726159512996674,308.950134277344,1.0
InChI%3D1S%2FC7H6O3%2Fc8-4-5-1-2-6%289%293-7%285%2910%2Fh1-4%2C9-10H,55.5696296691895,18.7267570495605,0.328806936740875,192.244750976562,1.0
InChI%3D1S%2FC5H10O%2Fc1-3-5%286%294-2%2Fh3-4H2%2C1-2H3,24.7161979675293,16.2699298858643,0.718996107578278,276.076843261719,1.0
InChI%3D1S%2FC9H16ClNO2%2Fc10-6-7-13-9%2812%2911-8-4-2-1-3-5-8%2Fh8H%2C1-7H2%2C%28H%2C11%2C12%29,59.7169456481934,31.3926887512207,0.258839070796967,361.344390869141,3.0
InChI%3D1S%2FC7H5FO%2Fc8-7-4-2-1-3-6%287%295-9%2Fh1-5H,47.558235168457,17.0129642486572,0.425883561372757,258.498748779297,1.0
InChI%3D1S%2FC16H27N%2Fc1-2-3-4-5-6-7-8-9-10-15-11-13-16%2817%2914-12-15%2Fh11-14H%2C2-10%2C17H2%2C1H3,45.7348442077637,47.2634124755859,0.282651275396347,558.765014648438,1.0
InChI%3D1S%2FC7H12O2%2Fc1-5%282%297%288%299-6%283%294%2Fh6H%2C1H2%2C2-4H3,30.0129833221436,21.92551612854,0.401249706745148,334.0341796875,2.0
InChI%3D1S%2FC8H10%2Fc1-7-5-3-4-6-8%287%292%2Fh3-6H%2C1-2H3,32.4507064819336,20.7479305267334,0.148478701710701,334.803131103516,0.0
InChI%3D1S%2FC9H11N%2Fc1-2-8-10-9-6-4-3-5-7-9%2Fh2-7%2C10H%2C1%2C8H2,42.8293876647949,24.2747230529785,0.3874451816082,368.536956787109,1.0
InChI%3D1S%2FC11H15NO3%2Fc1-8%282%2914-9-6-4-5-7-10%289%2915-11%2813%2912-3%2Fh4-8H%2C1-3H3%2C%28H%2C12%2C13%29,68.4511489868164,32.8678932189941,0.237805634737015,412.832824707031,2.0
InChI%3D1S%2FC9H18O%2Fc1-3-4-5-6-7-8-9%282%2910%2Fh3-8H2%2C1-2H3,35.3344802856445,28.6442737579346,0.473349720239639,400.419860839844,1.0
InChI%3D1S%2FC7H8FN%2Fc1-9-7-4-2-6%288%293-5-7%2Fh2-5%2C9H%2C1H3,43.5394821166992,19.3113441467285,0.454501152038574,278.616729736328,1.0
InChI%3D1S%2FC8H18O%2Fc1-2-3-4-5-6-7-8-9%2Fh9H%2C2-8H2%2C1H3,14.7574806213379,26.8842735290527,0.52226310968399,338.156585693359,1.0
InChI%3D1S%2FC8H4F3N%2Fc9-8%2810%2C11%297-4-2-1-3-6%287%295-12%2Fh1-4H,84.3148803710938,19.5181713104248,0.264708876609802,322.997314453125,1.0
InChI%3D1S%2FC10H14%2Fc1-3-9-6-5-7-10%284-2%298-9%2Fh5-8H%2C3-4H2%2C1-2H3,33.688346862793,26.9351024627686,0.119644358754158,403.928192138672,0.0
InChI%3D1S%2FC6H3Cl3%2Fc7-4-1-2-5%288%296%289%293-4%2Fh1-3H,90.2127532958984,19.1003799438477,0.279885351657867,364.154418945312,0.0
InChI%3D1S%2FC10H15N%2Fc1-3-11%284-2%2910-8-6-5-7-9-10%2Fh5-9H%2C3-4H2%2C1-2H3,26.4446220397949,28.7018947601318,0.423399031162262,360.502868652344,1.0
InChI%3D1S%2FC7H9N%2Fc1-8-7-5-3-2-4-6-7%2Fh2-6%2C8H%2C1H3,44.0976066589355,19.4211368560791,0.50793445110321,334.987274169922,1.0
InChI%3D1S%2FC5H8O2%2Fc1-4%286%293-5%282%297%2Fh3H2%2C1-2H3,29.2027721405029,15.7383441925049,0.491292715072632,216.436859130859,2.0
InChI%3D1S%2FC6H6N2O2%2Fc7-5-1-3-6%284-2-5%298%289%2910%2Fh1-4H%2C7H2,63.7266426086426,18.3647575378418,0.43228867650032,324.347045898438,1.0
InChI%3D1S%2FC6H15N%2Fc1-2-3-4-5-6-7%2Fh2-7H2%2C1H3,31.1654758453369,21.6618957519531,0.546405911445618,349.487396240234,1.0
InChI%3D1S%2FC20H30O2%2Fc1-5-18%282%2912-9-15-14%2813-18%297-8-16-19%2815%2C3%2910-6-11-20%2816%2C4%2917%2821%2922%2Fh5%2C7%2C15-16H%2C1%2C6%2C8-13H2%2C2-4H3%2C%28H%2C21%2C22%29%2Ft15-%2C16%2B%2C18-%2C19%2B%2C20%2B%2Fm0%2Fs1,60.6885681152344,56.807788848877,0.229145035147667,475.761108398438,2.0
InChI%3D1S%2FC6H2Cl4O2%2Fc7-1-2%288%294%2810%296%2812%295%2811%293%281%299%2Fh11-12H,125.196197509766,22.217586517334,0.293390810489655,305.380523681641,0.0
InChI%3D1S%2FC13H22N.ClH%2Fc1-4-14%285-2%2C6-3%2912-13-10-8-7-9-11-13%3B%2Fh7-11H%2C4-6%2C12H2%2C1-3H3%3B1H%2Fq%2B1%3B%2Fp-1,,40.8294448852539,,,0.0
InChI%3D1S%2FC7H10%2Fc1-2-7-4-3-6%281%295-7%2Fh1-2%2C6-7H%2C3-5H2,21.6742515563965,18.9879302978516,0.243879184126854,317.894348144531,0.0
InChI%3D1S%2FC6H14S%2Fc1-3-5-7-6-4-2%2Fh3-6H2%2C1-2H3,25.5553798675537,22.7951011657715,0.405542314052582,372.346862792969,0.0
InChI%3D1S%2FC3H6O2%2Fc1-3%284%295-2%2Fh1-2H3,19.1890506744385,10.8847579956055,0.545291900634766,223.3935546875,2.0
InChI%3D1S%2FC9H12O%2Fc1-6-4-5-7%282%299%2810%298%286%293%2Fh4-5%2C10H%2C1-3H3,39.5406150817871,24.6435165405273,0.535645842552185,320.378509521484,0.0
InChI%3D1S%2FC5H8O%2Fc1-3-4-5%282%296%2Fh1%2C5-6H%2C4H2%2C2H3,54.1451568603516,14.9363441467285,0.600044727325439,306.226501464844,1.0
InChI%3D1S%2FC5H10O%2Fc1-3-5%282%294-6%2Fh4-5H%2C3H2%2C1-2H3,28.5373134613037,16.2699298858643,0.643676042556763,267.23828125,1.0
InChI%3D1S%2FC7H6N2O3%2Fc8-7%2810%295-1-3-6%284-2-5%299%2811%2912%2Fh1-4H%2C%28H2%2C8%2C10%29,71.7524337768555,20.9267578125,0.28859880566597,281.514495849609,2.0
InChI%3D1S%2FC8H11N%2Fc1-2-7-3-5-8%289%296-4-7%2Fh3-6H%2C2%2C9H2%2C1H3,32.0664749145508,22.5147228240967,0.469004660844803,326.541656494141,1.0
InChI%3D1S%2FC6H12O%2Fc1-2-3-4-5-6-7%2Fh3-4%2C7H%2C2%2C5-6H2%2C1H3%2Fb4-3%2B,25.0228500366211,19.3635158538818,0.580548107624054,293.372375488281,1.0
InChI%3D1S%2FC11H16ClO2PS3%2Fc1-3-13-15%2816%2C14-4-2%2918-9-17-11-7-5-10%2812%296-8-11%2Fh5-8H%2C3-4%2C9H2%2C1-2H3,129.373748779297,46.1426887512207,0.268412441015244,549.183837890625,2.0
InChI%3D1S%2FC6H6O%2Fc7-6-4-2-1-3-5-6%2Fh1-5%2C7H,33.4780349731445,15.3627576828003,0.595431268215179,229.610961914062,0.0
InChI%3D1S%2FC15H26O%2Fc1-6-15%285%2C16%2912-8-11-14%284%2910-7-9-13%282%293%2Fh6%2C9%2C11%2C16H%2C1%2C7-8%2C10%2C12H2%2C2-5H3%2Fb14-11%2B,63.3317985534668,44.5386161804199,0.336263597011566,531.372253417969,1.0
InChI%3D1S%2FC12H11NO3S%2Fc14-17%2815%2C16%2912-7-4-8-13%2810-12%299-11-5-2-1-3-6-11%2Fh1-8%2C10H%2C9H2,86.3472213745117,38.1946868896484,0.237717106938362,468.658386230469,4.0
InChI%3D1S%2FC6H10%2Fc1-5%282%296%283%294%2Fh1%2C3H2%2C2%2C4H3,34.6768646240234,17.2279300689697,0.250435680150986,338.964141845703,0.0
InChI%3D1S%2FC4H5NO%2Fc1-4-2-6-3-5-4%2Fh2-3H%2C1H3,19.8475074768066,14.9431371688843,0.51909738779068,265.288391113281,2.0
InChI%3D1S%2FC14H23NO4%2Fc1-16-7-5-6-15-10-11-8-12%2817-2%2914%2819-4%2913%289-11%2918-3%2Fh8-9%2C15H%2C5-7%2C10H2%2C1-4H3,39.7816314697266,44.2842407226562,0.209955886006355,554.107177734375,2.0
InChI%3D1S%2FC7H5NO3%2Fc9-5-6-1-3-7%284-2-6%298%2810%2911%2Fh1-5H,73.7755432128906,19.1599655151367,0.4180548787117,339.276336669922,1.0
InChI%3D1S%2FC8H10%2Fc1-2-8-6-4-3-5-7-8%2Fh3-7H%2C2H2%2C1H3,29.6940269470215,20.7479305267334,0.139904662966728,329.796234130859,0.0
InChI%3D1S%2FC6H12O%2Fc1-2-3-4-5-6-7%2Fh3-4%2C7H%2C2%2C5-6H2%2C1H3%2Fb4-3-,25.0228500366211,19.3635158538818,0.580548107624054,293.372375488281,1.0
InChI%3D1S%2FC6H12ClN.ClH%2Fc7-3-6-8-4-1-2-5-8%3B%2Fh1-6H2%3B1H,,24.6883087158203,,,1.0
InChI%3D1S%2FC3H9NO%2Fc1-3%285%292-4%2Fh3%2C5H%2C2%2C4H2%2C1H3,42.338752746582,13.1831369400024,0.517098367214203,288.925415039062,2.0
InChI%3D1S%2FC8H14%2Fc1-7%282%295-6-8%283%294%2Fh5-6H%2C1-4H3,21.6233043670654,23.4151020050049,0.1672582924366,356.626007080078,0.0
InChI%3D1S%2FC6H4Cl2O2%2Fc7-3-1-5%289%296%2810%292-4%283%298%2Fh1-2%2C9-10H,89.078369140625,19.1911716461182,0.366105407476425,240.222503662109,0.0
InChI%3D1S%2FC9H13N%2Fc1-3-10-9-6-4-5-8%282%297-9%2Fh4-7%2C10H%2C3H2%2C1-2H3,35.9062805175781,25.6083087921143,0.453236699104309,376.524505615234,1.0
InChI%3D1S%2FC14H26O4%2Fc1-3-17-13%2815%2911-9-7-5-6-8-10-12-14%2816%2918-4-2%2Fh3-12H2%2C1-2H3,57.512035369873,45.1846199035645,0.204458981752396,490.824493408203,4.0
InChI%3D1S%2FC3H2N2%2Fc4-2-1-3-5%2Fh1H2,35.9460601806641,8.81358623504639,0.5,162.289794921875,2.0
InChI%3D1S%2FC10H14O%2Fc11-10-8-2-6-1-7%284-8%295-9%2810%293-6%2Fh6-9H%2C1-5H2,19.2416839599609,27.7371025085449,0.507873058319092,312.230865478516,1.0
InChI%3D1S%2FC6H4ClNO2%2Fc7-5-2-1-3-6%284-5%298%289%2910%2Fh1-4H,86.2413787841797,18.1111717224121,0.252347499132156,364.336364746094,0.0
InChI%3D1S%2FC6H5ClN2O2%2Fc7-5-3-4%289%2810%2911%291-2-6%285%298%2Fh1-3H%2C8H2,79.8698272705078,19.877965927124,0.397027879953384,354.898895263672,1.0
InChI%3D1S%2FC2H5NO%2Fc1-2-3-4%2Fh2%2C4H%2C1H3,29.1032829284668,8.75596523284912,0.601848840713501,213.54475402832,0.0
InChI%3D1S%2FC7H5ClO2%2Fc8-6-1-2-7%2810%295%283-6%294-9%2Fh1-4%2C10H,72.0502777099609,19.4379653930664,0.4108926653862,295.251495361328,1.0
InChI%3D1S%2FC10H23N%2Fc1-2-3-4-5-6-7-8-9-10-11%2Fh2-11H2%2C1H3,27.6531372070312,34.0362396240234,0.404318630695343,478.581024169922,1.0
InChI%3D1S%2FC8H14O%2Fc1-3-5-6-7-8%289%294-2%2Fh2%2C8-9H%2C3%2C5-7H2%2C1H3,48.5002708435059,24.2171020507812,0.46796640753746,366.775604248047,1.0
InChI%3D1S%2FC13H29N%2Fc1-2-3-4-5-6-7-8-9-10-11-12-13-14%2Fh2-14H2%2C1H3,19.45676612854,43.3169975280762,0.338333487510681,502.463592529297,1.0
InChI%3D1S%2FC12H9NO3%2Fc14-13%2815%2910-6-8-12%289-7-10%2916-11-4-2-1-3-5-11%2Fh1-9H,99.6921691894531,30.6271362304688,0.336067259311676,449.811218261719,0.0
InChI%3D1S%2FC6H10O%2Fc1-4-6%283%2C7%295-2%2Fh1%2C7H%2C5H2%2C2-3H3,43.6179656982422,18.0299301147461,0.565056145191193,299.246368408203,1.0
InChI%3D1S%2FC4H11N%2Fc1-2-3-4-5%2Fh2-5H2%2C1H3,32.0857315063477,15.4747228622437,0.662882149219513,305.246215820312,1.0
InChI%3D1S%2FC6H4Br2%2Fc7-5-3-1-2-4-6%285%298%2Fh1-4H,60.7858734130859,19.3271713256836,0.248176291584969,310.935607910156,0.0
InChI%3D1S%2FCHI3%2Fc2-1%283%294%2Fh1H,89.4465942382812,18.4767932891846,0.333333343267441,323.276489257812,0.0
InChI%3D1S%2FC2H3Cl2NO%2Fc3-1%284%292%285%296%2Fh1H%2C%28H2%2C5%2C6%29,56.3058052062988,11.7823791503906,0.385570347309113,191.702117919922,2.0
InChI%3D1S%2FC6H13NO%2Fc1-5-3-7-4-6%282%298-5%2Fh5-7H%2C3-4H2%2C1-2H3,17.6855354309082,21.1303081512451,0.490729004144669,308.036071777344,2.0
InChI%3D1S%2FC8H19N%2Fc1-7%282%2C3%296-8%284%2C5%299%2Fh6%2C9H2%2C1-5H3,14.0131425857544,27.8490676879883,0.487777382135391,333.736755371094,1.0
InChI%3D1S%2FC8H8O3%2Fc1-11-8-4-6%285-9%292-3-7%288%2910%2Fh2-5%2C10H%2C1H3,45.4569854736328,21.8203449249268,0.326055943965912,236.977630615234,1.0
InChI%3D1S%2FC8H8ClNO%2Fc1-6-7%289%293-2-4-8%286%2910-5-11%2Fh2-5H%2C1H3%2C%28H%2C10%2C11%29,55.0062561035156,23.4963436126709,0.398723244667053,288.157135009766,2.0
InChI%3D1S%2FC9H12%2Fc1-7-4-5-8%282%299%283%296-7%2Fh4-6H%2C1-3H3,25.1154079437256,23.841516494751,0.134284555912018,340.706634521484,0.0
InChI%3D1S%2FC7H12O2%2Fc1-4-7%288%299-5-6%282%293%2Fh4%2C6H%2C1%2C5H2%2C2-3H3,27.7352123260498,21.92551612854,0.385390371084213,331.675109863281,2.0
InChI%3D1S%2FC8H16O2%2Fc1-3-4-5-6-7-10-8%282%299%2Fh3-7H2%2C1-2H3,43.9686698913574,26.3526878356934,0.377485722303391,378.423919677734,2.0
InChI%3D1S%2FC6H4N2O4%2Fc9-7%2810%295-1-2-6%284-3-5%298%2811%2912%2Fh1-4H,94.7326354980469,18.6351718902588,0.203294321894646,395.683166503906,0.0
InChI%3D1S%2FC3H6Br2%2Fc4-2-1-3-5%2Fh1-3H2,69.0511245727539,15.3807582855225,0.464115828275681,389.617736816406,0.0
InChI%3D1S%2FC7H7NO%2Fc1-6%289%297-2-4-8-5-3-7%2Fh2-5H%2C1H3,36.5166091918945,18.8895511627197,0.470096230506897,262.305603027344,2.0
InChI%3D1S%2FC4H4O%2Fc1-2-4-5-3-1%2Fh1-4H,19.0161647796631,11.8427581787109,0.838823616504669,247.771881103516,1.0
InChI%3D1S%2FC16H22O4%2Fc1-3-5-11-19-15%2817%2913-7-9-14%2810-8-13%2916%2818%2920-12-6-4-2%2Fh7-10H%2C3-6%2C11-12H2%2C1-2H3,116.173728942871,46.0374450683594,0.19098873436451,581.342956542969,4.0
InChI%3D1S%2FC9H7NO2%2Fc1-12-9%2811%298-4-2-7%286-10%293-5-8%2Fh2-5H%2C1H3,75.7834854125977,23.2115516662598,0.311341047286987,333.860107421875,3.0
InChI%3D1S%2FC9H15NO6%2Fc1-4-14-7%2811%2910%288%2812%2915-5-2%299%2813%2916-6-3%2Fh4-6H2%2C1-3H3,99.937515258789,31.7538948059082,0.167289659380913,393.03515625,7.0
InChI%3D1S%2FC7H5F4N%2Fc8-4-1-2-6%2812%295%283-4%297%289%2C10%2911%2Fh1-3H%2C12H2,69.4797668457031,18.9819641113281,0.278384417295456,269.852081298828,1.0
InChI%3D1S%2FC7H5Cl2NO%2Fc8-4-1-2-5%287%2810%2911%296%289%293-4%2Fh1-3H%2C%28H2%2C10%2C11%29,83.5192260742188,21.9159641265869,0.352715224027634,287.569915771484,2.0
InChI%3D1S%2FC3H9N%2Fc1-2-3-4%2Fh2-4H2%2C1H3,7.61707735061646,12.3811368942261,0.741925239562988,220.292633056641,1.0
InChI%3D1S%2FC7H7ClO%2Fc1-5-4-6%289%292-3-7%285%298%2Fh2-4%2C9H%2C1H3,51.3816680908203,19.9695510864258,0.560090601444244,297.286468505859,0.0
InChI%3D1S%2FC6H6N2O3%2Fc7-4-1-2-6%289%295%283-4%298%2810%2911%2Fh1-3%2C9H%2C7H2,58.3013229370117,19.1667575836182,0.360040187835693,269.527648925781,1.0
InChI%3D1S%2FC2H7NO%2Fc3-1-2-4%2Fh4H%2C1-3H2,12.7765703201294,10.0895509719849,0.545916140079498,189.907440185547,2.0
InChI%3D1S%2FC11H16O%2Fc1-11%282%2C12%299-8-10-6-4-3-5-7-10%2Fh3-7%2C12H%2C8-9H2%2C1-2H3,45.7580718994141,30.8306884765625,0.453823357820511,373.714141845703,1.0
InChI%3D1S%2FC12H20O4%2Fc1-3-5-9-15-11%2813%297-8-12%2814%2916-10-6-4-2%2Fh7-8H%2C3-6%2C9-10H2%2C1-2H3,65.3693695068359,37.6638603210449,0.216476455330849,412.127471923828,4.0
InChI%3D1S%2FC12H27O4P%2Fc1-4-7-10-14-17%2813%2C15-11-8-5-2%2916-12-9-6-3%2Fh4-12H2%2C1-3H3,61.2764015197754,45.9614105224609,0.186916083097458,536.801330566406,4.0
InChI%3D1S%2FC10H14O%2Fc1-2-3-9-11-10-7-5-4-6-8-10%2Fh4-8H%2C2-3%2C9H2%2C1H3,44.293342590332,27.7371025085449,0.467953950166702,427.815826416016,0.0
InChI%3D1S%2FC9H10Cl2N2O%2Fc1-13%282%299%2814%2912-6-3-4-7%2810%298%2811%295-6%2Fh3-5H%2C1-2H3%2C%28H%2C12%2C14%29,115.136528015137,29.869930267334,0.294774770736694,397.417633056641,3.0
InChI%3D1S%2FC8H11N%2Fc1-3-8-5-4-7%282%299-6-8%2Fh4-6H%2C3H2%2C1-2H3,21.7754154205322,22.5147228240967,0.522183895111084,331.778198242188,1.0
InChI%3D1S%2FC4H8Cl2%2Fc5-3-1-2-4-6%2Fh1-4H2,38.7040367126465,16.7343444824219,0.421117931604385,288.663757324219,0.0
InChI%3D1S%2FC8H16O%2Fc1-7%282%295-6-8%283%2C4%299-7%2Fh5-6H2%2C1-4H3,17.3858661651611,25.550687789917,0.662963390350342,347.827758789062,1.0
InChI%3D1S%2FC3H10N2%2Fc4-2-1-3-5%2Fh1-5H2,39.0750770568848,14.1479301452637,0.471571564674377,302.429046630859,2.0
InChI%3D1S%2FC6H4N2O5%2Fc9-6-3-4%287%2810%2911%291-2-5%286%298%2812%2913%2Fh1-3%2C9H,100.516418457031,19.4371719360352,0.38908514380455,341.582305908203,0.0
InChI%3D1S%2FC8H8O3%2Fc1-11-7-4-2-3-6%285-9%298%287%2910%2Fh2-5%2C10H%2C1H3,42.3197555541992,21.8203449249268,0.314166814088821,239.703353881836,1.0
InChI%3D1S%2FC12H23N%2Fc1-2-3-4-5-6-7-8-9-10-11-12-13%2Fh2-11H2%2C1H3,39.2824440002441,37.5562400817871,0.330121904611588,390.973754882812,1.0
InChI%3D1S%2FC6H5NO2%2Fc8-7%289%296-4-2-1-3-5-6%2Fh1-5H,55.4785003662109,16.5979652404785,0.254671931266785,330.674713134766,0.0
InChI%3D1S%2FC7H12O%2Fc1-5-7%284%2C8%296%282%293%2Fh1%2C6%2C8H%2C2-4H3,33.5235366821289,21.1235160827637,0.527730345726013,305.359771728516,1.0
InChI%3D1S%2FC11H18N2O2S.Na%2Fc1-4-6-7%283%2911%285-2%298%2814%2912-10%2816%2913-9%2811%2915%3B%2Fh7H%2C4-6H2%2C1-3H3%2C%28H2%2C12%2C13%2C14%2C15%2C16%29%3B%2Fq%3B%2B1%2Fp-1,,60.9994812011719,,,4.0
InChI%3D1S%2FC11H9N%2Fc1-2-4-10%285-3-1%2911-6-8-12-9-7-11%2Fh1-9H,43.4535140991211,26.4611377716064,0.398590117692947,336.531341552734,1.0
InChI%3D1S%2FC7H17N%2Fc1-2-3-4-5-6-7-8%2Fh2-8H2%2C1H3,19.4695491790771,24.7554817199707,0.502277791500092,348.117980957031,1.0
InChI%3D1S%2FC3H4Cl2%2Fc4-2-1-3-5%2Fh1-2H%2C3H2%2Fb2-1%2B,70.8231887817383,12.3071718215942,0.476484477519989,378.625305175781,0.0
InChI%3D1S%2FC9H10O3%2Fc1-6%2810%298-4-3-7%2812-2%295-9%288%2911%2Fh3-5%2C11H%2C1-2H3,47.0814208984375,24.9139308929443,0.332659155130386,272.369079589844,1.0
InChI%3D1S%2FC8H7BrO3%2Fc1-12-7-3-5%284-10%292-6%289%298%287%2911%2Fh2-4%2C11H%2C1H3,69.2279815673828,24.2035503387451,0.311620384454727,266.574157714844,1.0
InChI%3D1S%2FC13H10O3%2Fc14-12-9-5-4-8-11%2812%2913%2815%2916-10-6-2-1-3-7-10%2Fh1-9%2C14H,77.2923278808594,31.953929901123,0.269535571336746,314.104888916016,1.0
InChI%3D1S%2FC8H6O%2Fc1-2-4-8-7%283-1%295-6-9-8%2Fh1-6H,36.6291580200195,20.216344833374,0.604933142662048,309.133148193359,0.0
InChI%3D1S%2FC7H9N%2Fc1-6-2-4-7%288%295-3-6%2Fh2-5H%2C8H2%2C1H3,33.21826171875,19.4211368560791,0.507396936416626,315.814971923828,1.0
InChI%3D1S%2FC8H8O4%2Fc1-12-8%2811%296-3-2-5%289%294-7%286%2910%2Fh2-4%2C9-10H%2C1H3,60.9608688354492,22.6223430633545,0.262844502925873,245.628494262695,2.0
InChI%3D1S%2FC12H17NO2%2Fc1-12%282%2C3%299-5-7-10%288-6-9%2915-11%2814%2913-4%2Fh5-8H%2C1-4H3%2C%28H%2C13%2C14%29,57.4973983764648,35.159481048584,0.262967467308044,418.236236572266,2.0
InChI%3D1S%2FC8H9NO%2Fc1-6%2810%297-3-2-4-8%289%295-7%2Fh2-5H%2C9H2%2C1H3,41.382942199707,21.9831371307373,0.384555906057358,272.587951660156,2.0
InChI%3D1S%2FC9H11NO2%2Fc1-2-12-9%2811%297-3-5-8%2810%296-4-7%2Fh3-6H%2C2%2C10H2%2C1H3,58.354133605957,25.8787231445312,0.284440249204636,362.532867431641,3.0
InChI%3D1S%2FC7H4ClNO3%2Fc8-7-2-1-6%289%2811%2912%293-5%287%294-10%2Fh1-4H,96.4364166259766,20.6731719970703,0.389370679855347,355.736145019531,1.0
InChI%3D1S%2FC7H6O2.Na%2Fc8-7%289%296-4-2-1-3-5-6%3B%2Fh1-5H%2C%28H%2C8%2C9%29%3B%2Fq%3B%2B1%2Fp-1,,40.8579635620117,,,2.0
InChI%3D1S%2FC4H11N%2Fc1-3-4%282%295%2Fh4H%2C3%2C5H2%2C1-2H3,22.7351722717285,15.4747228622437,0.679154396057129,311.712585449219,1.0
InChI%3D1S%2FC7H5NO3%2Fc9-5-6-3-1-2-4-7%286%298%2810%2911%2Fh1-5H,65.3834838867188,19.1599655151367,0.39520263671875,304.141632080078,1.0
InChI%3D1S%2FC7H6Cl2%2Fc1-5-2-3-6%288%297%289%294-5%2Fh2-4H%2C1H3,68.1888732910156,20.680757522583,0.273102194070816,366.407592773438,0.0
InChI%3D1S%2FC8H5Cl3O%2Fc1-4%2812%295-2-3-6%289%298%2811%297%285%2910%2Fh2-3H%2C1H3,104.869972229004,24.7559642791748,0.38729339838028,369.416015625,1.0
InChI%3D1S%2FC10H20O%2Fc1-3-4-5-6-7-8-9-10%282%2911%2Fh3-9H2%2C1-2H3,26.825532913208,31.7378597259521,0.436604499816895,390.697723388672,1.0
InChI%3D1S%2FC7H7NO2%2Fc8-7%2810%295-3-1-2-4-6%285%299%2Fh1-4%2C9H%2C%28H2%2C8%2C10%29,55.7161102294922,19.6915512084961,0.304292470216751,214.93830871582,2.0
InChI%3D1S%2FC3H4O%2Fc1-2-3-4%2Fh1%2C4H%2C3H2,32.2531929016113,8.74917221069336,0.662332355976105,197.137496948242,1.0
InChI%3D1S%2FC9H10O3%2Fc1-2-12-9%2811%297-5-3-4-6-8%287%2910%2Fh3-6%2C10H%2C2H2%2C1H3,60.4167976379395,24.9139308929443,0.307228475809097,336.473846435547,2.0
InChI%3D1S%2FC20H34O%2Fc1-7-19%285%2C21%2914-11-16-15%282%299-10-17-18%283%2C4%2912-8-13-20%2816%2C17%296%2Fh7%2C16-17%2C21H%2C1-2%2C8-14H2%2C3-6H3%2Ft16-%2C17%3F%2C19%2B%2C20%2B%2Fm0%2Fs1,48.8462982177734,58.6729621887207,0.293146342039108,538.055725097656,1.0
InChI%3D1S%2FC9H14N.HI%2Fc1-10%282%2C3%299-7-5-4-6-8-9%3B%2Fh4-8H%2C1-3H3%3B1H%2Fq%2B1%3B%2Fp-1,,31.6251010894775,,,0.0
InChI%3D1S%2FC6H15N3%2Fc7-1-4-9-5-2-8-3-6-9%2Fh8H%2C1-7H2,13.0162563323975,23.8618946075439,0.349363148212433,315.181945800781,3.0
InChI%3D1S%2FC4Cl6%2Fc5-1%283%287%298%292%286%294%289%2910,124.904182434082,20.1200008392334,0.183313235640526,356.069427490234,0.0
InChI%3D1S%2FC11H12O2%2Fc1-9%282%2911%2812%2913-8-10-6-4-3-5-7-10%2Fh3-7H%2C1%2C8H2%2C2H3,64.4463195800781,28.9655151367188,0.3036068379879,399.319305419922,2.0
InChI%3D1S%2FC2H5ClO%2Fc3-1-2-4%2Fh4H%2C1-2H2,28.6373844146729,9.83596515655518,0.697343468666077,205.583267211914,1.0
InChI%3D1S%2FC6H6%2Fc1-2-4-6-5-3-1%2Fh1-6H,23.6588001251221,14.5607576370239,0.16666667163372,259.056243896484,0.0
InChI%3D1S%2FC6H3Br3O%2Fc7-3-1-4%288%296%2810%295%289%292-3%2Fh1-2%2C10H,117.439880371094,22.512378692627,0.518916308879852,349.909973144531,0.0
InChI%3D1S%2FC13H10O%2Fc14-13%2811-7-3-1-4-8-11%2912-9-5-2-6-10-12%2Fh1-10H,94.6649932861328,30.3499298095703,0.33417209982872,434.345550537109,1.0
InChI%3D1S%2FC8H16O2%2Fc1-3-5-6-7-8%289%2910-4-2%2Fh3-7H2%2C1-2H3,63.2571182250977,26.3526878356934,0.375631362199783,432.605651855469,2.0
InChI%3D1S%2FC8H18S%2Fc1-7%282%2C3%299-8%284%2C5%296%2Fh1-6H3,16.5948791503906,28.9822731018066,0.32842031121254,359.635192871094,0.0
InChI%3D1S%2FC10H11NO4%2Fc1-14-9%2812%296-3-4-7%288%2811%295-6%2910%2813%2915-2%2Fh3-5H%2C11H2%2C1-2H3,72.3674468994141,29.2427234649658,0.199860855937004,305.581024169922,5.0
InChI%3D1S%2FC6H12O2%2Fc1-2-3-4-5-6%287%298%2Fh2-5H2%2C1H3%2C%28H%2C7%2C8%29,29.2802925109863,20.1655158996582,0.406344592571259,228.835678100586,2.0
InChI%3D1S%2FC6H14O%2Fc1-4-6%283%2C7%295-2%2Fh7H%2C4-5H2%2C1-3H3,25.4440002441406,20.6971015930176,0.643463611602783,306.307159423828,1.0
InChI%3D1S%2FC6H14O%2Fc1-2-3-4-5-6-7%2Fh7H%2C2-6H2%2C1H3,15.9323682785034,20.6971015930176,0.607556700706482,302.482757568359,1.0
InChI%3D1S%2FC4H8O2%2Fc1-3-6-4%282%295%2Fh3H2%2C1-2H3,15.706995010376,13.978343963623,0.507239401340485,224.432434082031,2.0
InChI%3D1S%2FC5H10O%2Fc1-4%282%295%283%296%2Fh4H%2C1-3H3,34.7847900390625,16.2699298858643,0.718521237373352,286.712951660156,1.0
InChI%3D1S%2FC10H14N2.H2O4S%2Fc1-12-7-3-5-10%2812%299-4-2-6-11-8-9%3B1-5%282%2C3%294%2Fh2%2C4%2C6%2C8%2C10H%2C3%2C5%2C7H2%2C1H3%3B%28H2%2C1%2C2%2C3%2C4%29,,36.5766868591309,,,6.0
InChI%3D1S%2FC8H7NO4%2Fc1-13-8%2810%296-2-4-7%285-3-6%299%2811%2912%2Fh2-5H%2C1H3,77.112548828125,23.0555515289307,0.320595443248749,359.854797363281,2.0
InChI%3D1S%2FC8H18O%2Fc1-3-5-6-8%284-2%297-9%2Fh8-9H%2C3-7H2%2C1-2H3,12.0804452896118,26.8842735290527,0.525565028190613,329.424987792969,1.0
InChI%3D1S%2FC12H24O%2Fc1-3-4-5-6-7-8-9-10-11-12%282%2913%2Fh3-11H2%2C1-2H3,31.1413516998291,37.9250335693359,0.377928704023361,469.300933837891,1.0
InChI%3D1S%2FC11H16O%2Fc1-4-11%282%2C3%299-5-7-10%2812%298-6-9%2Fh5-8%2C12H%2C4H2%2C1-3H3,35.1823463439941,30.8306884765625,0.444610953330994,330.212127685547,0.0
InChI%3D1S%2FC9H9Cl%2Fc1-2-8-4-3-5-9%286-8%297-10%2Fh2-6H%2C1%2C7H2,69.4569931030273,24.0211372375488,0.278834581375122,391.355407714844,0.0
InChI%3D1S%2FC7H3I2NO%2Fc8-5-1-4%283-10%292-6%289%297%285%2911%2Fh1-2%2C11H,116.036407470703,26.9223785400391,0.477038651704788,312.629943847656,1.0
InChI%3D1S%2FC7H5F4N%2Fc8-6-2-1-4%2812%293-5%286%297%289%2C10%2911%2Fh1-3H%2C12H2,68.4143981933594,18.9819641113281,0.274702072143555,285.712646484375,1.0
InChI%3D1S%2FC10H12N2O5%2Fc1-3-6%282%298-4-7%2811%2814%2915%295-9%2810%288%2913%2912%2816%2917%2Fh4-6%2C13H%2C3H2%2C1-2H3,106.236106872559,31.8115158081055,0.328552484512329,455.535003662109,0.0
InChI%3D1S%2FC10H12N2.ClH%2Fc1-2-4-9%285-3-1%298-10-11-6-7-12-10%3B%2Fh1-5H%2C6-8H2%2C%28H%2C11%2C12%29%3B1H,,30.6483097076416,,,2.0
InChI%3D1S%2FC2H8N2%2Fc3-1-2-4%2Fh1-4H2,9.2614107131958,11.0543441772461,0.5,208.18896484375,2.0
InChI%3D1S%2FC15H12Cl4O2%2Fc1-15%282%2C7-3-9%2816%2913%2820%2910%2817%294-7%298-5-11%2818%2914%2821%2912%2819%296-8%2Fh3-6%2C20-21H%2C1-2H3,224.564651489258,44.7255172729492,0.235388368368149,520.901794433594,0.0
InChI%3D1S%2FC4H3BrS%2Fc5-4-1-2-6-3-4%2Fh1-3H,33.7969703674316,17.6575508117676,0.486536622047424,278.219696044922,0.0
InChI%3D1S%2FC8H6ClN%2Fc1-6-3-2-4-8%289%297%286%295-10%2Fh2-4H%2C1H3,64.9751281738281,21.3607578277588,0.421857237815857,296.308807373047,1.0
InChI%3D1S%2FC2HCl3%2Fc3-1-2%284%295%2Fh1H,92.8363647460938,10.7267932891846,0.384534329175949,387.357543945312,0.0
InChI%3D1S%2FC11H16N2O2%2Fc1-8-7-9%2815-11%2814%2912-2%295-6-10%288%2913%283%294%2Fh5-7H%2C1-4H3%2C%28H%2C12%2C14%29,63.9511375427246,33.8326873779297,0.249498307704926,400.904815673828,3.0
InChI%3D1S%2FC9H11Cl3NO3PS%2Fc1-3-14-17%2818%2C15-4-2%2916-9-7%2811%295-6%2810%298%2812%2913-9%2Fh5H%2C3-4H2%2C1-2H3,158.156021118164,39.7507247924805,0.203916251659393,597.795532226562,3.0
InChI%3D1S%2FC9H11NO%2Fc1-2-9%2811%297-3-5-8%2810%296-4-7%2Fh3-6H%2C2%2C10H2%2C1H3,39.6302642822266,25.0767230987549,0.359585016965866,300.666839599609,2.0
InChI%3D1S%2FC4H10O%2Fc1-4%282%293-5%2Fh4-5H%2C3H2%2C1-2H3,20.5032749176025,14.5099296569824,0.731956720352173,259.865051269531,1.0
InChI%3D1S%2FC8H18S2%2Fc1-3-5-9-7-8-10-6-4-2%2Fh3-8H2%2C1-2H3,64.6903228759766,31.8822746276855,0.287921130657196,480.528778076172,0.0
InChI%3D1S%2FC5H5N%2Fc1-2-4-6-5-3-1%2Fh1-5H,18.7512359619141,13.2339649200439,0.643164932727814,222.030624389648,1.0
InChI%3D1S%2FC5H13N%2Fc1-2-3-4-5-6%2Fh2-6H2%2C1H3,10.0696420669556,18.5683097839355,0.59903472661972,279.971435546875,1.0
InChI%3D1S%2FC3H5Cl3%2Fc4-1-3%286%292-5%2Fh3H%2C1-2H2,51.70458984375,15.1539649963379,0.336679548025131,281.14892578125,0.0
InChI%3D1S%2FC9H12O%2Fc1-2-3-8-4-6-9%2810%297-5-8%2Fh4-7%2C10H%2C2-3H2%2C1H3,40.3020172119141,24.6435165405273,0.49431374669075,303.633117675781,0.0
InChI%3D1S%2FC8H6BrNO5%2Fc1-15-8-6%2810%2813%2914%294%283-11%292-5%289%297%288%2912%2Fh2-3%2C12H%2C1H3,116.982833862305,26.240758895874,0.259337365627289,339.327331542969,1.0
InChI%3D1S%2FC7H3Cl2NO%2Fc8-5-1-4%283-10%292-6%289%297%285%2911%2Fh1-2%2C11H,92.7538223266602,20.5823783874512,0.396290302276611,274.871063232422,1.0
InChI%3D1S%2FC9H9Cl2NO%2Fc1-2-9%2813%2912-6-3-4-7%2810%298%2811%295-6%2Fh3-5H%2C2H2%2C1H3%2C%28H%2C12%2C13%29,86.8162002563477,28.1031360626221,0.359549582004547,341.560668945312,2.0
InChI%3D1S%2FC7H16O%2Fc1-2-3-4-5-6-7-8%2Fh8H%2C2-7H2%2C1H3,18.4588394165039,23.7906875610352,0.561690390110016,338.389739990234,1.0
InChI%3D1S%2FC11H8O2%2Fc1-7-6-10%2812%298-4-2-3-5-9%288%2911%287%2913%2Fh2-6H%2C1H3,52.6393585205078,26.2983436584473,0.342278242111206,286.241607666016,2.0
InChI%3D1S%2FC6H4Cl2%2Fc7-5-2-1-3-6%288%294-5%2Fh1-4H,61.4950866699219,17.5871715545654,0.321488827466965,307.543090820312,0.0
InChI%3D1S%2FC11H25N%2Fc1-2-3-4-5-6-7-8-9-10-11-12%2Fh2-12H2%2C1H3,33.8533325195312,37.129825592041,0.379638344049454,471.961151123047,1.0
InChI%3D1S%2FC7H4ClFO%2Fc8-6-2-1-3-7%289%295%286%294-10%2Fh1-4H,67.3694610595703,18.5261726379395,0.395281612873077,270.873870849609,1.0
InChI%3D1S%2FC11H18N2O3.Na%2Fc1-4-6-7%283%2911%285-2%298%2814%2912-10%2816%2913-9%2811%2915%3B%2Fh7H%2C4-6H2%2C1-3H3%2C%28H2%2C12%2C13%2C14%2C15%2C16%29%3B%2Fq%3B%2B1%2Fp-1,,58.901481628418,,,5.0
InChI%3D1S%2FC12H10O%2Fc1-3-7-11%288-4-1%2913-12-9-5-2-6-10-12%2Fh1-10H,62.2904434204102,28.5899295806885,0.38914880156517,399.3193359375,0.0
InChI%3D1S%2FC12H19NO%2Fc1-2-3-4-5-10-14-12-8-6-11%2813%297-9-12%2Fh6-9H%2C2-5%2C10%2C13H2%2C1H3,44.7068824768066,35.6910667419434,0.330033451318741,457.598083496094,1.0
InChI%3D1S%2FC6H2Cl4O%2Fc7-2-1-3%288%296%2811%295%2810%294%282%299%2Fh1%2C11H,104.887397766113,21.4155864715576,0.409644156694412,307.777160644531,0.0
InChI%3D1S%2FC7H12O4%2Fc1-3-10-6%288%295-7%289%2911-4-2%2Fh3-5H2%2C1-2H3,55.0200729370117,23.5295162200928,0.253748625516891,299.227752685547,4.0
InChI%3D1S%2FC8H8N2O%2Fc1-5-3-6%282%2910-8%2811%297%285%294-9%2Fh3H%2C1-2H3%2C%28H%2C10%2C11%29,44.6221580505371,22.4163436889648,0.361336678266525,221.652618408203,2.0
InChI%3D1S%2FC11H18N2O3%2Fc1-4-11%286-5-7%282%293%298%2814%2912-10%2816%2913-9%2811%2915%2Fh7H%2C4-6H2%2C1-3H3%2C%28H2%2C12%2C13%2C14%2C15%2C16%29,66.7371139526367,35.9682731628418,0.212690114974976,312.986083984375,5.0
InChI%3D1S%2FC9H19NO%2Fc1-3-5-7-10%289-11%298-6-4-2%2Fh9H%2C3-8H2%2C1-2H3,25.3563003540039,30.4110660552979,0.333715349435806,377.934509277344,2.0
InChI%3D1S%2FCHCl3%2Fc2-1%283%294%2Fh1H,65.9949340820312,8.96679306030273,0.333333343267441,264.560455322266,0.0
InChI%3D1S%2FC11H15NO2%2Fc1-3-12%284-2%2910-6-5-9%288-13%2911%2814%297-10%2Fh5-8%2C14H%2C3-4H2%2C1-2H3,55.4733390808105,32.0658950805664,0.315648287534714,331.061614990234,2.0
InChI%3D1S%2FC8H7N%2Fc1-7-4-2-3-5-8%287%296-9%2Fh2-5H%2C1H3,43.1252555847168,19.8475513458252,0.465333878993988,262.253082275391,1.0
InChI%3D1S%2FC6H14S2%2Fc1-5%282%297-8-6%283%294%2Fh5-6H%2C1-4H3,36.6144027709961,25.6951026916504,0.230910569429398,375.793884277344,0.0
InChI%3D1S%2FC7H7NO%2Fc8-7%289%296-4-2-1-3-5-6%2Fh1-5H%2C%28H2%2C8%2C9%29,55.9911918640137,18.8895511627197,0.379434138536453,260.602600097656,2.0
InChI%3D1S%2FC9H11NO2.CH4O3S%2Fc1-2-12-9%2811%297-4-3-5-8%2810%296-7%3B1-5%282%2C3%294%2Fh3-6H%2C2%2C10H2%2C1H3%3B1H3%2C%28H%2C2%2C3%2C4%29,,35.6118965148926,,,6.0
InChI%3D1S%2FC16H22O4%2Fc1-3-5-10-19-15%2817%2913-8-7-9-14%2812-13%2916%2818%2920-11-6-4-2%2Fh7-9%2C12H%2C3-6%2C10-11H2%2C1-2H3,117.200561523438,46.0374450683594,0.190817102789879,553.610046386719,4.0
InChI%3D1S%2FC4H6N2%2Fc1-4-5-2-3-6-4%2Fh2-3H%2C1H3%2C%28H%2C5%2C6%29,15.0968236923218,15.9079303741455,0.471505552530289,285.568389892578,2.0
InChI%3D1S%2FC7H9N%2Fc1-2-7-5-3-4-6-8-7%2Fh3-6H%2C2H2%2C1H3,27.9216289520264,19.4211368560791,0.546760857105255,310.315521240234,1.0
InChI%3D1S%2FC2Cl4%2Fc3-1%284%292%285%296,69.7170562744141,12.2399997711182,0.25,258.532135009766,0.0
InChI%3D1S%2FC11H16%2Fc1-2-3-5-8-11-9-6-4-7-10-11%2Fh4%2C6-7%2C9-10H%2C2-3%2C5%2C8H2%2C1H3,39.3795623779297,30.0286884307861,0.108760438859463,424.325988769531,0.0
InChI%3D1S%2FC7H8O%2Fc1-6-4-2-3-5-7%286%298%2Fh2-5%2C8H%2C1H3,37.6603698730469,18.4563446044922,0.57377564907074,260.912536621094,0.0
InChI%3D1S%2FC13H11NO3%2Fc14-9-6-7-11%2812%2815%298-9%2913%2816%2917-10-4-2-1-3-5-10%2Fh1-8%2C15H%2C14H2,107.389022827148,33.7207221984863,0.233461573719978,369.442535400391,2.0
InChI%3D1S%2FC8H18S2%2Fc1-3-9-7-5-6-8-10-4-2%2Fh3-8H2%2C1-2H3,43.0353813171387,31.8822746276855,0.291741669178009,431.732574462891,0.0
InChI%3D1S%2FC6H10O3%2Fc1-5%282%296%288%299-4-3-7%2Fh7H%2C1%2C3-4H2%2C2H3,38.2185134887695,19.6339302062988,0.361556887626648,244.090911865234,3.0
InChI%3D1S%2FC7H4Br2O2%2Fc8-5-1-4%283-10%297%2811%296%289%292-5%2Fh1-3%2C11H,94.7537841796875,22.6911716461182,0.398048311471939,295.845794677734,1.0
InChI%3D1S%2FC6H6BrN%2Fc7-5-1-3-6%288%294-2-5%2Fh1-4H%2C8H2,55.1248168945312,18.7107582092285,0.532572686672211,336.647674560547,1.0
InChI%3D1S%2FC2H2Cl4%2Fc3-1%284%292%285%296%2Fh1-2H,63.5803642272949,13.5735864639282,0.25,272.488403320312,0.0
InChI%3D1S%2FC9H13N%2Fc1-8-4-6-9%287-5-8%2910%282%293%2Fh4-7H%2C1-3H3,36.4612007141113,25.6083087921143,0.475317060947418,379.294586181641,1.0
InChI%3D1S%2FC5H10N2O2S%2Fc1-4%2810-3%297-9-5%288%296-2%2Fh1-3H3%2C%28H%2C6%2C8%29,54.5711631774902,22.1719303131104,0.326332598924637,292.575042724609,2.0
InChI%3D1S%2FC8H5F3O%2Fc9-8%2810%2C11%297-3-1-2-6%284-7%295-12%2Fh1-5H,85.1322860717773,19.8869647979736,0.298063278198242,332.659912109375,1.0
InChI%3D1S%2FC6H5ClO%2Fc7-5-3-1-2-4-6%285%298%2Fh1-4%2C8H,57.2023277282715,16.8759651184082,0.534971296787262,262.550231933594,0.0
InChI%3D1S%2FC10H18%2Fc1-3-5-7-9-10-8-6-4-2%2Fh3-4H%2C1-2%2C5-10H2,66.2888641357422,29.60227394104,0.154963120818138,506.085083007812,0.0
InChI%3D1S%2FC9H14O2%2Fc1-2-9%2810%2911-8-6-4-3-5-7-8%2Fh2%2C8H%2C1%2C3-7H2,33.042781829834,26.7791023254395,0.35540983080864,316.002838134766,2.0
InChI%3D1S%2FC17H18O2%2Fc1-17%282%2C3%2914-7-9-15%2810-8-14%2919-16-6-4-5-13%2811-16%2912-18%2Fh4-12H%2C1-3H3,95.839210510254,43.5262756347656,0.265791296958923,491.839813232422,1.0
InChI%3D1S%2FC6H12O2%2Fc1-3-4-5-8-6%282%297%2Fh3-5H2%2C1-2H3,23.205322265625,20.1655158996582,0.432473361492157,289.075775146484,2.0
InChI%3D1S%2FC6H5ClO2%2Fc7-4-1-2-5%288%296%289%293-4%2Fh1-3%2C8-9H,57.5984573364258,17.6779651641846,0.392114788293839,210.12028503418,0.0
InChI%3D1S%2FC7H9N%2Fc8-6-7-4-2-1-3-5-7%2Fh1-5H%2C6%2C8H2,44.0701484680176,19.4211368560791,0.494645655155182,339.009582519531,1.0
InChI%3D1S%2FC7H16O%2Fc1-5%282%297%288%296%283%294%2Fh5-8H%2C1-4H3,20.8575115203857,23.7906875610352,0.58131068944931,314.143646240234,1.0
InChI%3D1S%2FC3H10N2%2Fc1-3%285%292-4%2Fh3H%2C2%2C4-5H2%2C1H3,27.7891502380371,14.1479301452637,0.466913968324661,293.909423828125,2.0
InChI%3D1S%2FC8H12N2O2S%2Fc1-3-9-6%2811%295-7%2812%2910%284-2%298%289%2913%2Fh3-5H2%2C1-2H3,51.4672470092773,28.7855167388916,0.258083432912827,319.719207763672,4.0
InChI%3D1S%2FC7H4Cl2O%2Fc8-6-2-1-5%284-10%297%289%293-6%2Fh1-4H,81.245491027832,20.1491718292236,0.454972088336945,321.521850585938,1.0
InChI%3D1S%2FC8H11NO%2Fc10-6-2-4-8-3-1-5-9-7-8%2Fh1%2C3%2C5%2C7%2C10H%2C2%2C4%2C6H2,33.5867614746094,23.316722869873,0.472192406654358,273.217010498047,2.0
InChI%3D1S%2FCH2Cl2%2Fc2-1-3%2Fh1H2,59.5121383666992,7.45358610153198,0.5,324.193969726562,0.0
InChI%3D1S%2FC6H14S2%2Fc1-3-7-5-6-8-4-2%2Fh3-6H2%2C1-2H3,36.3682479858398,25.6951026916504,0.355240732431412,390.587005615234,0.0
InChI%3D1S%2FC6H15NO%2Fc1-3-7%284-2%295-6-8%2Fh8H%2C3-6H2%2C1-2H3,29.2745113372803,22.4638957977295,0.487601637840271,308.795349121094,2.0
InChI%3D1S%2FC6H4FNO2%2Fc7-5-1-3-6%284-2-5%298%289%2910%2Fh1-4H,63.4699668884277,16.4881725311279,0.365022003650665,281.102111816406,0.0
InChI%3D1S%2FC6H12O%2Fc1-5%287%296%282%2C3%294%2Fh1-4H3,30.6632843017578,19.3635158538818,0.644374489784241,293.686492919922,1.0
InChI%3D1S%2FC11H14O4%2Fc1-7%2812%298-5-6-9%2813-2%2911%2815-4%2910%288%2914-3%2Fh5-6H%2C1-4H3,41.3253211975098,31.9031028747559,0.246498793363571,391.571411132812,1.0
InChI%3D1S%2FC13H26O%2Fc1-3-4-5-6-7-8-9-10-11-12-13%282%2914%2Fh3-12H2%2C1-2H3,44.3268928527832,41.0186195373535,0.35413259267807,533.282104492188,1.0
InChI%3D1S%2FC6H14%2Fc1-3-5-6-4-2%2Fh3-6H2%2C1-2H3,4.7350025177002,19.8951015472412,0.187427252531052,314.985321044922,0.0
InChI%3D1S%2FC7H4Cl4%2Fc8-4-2-1-3-5%289%296%284%297%2810%2911%2Fh1-3%2C7H,95.7854690551758,23.7071723937988,0.208334013819695,361.018646240234,0.0
InChI%3D1S%2FC7H13N3O3S%2Fc1-8-7%2812%2913-9-5%2814-4%296%2811%2910%282%293%2Fh1-4H3%2C%28H%2C8%2C12%29,83.1749801635742,29.5943088531494,0.217999920248985,388.616424560547,4.0
InChI%3D1S%2FC12H8BrNO%2Fc13-11-5-3-9%284-6-11%2912%2815%2910-2-1-7-14-8-10%2Fh1-8H,107.890419006348,31.406343460083,0.311814188957214,426.930633544922,2.0
InChI%3D1S%2FC10H16O%2Fc1-9%282%297-4-5-10%289%2C3%298%2811%296-7%2Fh7H%2C4-6H2%2C1-3H3,20.4790649414062,29.0706882476807,0.493609577417374,299.901672363281,1.0
InChI%3D1S%2FC6H7N%2Fc7-6-4-2-1-3-5-6%2Fh1-5H%2C7H2,28.2429008483887,16.3275508880615,0.526972889900208,274.155914306641,1.0