SMILES,ATSc5,VPC-4,khs.sOH,ATSc3
InChI%3D1S%2FC6H10N6%2Fc7-4-10-5%288%2912-6%2811-4%299-3-1-2-3%2Fh3H%2C1-2H2%2C%28H5%2C7%2C8%2C9%2C10%2C11%2C12%29,0.160171255469322,0.277726292610168,0.0,0.281851977109909
InChI%3D1S%2FC14H21N3O4%2Fc1-6-9%282%2915-13-11%2816%2818%2919%297-10%2814%283%2C4%295%298-12%2813%2917%2820%2921%2Fh7-9%2C15H%2C6H2%2C1-5H3,0.0401171967387199,2.04905915260315,0.0,-0.0852529183030128
InChI%3D1S%2FC8H8Cl3O3PS%2Fc1-12-15%2816%2C13-2%2914-8-4-6%2810%295%289%293-7%288%2911%2Fh3-4H%2C1-2H3,-0.0491257049143314,2.77381730079651,0.0,0.30759659409523
InChI%3D1S%2FC12H27OPS3%2Fc1-4-7-10-15-14%2813%2C16-11-8-5-2%2917-12-9-6-3%2Fh4-12H2%2C1-3H3,-0.00128925079479814,4.35928630828857,0.0,0.112704828381538
InChI%3D1S%2FC13H12BrCl2N3O%2Fc14-9-4-13%2820-5-9%2C6-19-8-17-7-18-19%2911-2-1-10%2815%293-12%2811%2916%2Fh1-3%2C7-9H%2C4-6H2,-0.0288161039352417,2.16883587837219,0.0,-0.0708353221416473
InChI%3D1S%2FC15H15F3N2O2%2Fc1-10%282%2914%2821%2C12-7-19-9-20-8-12%2911-3-5-13%286-4-11%2922-15%2816%2C17%2918%2Fh3-10%2C21H%2C1-2H3,0.0727815330028534,1.84633195400238,1.0,0.294927299022675
InChI%3D1S%2FC8H8Cl2O2%2Fc1-11-7-3-6%2810%298%2812-2%294-5%287%299%2Fh3-4H%2C1-2H3,-0.0165000986307859,0.86472499370575,0.0,-0.0830338448286057
InChI%3D1S%2FC10H22O3%2Fc1-4-5-6-12-8-10%283%2913-7-9%282%2911%2Fh9-11H%2C4-8H2%2C1-3H3,-0.0901397466659546,0.260428100824356,1.0,-0.18301248550415
InChI%3D1S%2FC10H19O6PS2%2Fc1-5-15-9%2811%297-8%2810%2812%2916-6-2%2919-17%2818%2C13-3%2914-4%2Fh8H%2C5-7H2%2C1-4H3,-0.477301210165024,4.71259880065918,0.0,0.359758257865906
InChI%3D1S%2FC17H18N4O6S%2Fc1-10-7-11%282%2919-16%2818-10%2920-17%2823%2921-28%2824%2C25%2914-6-4-3-5-13%2814%2915%2822%2927-12-8-26-9-12%2Fh3-7%2C12H%2C8-9H2%2C1-2H3%2C%28H2%2C18%2C19%2C20%2C21%2C23%29,-0.112659886479378,1.5876008272171,1.0,0.323908567428589
InChI%3D1S%2FC14H12Cl2N2O%2Fc1-19-18-14%287-10-3-2-6-17-9-10%2912-5-4-11%2815%298-13%2812%2916%2Fh2-6%2C8-9H%2C7H2%2C1H3,0.00208179396577179,1.04687249660492,0.0,-0.0512963011860847
InChI%3D1S%2FC13H6Cl6O2%2Fc14-6-2-8%2816%2912%2820%294%2810%286%2918%291-5-11%2819%297%2815%293-9%2817%2913%285%2921%2Fh2-3%2C20-21H%2C1H2,-0.0031671361066401,2.87041640281677,2.0,-0.123784475028515
InChI%3D1S%2FC10H9Cl4NO2S%2Fc11-9%2812%2910%2813%2C14%2918-15-7%2816%295-3-1-2-4-6%285%298%2815%2917%2Fh1-2%2C5-6%2C9H%2C3-4H2,0.00565024605020881,5.94472932815552,0.0,-0.0395347066223621
InChI%3D1S%2FC19H22FN3O3%2Fc1-2-21-5-7-22%288-6-21%2917-10-16-13%289-15%2817%2920%2918%2824%2914%2819%2825%2926%2911-23%2816%2912-3-4-12%2Fh9-12H%2C2-8H2%2C1H3%2C%28H%2C25%2C26%29,0.288877040147781,2.15444278717041,1.0,-0.156698942184448
InChI%3D1S%2FC9H13BrN2O2%2Fc1-4-5%282%2912-8%2813%297%2810%296%283%2911-9%2812%2914%2Fh5H%2C4H2%2C1-3H3%2C%28H%2C11%2C14%29,0.000318187871016562,2.21879625320435,1.0,0.146929457783699
InChI%3D1S%2FC14H18N2O4%2Fc1-10-5-4-6-11%282%2913%2810%2916%2812%2817%299-19-3%2915-7-8-20-14%2815%2918%2Fh4-6H%2C7-9H2%2C1-3H3,-0.187968418002129,1.17084240913391,0.0,-0.0197418667376041
InChI%3D1S%2FC16H12ClF4N3O4%2Fc1-2-22%288-10-11%2817%294-3-5-12%2810%2918%2915-13%2823%2825%2926%296-9%2816%2819%2C20%2921%297-14%2815%2924%2827%2928%2Fh3-7H%2C2%2C8H2%2C1H3,0.0812560245394707,1.81182384490967,0.0,0.00249426579102874
InChI%3D1S%2FC14H19NO%2Fc1-5-16-11-6-7-13-12%288-11%2910%282%299-14%283%2C4%2915-13%2Fh6-9%2C15H%2C5H2%2C1-4H3,-0.0233610067516565,1.29027354717255,0.0,-0.0269907116889954
InChI%3D1S%2FC2H2Cl4%2Fc3-1%284%292%285%296%2Fh1-2H,0.0,1.94381725788116,0.0,-0.104592353105545
InChI%3D1S%2FC14H12FNO3%2Fc1-7-2-3-8-4-9%2815%295-10-12%288%2916%287%296-11%2813%2810%2917%2914%2818%2919%2Fh4-7H%2C2-3H2%2C1H3%2C%28H%2C18%2C19%29,0.25272935628891,1.73547291755676,1.0,-0.036917682737112
InChI%3D1S%2FC14H18ClN3O2%2Fc1-14%282%2C3%2912%2819%2913%2818-9-16-8-17-18%2920-11-6-4-10%2815%295-7-11%2Fh4-9%2C12-13%2C19H%2C1-3H3,-0.0758185014128685,1.79517495632172,1.0,-0.0342493914067745
InChI%3D1S%2FC17H27NO3S%2Fc1-3-6-14%2818-21-4-2%2917-15%2819%299-13%2810-16%2817%2920%2912-7-5-8-22-11-12%2Fh12-13%2C18H%2C3-11H2%2C1-2H3,-0.0170368682593107,1.58955371379852,0.0,-0.050405390560627
InChI%3D1S%2FC26H23F2NO4%2Fc1-17%282%2924%2818-11-13-21%2814-12-18%2932-26%2827%2928%2925%2830%2933-23%2816-29%2919-7-6-10-22%2815-19%2931-20-8-4-3-5-9-20%2Fh3-15%2C17%2C23-24%2C26H%2C1-2H3,-0.178945422172546,1.62817847728729,0.0,0.138504534959793
InChI%3D1S%2FC6H10O4S2%2Fc1-5-6%282%2912%289%2C10%294-3-11%285%2C7%298%2Fh3-4H2%2C1-2H3,-0.192828223109245,2.93629193305969,0.0,0.0306772291660309
InChI%3D1S%2FC14H9ClF2N2O2%2Fc15-8-4-6-9%287-5-8%2918-14%2821%2919-13%2820%2912-10%2816%292-1-3-11%2812%2917%2Fh1-7H%2C%28H2%2C18%2C19%2C20%2C21%29,0.299839466810226,0.82417219877243,1.0,0.207956165075302
InChI%3D1S%2FC11H15N3O2%2Fc1-12-11%2815%2916-10-6-4-5-9%287-10%2913-8-14%282%293%2Fh4-8H%2C1-3H3%2C%28H%2C12%2C15%29,0.105948247015476,0.40736648440361,1.0,0.312707245349884
InChI%3D1S%2FC16H22O4%2Fc1-3-5-11-19-15%2817%2913-9-7-8-10-14%2813%2916%2818%2920-12-6-4-2%2Fh7-10H%2C3-6%2C11-12H2%2C1-2H3,-0.297149538993835,0.505391359329224,,0.174015462398529
InChI%3D1S%2FC2H6O2%2Fc3-1-2-4%2Fh3-4H%2C1-2H2,0.0,0.0,2.0,-0.0950911492109299
InChI%3D1S%2FC15H17ClN4%2Fc1-2-3-8-15%289-17%2C10-20-12-18-11-19-20%2913-4-6-14%2816%297-5-13%2Fh4-7%2C11-12H%2C2-3%2C8%2C10H2%2C1H3,0.0763964727520943,1.47246980667114,0.0,0.00736798904836178
InChI%3D1S%2FC12H18N4O6S%2Fc1-7%282%2914%288%283%294%2912-10%2815%2817%2918%295-9%2823%2813%2C21%2922%296-11%2812%2916%2819%2920%2Fh5-8H%2C1-4H3%2C%28H2%2C13%2C21%2C22%29,-0.114914834499359,2.14605331420898,0.0,-0.0442717224359512
InChI%3D1S%2FC8H14ClN5%2Fc1-4-10-7-12-6%289%2913-8%2814-7%2911-5%282%293%2Fh5H%2C4H2%2C1-3H3%2C%28H2%2C10%2C11%2C12%2C13%2C14%29,0.28693875670433,0.485017627477646,0.0,0.359437346458435
InChI%3D1S%2FC31H52O3%2Fc1-21%282%2913-10-14-22%283%2915-11-16-23%284%2917-12-19-31%289%2920-18-28-26%287%2929%2833-27%288%2932%2924%285%2925%286%2930%2828%2934-31%2Fh21-23H%2C10-20H2%2C1-9H3,-0.0615459084510803,3.52833533287048,0.0,0.0147378034889698
InChI%3D1S%2FC8H10NO5PS%2Fc1-12-15%2816%2C13-2%2914-8-5-3-7%284-6-8%299%2810%2911%2Fh3-6H%2C1-2H3,0.000108863561763428,1.95733618736267,0.0,0.360975921154022
InChI%3D1S%2FC6H9N3O3%2Fc1-5-7-4-6%289%2811%2912%298%285%292-3-10%2Fh4%2C10H%2C2-3H2%2C1H3,-0.0880926698446274,0.610594511032104,1.0,-0.0802217423915863
InChI%3D1S%2FC17H12Cl2N2O%2Fc18-14-7-5-12%286-8-14%2917%2822%2C13-9-20-11-21-10-13%2915-3-1-2-4-16%2815%2919%2Fh1-11%2C22H,0.130772277712822,1.76092565059662,1.0,0.0577334575355053
InChI%3D1S%2FC11H9Cl2NO2%2Fc12-6-1-2-7-16-11%2815%2914-10-5-3-4-9%2813%298-10%2Fh3-5%2C8H%2C6-7H2%2C%28H%2C14%2C15%29,-0.0317845158278942,0.370448738336563,1.0,0.227757856249809
InChI%3D1S%2FC5H5N3O%2Fc6-5%289%294-3-7-1-2-8-4%2Fh1-3H%2C%28H2%2C6%2C9%29,0.0555299408733845,0.184552550315857,1.0,-0.12064915895462
InChI%3D1S%2FC22H19Br2NO3%2Fc1-22%282%2917%2812-19%2823%2924%2920%2822%2921%2826%2928-18%2813-25%2914-7-6-10-16%2811-14%2927-15-8-4-3-5-9-15%2Fh3-12%2C17-18%2C20H%2C1-2H3,-0.15813310444355,2.83225297927856,0.0,-0.0114659359678626
InChI%3D1S%2FC19H24O3%2Fc1-7-8-13-12%284%2916%2810-15%2813%2920%2922-18%2821%2917-14%289-11%282%293%2919%2817%2C5%296%2Fh1%2C9%2C14%2C16-17H%2C8%2C10H2%2C2-6H3,0.108615897595882,2.77576041221619,0.0,0.0566780343651772
InChI%3D1S%2FC7H5Cl2FN2O3%2Fc8-3-5%2811%294%289%297%2812-6%283%2910%2915-1-2%2813%2914%2Fh1H2%2C%28H2%2C11%2C12%29%28H%2C13%2C14%29,-0.00698149623349309,1.02563977241516,1.0,-0.192991510033607
InChI%3D1S%2FC5H12NO4P%2Fc1-11%289%2C10%293-2-4%286%295%287%298%2Fh4H%2C2-3%2C6H2%2C1H3%2C%28H%2C7%2C8%29%28H%2C9%2C10%29,-0.0518928803503513,0.600189387798309,2.0,-0.0699492841959
InChI%3D1S%2FC10H16Cl3NOS%2Fc1-6%282%2914%287%283%294%2910%2815%2916-5-8%2811%299%2812%2913%2Fh6-7H%2C5H2%2C1-4H3,-0.0335948430001736,2.4761700630188,0.0,0.101045526564121
InChI%3D1S%2FC22H28N2O2%2Fc1-7-17-8-10-18%2811-9-17%2920%2825%2923-24%2822%284%2C5%296%2921%2826%2919-13-15%282%2912-16%283%2914-19%2Fh8-14H%2C7H2%2C1-6H3%2C%28H%2C23%2C25%29,-0.109647907316685,2.01114583015442,0.0,-0.0378425382077694
InChI%3D1S%2FC19H26O4S%2Fc1-5-14-21-24%2820%2923-18-9-7-6-8-17%2818%2922-16-12-10-15%2811-13-16%2919%282%2C3%294%2Fh1%2C10-13%2C17-18H%2C6-9%2C14H2%2C2-4H3,-0.13590133190155,1.88816690444946,0.0,0.18262942135334
InChI%3D1S%2FC2H6ClO3P%2Fc3-1-2-7%284%2C5%296%2Fh1-2H2%2C%28H2%2C4%2C5%2C6%29,0.0823785588145256,0.189651370048523,2.0,0.0410176515579224
InChI%3D1S%2FC18H24N2O4%2Fc1-6-18%283%2C7-2%2914-11-15%2824-20-14%2919-17%2821%2916-12%2822-4%299-8-10-13%2816%2923-5%2Fh8-11H%2C6-7H2%2C1-5H3%2C%28H%2C19%2C21%29,0.579752862453461,2.45385932922363,0.0,0.0279642660170794
InChI%3D1S%2FC6H7N3O2%2Fc7-4-1-2-5%288%296%283-4%299%2810%2911%2Fh1-3H%2C7-8H2,-0.0283876061439514,0.43682649731636,0.0,-0.0291825421154499
InChI%3D1S%2FC2I4%2Fc3-1%284%292%285%296,0.0,16.2994041442871,0.0,-0.00715739000588655
InChI%3D1S%2FC10H14O2%2Fc1-10%282%2C3%298-6-7%2811%294-5-9%288%2912%2Fh4-6%2C11-12H%2C1-3H3,-0.0685745850205421,1.32165634632111,2.0,-0.00717471400275826
InChI%3D1S%2FC9H4Cl3NO2S%2Fc10-9%2811%2C12%2916-13-7%2814%295-3-1-2-4-6%285%298%2813%2915%2Fh1-4H,-0.198707640171051,1.9916273355484,0.0,0.0909772589802742
InChI%3D1S%2FC17H16F3NO2%2Fc1-11%282%2923-13-7-5-6-12%2810-13%2921-16%2822%2914-8-3-4-9-15%2814%2917%2818%2C19%2920%2Fh3-11H%2C1-2H3%2C%28H%2C21%2C22%29,-0.153232648968697,0.927522778511047,1.0,0.0800609961152077
InChI%3D1S%2FC12H12N2%2Fc1-3-7-13-9-10-14-8-4-2-6-12%2814%2911%2813%295-1%2Fh1-8H%2C9-10H2,-0.0232678279280663,1.10406935214996,0.0,-0.0609587766230106
InChI%3D1S%2FC12H20N4O2%2Fc1-14%282%2910-13-11%2817%2916%2812%2818%2915%2810%293%299-7-5-4-6-8-9%2Fh9H%2C4-8H2%2C1-3H3,0.460870683193207,1.4089457988739,0.0,0.637030243873596
InChI%3D1S%2FC9H17NOS%2Fc1-2-12-9%2811%2910-7-5-3-4-6-8-10%2Fh2-8H2%2C1H3,-0.00669821258634329,0.577858865261078,0.0,0.144118443131447
InChI%3D1S%2FC16H13ClF3NO4%2Fc1-9%2815%2822%2923-2%2924-11-3-5-12%286-4-11%2925-14-13%2817%297-10%288-21-14%2916%2818%2C19%2920%2Fh3-9H%2C1-2H3,-0.173693165183067,1.1477210521698,0.0,-0.0107917115092278
InChI%3D1S%2FC10H14NO5PS%2Fc1-3-14-17%2818%2C15-4-2%2916-10-7-5-9%286-8-10%2911%2812%2913%2Fh5-8H%2C3-4H2%2C1-2H3,-0.0605236813426018,1.58301293849945,0.0,0.323491543531418
InChI%3D1S%2FC9H13ClN6%2Fc1-4-12-7-13-6%2810%2914-8%2815-7%2916-9%282%2C3%295-11%2Fh4H2%2C1-3H3%2C%28H2%2C12%2C13%2C14%2C15%2C16%29,0.174907580018044,0.906518399715424,0.0,0.345910608768463
InChI%3D1S%2FC15H31N3O2%2Fc1-14%2819%2920-13-11-9-7-5-3-2-4-6-8-10-12-18-15%2816%2917%2Fh2-13H2%2C1H3%2C%28H4%2C16%2C17%2C18%29,-0.0077746300958097,0.109956599771976,0.0,0.106714904308319
InChI%3D1S%2FC15H12F4N4O7S%2Fc1-28-11%2824%297-4-2-3-5-8%287%2931%2826%2C27%2923-15%2825%2922-14-20-9%2829-12%2816%2917%296-10%2821-14%2930-13%2818%2919%2Fh2-6%2C12-13H%2C1H3%2C%28H2%2C20%2C21%2C22%2C23%2C25%29,0.836363136768341,1.39180076122284,1.0,0.987820446491241
InChI%3D1S%2FC20H19F3N2O4%2Fc1-13%2814-8-6-9-16%2811-14%2920%2821%2C22%2923%2924-29-12-15-7-4-5-10-17%2815%2918%2825-28-3%2919%2826%2927-2%2Fh4-11H%2C12H2%2C1-3H3,0.156173378229141,1.31620895862579,0.0,-0.0325918719172478
InChI%3D1S%2FC2H6N4S2%2Fc3-1%287%295-6-2%284%298%2Fh%28H3%2C3%2C5%2C7%29%28H3%2C4%2C6%2C8%29,-0.0573898293077946,0.167705103754997,0.0,-0.00648657139390707
InChI%3D1S%2FC14H16ClN3O2%2Fc1-14%282%2C3%2912%2819%2913%2818-9-16-8-17-18%2920-11-6-4-10%2815%295-7-11%2Fh4-9%2C13H%2C1-3H3,-0.0898498147726059,1.55952775478363,0.0,-0.0522603280842304
InChI%3D1S%2FC18H19NO4%2Fc1-13-8-4-7-11-16%2813%2923-12-14-9-5-6-10-15%2814%2917%2819-22-3%2918%2820%2921-2%2Fh4-11H%2C12H2%2C1-3H3,0.138438448309898,1.01732325553894,0.0,-0.0429460406303406
InChI%3D1S%2FC10H10O4%2Fc1-13-9%2811%297-3-5-8%286-4-7%2910%2812%2914-2%2Fh3-6H%2C1-2H3,0.0308634322136641,0.50809121131897,0.0,0.175848066806793
InChI%3D1S%2FC14H17Cl2N3O%2Fc1-2-3-6-14%2820%2C8-19-10-17-9-18-19%2912-5-4-11%2815%297-13%2812%2916%2Fh4-5%2C7%2C9-10%2C20H%2C2-3%2C6%2C8H2%2C1H3,0.00946060102432966,1.55535352230072,1.0,-0.0120442733168602
InChI%3D1S%2FC24H40O3%2Fc1-15%284-9-22%2826%2927%2919-7-8-20-18-6-5-16-14-17%2825%2910-12-23%2816%2C2%2921%2818%2911-13-24%2819%2C20%293%2Fh15-21%2C25H%2C4-14H2%2C1-3H3%2C%28H%2C26%2C27%29,-0.000274349440587685,6.48212814331055,2.0,-0.0112868472933769
InChI%3D1S%2FCH2Cl2%2Fc2-1-3%2Fh1H2,0.0,0.0,0.0,0.0174320582300425
InChI%3D1S%2FC22H18N2O4%2Fc1-22%2816-12-14-19%2815-13-16%2927-18-10-6-3-7-11-18%2920%2825%2924%2821%2826%2928-22%2923-17-8-4-2-5-9-17%2Fh2-15%2C23H%2C1H3,0.018523883074522,1.6135162115097,0.0,0.0323413945734501
InChI%3D1S%2FC8H6Cl2O3%2Fc1-13-7-5%2810%293-2-4%289%296%287%298%2811%2912%2Fh2-3H%2C1H3%2C%28H%2C11%2C12%29,0.160066336393356,0.953509449958801,1.0,-0.0102968225255609
InChI%3D1S%2FC6H12N2S4%2Fc1-7%282%295%289%2911-12-6%2810%298%283%294%2Fh1-4H3,-0.070487879216671,2.79835605621338,0.0,0.0841490626335144
InChI%3D1S%2FC13H16F3N3O4%2Fc1-7%282%2917%288%283%294%2912-10%2818%2820%2921%295-9%2813%2814%2C15%2916%296-11%2812%2919%2822%2923%2Fh5-8H%2C1-4H3,-0.101204931735992,1.78220582008362,0.0,-0.00504271406680346
InChI%3D1S%2FC9H5Cl3N4%2Fc10-5-3-1-2-4-6%285%2913-9-15-7%2811%2914-8%2812%2916-9%2Fh1-4H%2C%28H%2C13%2C14%2C15%2C16%29,0.142923846840858,0.887323915958405,0.0,0.322831213474274
InChI%3D1S%2FC9H8N4OS%2Fc14-9%2812-8-6-10-13-15-8%2911-7-4-2-1-3-5-7%2Fh1-6H%2C%28H2%2C11%2C12%2C14%29,-0.0970555245876312,0.419836312532425,1.0,0.0931658074259758
InChI%3D1S%2FC7H10N2O4S%2Fc1-5-4-6%288%292-3-7%285%299-13-14%2810%2C11%2912%2Fh2-4%2C9H%2C8H2%2C1H3%2C%28H%2C10%2C11%2C12%29,-0.0484181232750416,0.610434114933014,1.0,0.0591525845229626
InChI%3D1S%2FC25H24F6N4%2Fc1-23%282%2915-32-22%2833-16-23%2935-34-21%2813-7-17-3-9-19%2810-4-17%2924%2826%2C27%2928%2914-8-18-5-11-20%2812-6-18%2925%2829%2C30%2931%2Fh3-14H%2C15-16H2%2C1-2H3%2C%28H2%2C32%2C33%2C35%29,-0.0710160285234451,1.99808990955353,0.0,0.146192640066147
InChI%3D1S%2FC13H13Cl2N3O3%2Fc1-7%282%2916-12%2820%2917-6-11%2819%2918%2813%2817%2921%2910-4-8%2814%293-9%2815%295-10%2Fh3-5%2C7H%2C6H2%2C1-2H3%2C%28H%2C16%2C20%29,0.262337148189545,1.27205157279968,1.0,0.419425576925278
InChI%3D1S%2FC22H42O4%2Fc1-5-9-13-19%287-3%2917-25-21%2823%2915-11-12-16-22%2824%2926-18-20%288-4%2914-10-6-2%2Fh19-20H%2C5-18H2%2C1-4H3,0.0354279801249504,1.03025674819946,0.0,0.124197535216808
InChI%3D1S%2FC14H20ClNO2%2Fc1-4-11-7-6-8-12%285-2%2914%2811%2916%2810-18-3%2913%2817%299-15%2Fh6-8H%2C4-5%2C9-10H2%2C1-3H3,0.0213385242968798,1.07702970504761,,0.101935885846615
InChI%3D1S%2FC16H23N3OS%2Fc1-12%282%2919-14%2817-16%283%2C4%295%2921-11-18%2815%2819%2920%2913-9-7-6-8-10-13%2Fh6-10%2C12H%2C11H2%2C1-5H3,0.142609372735023,1.69068372249603,0.0,0.364036232233047
InChI%3D1S%2FC12H9Cl2NO3%2Fc1-3-12%282%2910%2816%2915%2811%2817%2918-12%299-5-7%2813%294-8%2814%296-9%2Fh3-6H%2C1H2%2C2H3,0.199660316109657,1.50785207748413,0.0,0.230249717831612
InChI%3D1S%2FC12H14N2%2Fc1-13-7-3-11%284-8-13%2912-5-9-14%282%2910-6-12%2Fh3-10H%2C1-2H3,0.0414571054279804,1.33956229686737,0.0,-0.022059790790081
InChI%3D1S%2FC6H6ClN%2Fc7-5-1-3-6%288%294-2-5%2Fh1-4H%2C8H2,-0.0298122633248568,0.329329013824463,,-0.00337254512123764
InChI%3D1S%2FC16H16N2O4%2Fc1-11-5-3-6-12%289-11%2918-16%2820%2922-14-8-4-7-13%2810-14%2917-15%2819%2921-2%2Fh3-10H%2C1-2H3%2C%28H%2C17%2C19%29%28H%2C18%2C20%29,0.0774869248270988,0.624083042144775,2.0,0.41186597943306
InChI%3D1S%2FC7H17O2PS3%2Fc1-4-8-10%2811%2C9-5-2%2913-7-12-6-3%2Fh4-7H2%2C1-3H3,0.125257968902588,3.29203581809998,0.0,0.207857683300972
InChI%3D1S%2FC10H6Cl4O4%2Fc1-17-9%2815%293-5%2811%297%2813%294%2810%2816%2918-2%298%2814%296%283%2912%2Fh1-2H3,-0.00323764956556261,2.17047929763794,0.0,0.209316372871399
InChI%3D1S%2FC7H7NO2%2Fc8-6-4-2-1-3-5%286%297%289%2910%2Fh1-4H%2C8H2%2C%28H%2C9%2C10%29,0.046682670712471,0.373803436756134,1.0,0.0159692261368036
InChI%3D1S%2FCCl2F2%2Fc2-1%283%2C4%295,0.0,0.0,0.0,0.0760045647621155
InChI%3D1S%2FC12H8Cl6%2Fc13-8-9%2814%2911%2816%297-5-2-1-4%283-5%296%287%2910%288%2C15%2912%2811%2C17%2918%2Fh1-2%2C4-7H%2C3H2,0.0828616917133331,9.48432064056396,0.0,-0.103815689682961
InChI%3D1S%2FC6H4Cl2N2O2%2Fc7-4-1-3%2810%2811%2912%292-5%288%296%284%299%2Fh1-2H%2C9H2,-0.0900984555482864,0.94173264503479,0.0,-0.038517564535141
InChI%3D1S%2FC10H23O2PS2%2Fc1-6-9%284%2914-13%2811%2C12-8-3%2915-10%285%297-2%2Fh9-10H%2C6-8H2%2C1-5H3,-0.0204157624393702,3.26287221908569,0.0,0.20266580581665
InChI%3D1S%2FCHBr2Cl%2Fc2-1%283%294%2Fh1H,0.0,0.0,0.0,0.0278795715421438
InChI%3D1S%2FC12H21N2O3PS%2Fc1-6-15-18%2819%2C16-7-2%2917-11-8-10%285%2913-12%2814-11%299%283%294%2Fh8-9H%2C6-7H2%2C1-5H3,0.216204479336739,1.90711963176727,0.0,0.441913247108459
InChI%3D1S%2FC7H16N%2Fc1-8%282%296-4-3-5-7-8%2Fh3-7H2%2C1-2H3,0.000423653342295438,,0.0,0.0183147843927145
InChI%3D1S%2FC6H10O%2Fc7-6-4-2-1-3-5-6%2Fh1-5H2,-0.000287080794805661,0.144337564706802,0.0,-0.0319590643048286
InChI%3D1S%2FC14H17Cl2NO2%2Fc1-14%287-3-2-4-8-14%2913%2819%2917-9-5-6-10%2818%2912%2816%2911%289%2915%2Fh5-6%2C18H%2C2-4%2C7-8H2%2C1H3%2C%28H%2C17%2C19%29,-0.0190696455538273,2.42541885375977,2.0,-0.0744848176836967
InChI%3D1S%2FC11H14ClNO%2Fc1-9%282%2913%2811%2814%298-12%2910-6-4-3-5-7-10%2Fh3-7%2C9H%2C8H2%2C1-2H3,-0.0215531904250383,0.842932224273682,0.0,-0.0610718168318272
InChI%3D1S%2FC18H16ClNO5%2Fc1-3-22-17%2821%2911%282%2923-13-5-7-14%288-6-13%2924-18-20-15-9-4-12%2819%2910-16%2815%2925-18%2Fh4-11H%2C3H2%2C1-2H3,-0.11062616109848,0.999328017234802,0.0,0.153780445456505
InChI%3D1S%2FC10H12O%2Fc1-3-4-9-5-7-10%2811-2%298-6-9%2Fh3-8H%2C1-2H3,-0.0103332456201315,0.313275456428528,0.0,0.000728900078684092
InChI%3D1S%2FC25H28O3%2Fc1-4-27-22-15-13-21%2814-16-22%2925%282%2C3%2919-26-18-20-9-8-12-24%2817-20%2928-23-10-6-5-7-11-23%2Fh5-17H%2C4%2C18-19H2%2C1-3H3,-0.0621902793645859,1.82908844947815,0.0,-0.0344650335609913
InChI%3D1S%2FC5H8O2%2Fc1-3-5%286%297-4-2%2Fh3H%2C1%2C4H2%2C2H3,-0.00594064220786095,0.0680413842201233,0.0,0.0750105679035187
InChI%3D1S%2FC22H28N2O3%2Fc1-14-11-15%282%2913-17%2812-14%2921%2826%2924%2822%284%2C5%296%2923-20%2825%2918-9-8-10-19%2827-7%2916%2818%293%2Fh8-13H%2C1-7H3%2C%28H%2C23%2C25%29,-0.175953552126884,2.16961765289307,1.0,-0.0346942320466042
InChI%3D1S%2FC8H11NO2%2Fc9-5-8%2811%296-1-3-7%2810%294-2-6%2Fh1-4%2C8%2C10-11H%2C5%2C9H2,0.0119838081300259,0.466365814208984,2.0,-0.0644511729478836
InChI%3D1S%2FC6H3N3O6%2Fc10-7%2811%294-1-5%288%2812%2913%293-6%282-4%299%2814%2915%2Fh1-3H,-0.261232942342758,0.535280406475067,0.0,0.0271005295217037
InChI%3D1S%2FC19H25NO4%2Fc1-11%282%299-14-15%2819%2814%2C3%294%2918%2823%2924-10-20-16%2821%2912-7-5-6-8-13%2812%2917%2820%2922%2Fh9%2C14-15H%2C5-8%2C10H2%2C1-4H3,0.385595083236694,2.71335363388062,0.0,0.391086637973785
InChI%3D1S%2FC12H13NO2S%2Fc1-9-11%2816-8-7-15-9%2912%2814%2913-10-5-3-2-4-6-10%2Fh2-6H%2C7-8H2%2C1H3%2C%28H%2C13%2C14%29,0.109154462814331,0.94354808330536,1.0,-0.0672471523284912
InChI%3D1S%2FCHCl3%2Fc2-1%283%294%2Fh1H,0.0,0.0,0.0,0.0365601144731045
InChI%3D1S%2FC7H14NO5P%2Fc1-6%285-7%289%298-2%2913-14%2810%2C11-3%2912-4%2Fh5H%2C1-4H3%2C%28H%2C8%2C9%29,0.160854041576385,0.567122519016266,1.0,0.625794887542725
InChI%3D1S%2FC10H5Cl7O%2Fc11-3-1-2%284-5%283%2918-4%299%2815%297%2813%296%2812%298%281%2C14%2910%289%2C16%2917%2Fh1-5H,-0.169190511107445,9.6491298675537,0.0,-0.0944367721676826
InChI%3D1S%2FC10H16N4O2S%2Fc1-10%282%2C3%297-11-12-8%2817-7%2914-6%2815%295-13%284%299%2814%2916%2Fh6%2C15H%2C5H2%2C1-4H3,0.163589239120483,2.73846316337585,1.0,0.352739900350571
InChI%3D1S%2FC6H3Cl3N2O2%2Fc7-1-3%2810%292%288%295%289%2911-4%281%296%2812%2913%2Fh%28H2%2C10%2C11%29%28H%2C12%2C13%29,-0.126698091626167,1.38045263290405,1.0,-0.132765337824821
InChI%3D1S%2FC28H31N2O3%2Fc1-6-29-23-15-25-21%2813-17%2823%294%2927%2819-11-9-10-12-20%2819%2928%2831%2932-8-3%2922-14-18%285%2924%2830-7-2%2916-26%2822%2933-25%2Fh9-16%2C29-30H%2C6-8H2%2C1-5H3,0.210649445652962,2.23819994926453,0.0,0.0298613179475069
InChI%3D1S%2FC12H12ClN5O4S%2Fc1-7-14-10%2817-12%2815-7%2922-2%2916-11%2819%2918-23%2820%2C21%299-6-4-3-5-8%289%2913%2Fh3-6H%2C1-2H3%2C%28H2%2C14%2C15%2C16%2C17%2C18%2C19%29,0.62940901517868,1.56691825389862,1.0,0.599701106548309
InChI%3D1S%2FC12H10%2Fc1-3-7-11%288-4-1%2912-9-5-2-6-10-12%2Fh1-10H,0.0,0.38490018248558,0.0,0.0
InChI%3D1S%2FC15H11ClF3NO4%2Fc1-8%2814%2821%2922%2923-10-2-4-11%285-3-10%2924-13-12%2816%296-9%287-20-13%2915%2817%2C18%2919%2Fh2-8H%2C1H3%2C%28H%2C21%2C22%29,-0.0975609719753265,1.11066746711731,1.0,-0.0846801474690437
InChI%3D1S%2FC9H8Cl2O3%2Fc1-5%289%2812%2913%2914-8-3-2-6%2810%294-7%288%2911%2Fh2-5H%2C1H3%2C%28H%2C12%2C13%29,-0.048010740429163,0.849579513072968,1.0,-0.197625368833542
InChI%3D1S%2FC12H15N3O2S%2Fc1-3-6-18-8-4-5-9-10%287-8%2914-11%2813-9%2915-12%2816%2917-2%2Fh4-5%2C7H%2C3%2C6H2%2C1-2H3%2C%28H2%2C13%2C14%2C15%2C16%29,0.277598798274994,0.758933067321777,1.0,0.377840638160706
InChI%3D1S%2FC4H8Cl3O4P%2Fc1-10-12%289%2C11-2%293%288%294%285%2C6%297%2Fh3%2C8H%2C1-2H3,0.352173954248428,2.17930173873901,1.0,0.00805314723402262
InChI%3D1S%2FC15H15ClN4O6S%2Fc1-3-26-13%2821%299-6-4-5-7-10%289%2927%2823%2C24%2920-15%2822%2919-14-17-11%2816%298-12%2818-14%2925-2%2Fh4-8H%2C3H2%2C1-2H3%2C%28H2%2C17%2C18%2C19%2C20%2C22%29,0.385619163513184,1.43145215511322,1.0,0.571836233139038
InChI%3D1S%2FC19H20O4%2Fc1-2-3-13-22-18%2820%2916-11-7-8-12-17%2816%2919%2821%2923-14-15-9-5-4-6-10-15%2Fh4-12H%2C2-3%2C13-14H2%2C1H3,-0.296077460050583,0.689586639404297,0.0,0.175141334533691
InChI%3D1S%2FC18H22N2O2%2Fc1-12%282%2919-10-13%2821%2911-22-17-9-5-8-16-18%2817%2914-6-3-4-7-15%2814%2920-16%2Fh3-9%2C12-13%2C19-21H%2C10-11H2%2C1-2H3,0.146746397018433,1.10991561412811,1.0,-0.159188434481621
InChI%3D1S%2FC10H15N5%2Fc11-9%2812%2915-10%2813%2914-7-6-8-4-2-1-3-5-8%2Fh1-5H%2C6-7H2%2C%28H6%2C11%2C12%2C13%2C14%2C15%29,0.0697840452194214,0.330944657325745,0.0,0.143495753407478
InChI%3D1S%2FC6H11NO%2Fc8-6-4-2-1-3-5-7-6%2Fh1-5H2%2C%28H%2C7%2C8%29,-0.00512320687994361,0.100000001490116,1.0,0.0312913693487644
InChI%3D1S%2FC8H10O5%2Fc9-7%2810%295-3-1-2-4%2813-3%296%285%298%2811%2912%2Fh3-6H%2C1-2H2%2C%28H%2C9%2C10%29%28H%2C11%2C12%29,-0.0651848763227463,1.16286623477936,2.0,0.0747957304120064
InChI%3D1S%2FC11H15NO2S%2Fc1-7-5-9%2814-11%2813%2912-3%296-8%282%2910%287%2915-4%2Fh5-6H%2C1-4H3%2C%28H%2C12%2C13%29,-0.0231543816626072,1.44158387184143,1.0,0.216314017772675
InChI%3D1S%2FC15H16F3N5O4S%2Fc1-9-19-12%2822-14%2820-9%2927-2%2921-13%2824%2923-28%2825%2C26%2911-6-4-3-5-10%2811%297-8-15%2816%2C17%2918%2Fh3-6H%2C7-8H2%2C1-2H3%2C%28H2%2C19%2C20%2C21%2C22%2C23%2C24%29,0.596190690994263,1.56826853752136,1.0,0.643270552158356
InChI%3D1S%2FC15H14O2%2Fc1-2-6-12%287-3-1%2914-8-4-5-9-15%2814%2917-11-13-10-16-13%2Fh1-9%2C13H%2C10-11H2,-0.0090328548103571,0.569417059421539,0.0,-0.0902649834752083
InChI%3D1S%2FC5H13ClN%2Fc1-7%282%2C3%295-4-6%2Fh4-5H2%2C1-3H3,-0.0363313965499401,,0.0,-0.0220172274857759
InChI%3D1S%2FAsH3O4%2Fc2-1%283%2C4%295%2Fh%28H3%2C2%2C3%2C4%2C5%29%2Fp-3,0.0,0.0,0.0,338.374053955078
InChI%3D1S%2FC2H3Cl%2Fc1-2-3%2Fh2H%2C1H2,0.0,0.0,0.0,-0.00265132472850382
InChI%3D1S%2FC19H14F3NO%2Fc1-23-11-16%2813-6-3-2-4-7-13%2918%2824%2917%2812-23%2914-8-5-9-15%2810-14%2919%2820%2C21%2922%2Fh2-12H%2C1H3,0.13972245156765,1.70571434497833,0.0,0.0169706456363201
InChI%3D1S%2FC14H18N2O5%2Fc1-21-14%2820%2911%287-9-5-3-2-4-6-9%2916-13%2819%2910%2815%298-12%2817%2918%2Fh2-6%2C10-11H%2C7-8%2C15H2%2C1H3%2C%28H%2C16%2C19%29%28H%2C17%2C18%29,-0.311735987663269,0.78269076347351,2.0,-0.00926894415169954
InChI%3D1S%2FC19H21ClN2O%2Fc20-16-12-10-15%2811-13-16%2914-22%2818-8-4-5-9-18%2919%2823%2921-17-6-2-1-3-7-17%2Fh1-3%2C6-7%2C10-13%2C18H%2C4-5%2C8-9%2C14H2%2C%28H%2C21%2C23%29,-0.0219809729605913,1.20494639873505,1.0,0.165028288960457
InChI%3D1S%2FCH2O%2Fc1-2%2Fh1H2,0.0,0.0,0.0,0.0
InChI%3D1S%2FC11H15NO2%2Fc1-7-5-8%282%299%283%2910%286-7%2914-11%2813%2912-4%2Fh5-6H%2C1-4H3%2C%28H%2C12%2C13%29,0.000479439739137888,0.984261572360992,1.0,0.212137222290039
InChI%3D1S%2FC6H6O%2Fc7-6-4-2-1-3-5-6%2Fh1-5%2C7H,-4.12444060202688e-05,0.086066298186779,,-0.0129378978163004
InChI%3D1S%2FC10H20O%2Fc1-7%282%299-5-4-8%283%296-10%289%2911%2Fh7-11H%2C4-6H2%2C1-3H3,-8.63958412082866e-05,1.52066850662231,1.0,-0.0120851658284664
InChI%3D1S%2FC15H22ClNO2%2Fc1-5-13-8-6-7-11%282%2915%2813%2917%2814%2818%299-16%2912%283%2910-19-4%2Fh6-8%2C12H%2C5%2C9-10H2%2C1-4H3,-0.169930160045624,1.34450352191925,0.0,-0.0854052975773811
InChI%3D1S%2FC8H7N3O5%2Fc1-4-6%288%289%2912%292-5%2810%2813%2914%293-7%284%2911%2815%2916%2Fh2-3H%2C1H3%2C%28H2%2C9%2C12%29,-0.199449062347412,0.9360431432724,1.0,0.0269505456089973
InChI%3D1S%2FC39H42N3O6S2%2Fc1-5-41%2827-29-9-7-11-37%2825-29%2949%2843%2C44%2945%2935-21-15-32%2816-22-35%2939%2831-13-19-34%2820-14-31%2940%283%294%2933-17-23-36%2824-18-33%2942%286-2%2928-30-10-8-12-38%2826-30%2950%2846%2C47%2948%2Fh7-26H%2C5-6%2C27-28H2%2C1-4H3%2C%28H%2C43%2C44%2C45%29%28H%2C46%2C47%2C48%29,-0.0533469580113888,3.86987400054932,2.0,0.0679733380675316
InChI%3D1S%2FC17H21NO2%2Fc1-4-18%285-2%2917%2819%2913%283%2920-16-12-8-10-14-9-6-7-11-15%2814%2916%2Fh6-13H%2C4-5H2%2C1-3H3,-0.0918501615524292,1.15595817565918,0.0,-0.0819025114178658
InChI%3D1S%2FC12H16N3O3PS%2Fc1-3-16-19%2820%2C17-4-2%2918-12-13-10-15%2814-12%2911-8-6-5-7-9-11%2Fh5-10H%2C3-4H2%2C1-2H3,0.20316718518734,1.60358762741089,0.0,0.469614386558533
InChI%3D1S%2FCHBrCl2%2Fc2-1%283%294%2Fh1H,0.0,0.0,0.0,0.031750425696373
InChI%3D1S%2FC8H8O3%2Fc1-11-8%2810%296-4-2-3-5-7%286%299%2Fh2-5%2C9H%2C1H3,0.139156699180603,0.367900490760803,1.0,0.0839360430836678
InChI%3D1S%2FC11H15NO3%2Fc1-8%282%2914-9-6-4-5-7-10%289%2915-11%2813%2912-3%2Fh4-8H%2C1-3H3%2C%28H%2C12%2C13%29,-0.160570949316025,0.426767140626907,,0.122897125780582
InChI%3D1S%2FC8H10O%2Fc1-6-4-3-5-7%282%298%286%299%2Fh3-5%2C9H%2C1-2H3,-1.91247854672838e-05,0.616456806659698,1.0,-0.0111623406410217
InChI%3D1S%2FC6H10O%2Fc1-4-6%283%2C7%295-2%2Fh1%2C7H%2C5H2%2C2-3H3,-4.53322791145183e-05,0.626202881336212,1.0,-0.0126671520993114
InChI%3D1S%2FC11H19N3O%2Fc1-4-6-7-9-8%283%2913-11%2812-5-2%2914-10%289%2915%2Fh4-7H2%2C1-3H3%2C%28H2%2C12%2C13%2C14%2C15%29,0.0895030573010445,0.963741898536682,1.0,0.186295419931412
InChI%3D1S%2FC17H12ClFN2O%2Fc18-16-4-2-1-3-15%2816%2917%2822%2C13-9-20-11-21-10-13%2912-5-7-14%2819%298-6-12%2Fh1-11%2C22H,0.132883161306381,1.61544716358185,1.0,0.0508280731737614
InChI%3D1S%2FC7H13O6P%2Fc1-6%285-7%288%2910-2%2913-14%289%2C11-3%2912-4%2Fh5H%2C1-4H3,0.215046420693398,0.552688717842102,0.0,0.666885256767273
InChI%3D1S%2FC9H18N2O2S%2Fc1-9%282%2C3%297%286-14-5%2911-13-8%2812%2910-4%2Fh6H2%2C1-5H3%2C%28H%2C10%2C12%29,0.00876501575112343,1.29109275341034,1.0,0.0710713490843773
InChI%3D1S%2FC7H6N2O4%2Fc8-6-3-4%289%2812%2913%291-2-5%286%297%2810%2911%2Fh1-3H%2C8H2%2C%28H%2C10%2C11%29,0.036517295986414,0.551549732685089,1.0,0.0167217925190926
InChI%3D1S%2FC8H18NO4PS2%2Fc1-9-8%2810%294-5-15-6-7-16-14%2811%2C12-2%2913-3%2Fh4-7H2%2C1-3H3%2C%28H%2C9%2C10%29,0.043993778526783,1.0506591796875,1.0,0.434124976396561
InChI%3D1S%2FC19H20FN3O3%2Fc1-21-7-12-4-11%2821%298-22%2812%2917-6-16-13%285-15%2817%2920%2918%2824%2914%2819%2825%2926%299-23%2816%2910-2-3-10%2Fh5-6%2C9-12H%2C2-4%2C7-8H2%2C1H3%2C%28H%2C25%2C26%29,0.286885917186737,2.77030611038208,1.0,-0.153088137507439
InChI%3D1S%2FC9H20N2O2%2Fc1-4-8-13-9%2812%2910-6-5-7-11%282%293%2Fh4-8H2%2C1-3H3%2C%28H%2C10%2C12%29,0.0970382541418076,0.281341820955276,1.0,0.228386446833611
InChI%3D1S%2FC22H18Cl2FNO3%2Fc1-22%282%2915%2811-19%2823%2924%2920%2822%2921%2827%2929-18%2812-26%2913-8-9-16%2825%2917%2810-13%2928-14-6-4-3-5-7-14%2Fh3-11%2C15%2C18%2C20H%2C1-2H3,-0.155193790793419,2.49684023857117,0.0,-0.0860584229230881
InChI%3D1S%2FC10H12N3O3PS2%2Fc1-15-17%2818%2C16-2%2919-7-13-10%2814%298-5-3-4-6-9%288%2911-12-13%2Fh3-6H%2C7H2%2C1-2H3,0.265297025442123,4.74324178695679,0.0,0.282223701477051
InChI%3D1S%2FC3H4Cl2O2%2Fc1-3%284%2C5%292%286%297%2Fh1H3%2C%28H%2C6%2C7%29,0.0,0.909124553203583,1.0,-0.135374665260315
InChI%3D1S%2FC3H6N6O6%2Fc10-7%2811%294-1-5%288%2812%2913%293-6%282-4%299%2814%2915%2Fh1-3H2,0.226417884230614,0.654698491096497,0.0,0.38452285528183
InChI%3D1S%2FC4H7Cl2O4P%2Fc1-8-11%287%2C9-2%2910-3-4%285%296%2Fh3H%2C1-2H3,-0.153742998838425,0.504617691040039,0.0,0.545852959156036
InChI%3D1S%2FC16H17NO%2Fc1-17%282%2916%2818%2915%2813-9-5-3-6-10-13%2914-11-7-4-8-12-14%2Fh3-12%2C15H%2C1-2H3,0.00232276786118746,1.02157700061798,0.0,0.079178974032402
InChI%3D1S%2FC17H21ClN2O2S%2Fc1-11-15%2812-7-9-13%2818%2910-8-12%2923-17%2822%2920%2811%2916%2821%2919-14-5-3-2-4-6-14%2Fh7-11%2C14-15H%2C2-6H2%2C1H3%2C%28H%2C19%2C21%29,0.118481002748013,2.31317949295044,1.0,0.291895747184753
InChI%3D1S%2FC7H6N2O4%2Fc1-5-2-3-6%288%2810%2911%294-7%285%299%2812%2913%2Fh2-4H%2C1H3,-0.0885291174054146,0.642356038093567,,-0.0137828672304749
InChI%3D1S%2FC19H18ClN3O4%2Fc1-25-19%2824%2923%2826-2%2917-6-4-3-5-14%2817%2913-27-18-11-12-22%2821-18%2916-9-7-15%2820%298-10-16%2Fh3-12H%2C13H2%2C1-2H3,-0.170764043927193,1.18795454502106,0.0,0.0523038171231747
InChI%3D1S%2FC12H13ClF3N3O4%2Fc1-2-4-17%285-3-13%2911-9%2818%2820%2921%296-8%2812%2814%2C15%2916%297-10%2811%2919%2822%2923%2Fh6-7H%2C2-5H2%2C1H3,-0.086608499288559,1.13761103153229,0.0,-0.0354810021817684
InChI%3D1S%2FC6H8N2O%2Fc7-4-1-2-6%289%295%288%293-4%2Fh1-3%2C9H%2C7-8H2,-0.0288540609180927,0.342518478631973,1.0,-0.0404568575322628
InChI%3D1S%2FC10H5Cl2NO2%2Fc11-6-3-5-1-2-7%2812%298%2810%2814%2915%299%285%2913-4-6%2Fh1-4H%2C%28H%2C14%2C15%29,0.231123596429825,1.02386450767517,1.0,-0.022724574431777
InChI%3D1S%2FC19H34O3%2Fc1-15%282%2922-18%2820%2914-17%284%2911-8-10-16%283%2912-9-13-19%285%2C6%2921-7%2Fh8%2C11%2C14-16H%2C9-10%2C12-13H2%2C1-7H3,-0.031683687120676,1.66695773601532,0.0,0.0441020168364048
InChI%3D1S%2FC10H7N3S%2Fc1-2-4-8-7%283-1%2912-10%2813-8%299-5-14-6-11-9%2Fh1-6H%2C%28H%2C12%2C13%29,-0.0287579540163279,0.546643912792206,0.0,-0.0147510850802064
InChI%3D1S%2FC10H14N2O5%2Fc13-4-3-11-9-2-1-8%2812%2815%2916%297-10%289%2917-6-5-14%2Fh1-2%2C7%2C11%2C13-14H%2C3-6H2,-0.118028365075588,0.482632219791412,2.0,-0.222518816590309
InChI%3D1S%2FC15H16F5NO2S2%2Fc1-6%282%295-7-8%2813%2822%2924-3%2910%2812%2816%2917%2921-11%2815%2818%2C19%2920%299%287%2914%2823%2925-4%2Fh6%2C12H%2C5H2%2C1-4H3,-0.190164968371391,1.84358870983124,0.0,-0.0247925110161304
InChI%3D1S%2FC8H5Cl3O3%2Fc9-4-1-6%2811%297%282-5%284%2910%2914-3-8%2812%2913%2Fh1-2H%2C3H2%2C%28H%2C12%2C13%29,-0.016570046544075,1.16525530815125,1.0,-0.231979578733444
InChI%3D1S%2FC9H16ClN5%2Fc1-5%282%2911-8-13-7%2810%2914-9%2815-8%2912-6%283%294%2Fh5-6H%2C1-4H3%2C%28H2%2C11%2C12%2C13%2C14%2C15%29,0.27184471487999,0.606863439083099,0.0,0.350153028964996
InChI%3D1S%2FC10H15OPS2%2Fc1-3-11-12%2813%2C4-2%2914-10-8-6-5-7-9-10%2Fh5-9H%2C3-4H2%2C1-2H3,0.00161043833941221,5.49251508712769,0.0,0.021433224901557
InChI%3D1S%2FC6H7NO%2Fc7-5-1-3-6%288%294-2-5%2Fh1-4%2C8H%2C7H2,-0.0408786088228226,0.197177410125732,1.0,-0.0066748782992363
InChI%3D1S%2FC14H18N4O3%2Fc1-3-4-9-15-13%2819%2918-11-8-6-5-7-10%2811%2916-12%2818%2917-14%2820%2921-2%2Fh5-8H%2C3-4%2C9H2%2C1-2H3%2C%28H%2C15%2C19%29%28H%2C16%2C17%2C20%29,0.476005554199219,0.690880596637726,2.0,0.59386932849884
InChI%3D1S%2FC22H14Cl2I2N2O2%2Fc1-11-6-15%2817%2810-27%2912-2-4-13%2823%295-3-12%2918%2824%299-20%2811%2928-22%2830%2916-7-14%2825%298-19%2826%2921%2816%2929%2Fh2-9%2C17%2C29H%2C1H3%2C%28H%2C28%2C30%29,0.0179626364260912,3.00793099403381,1.0,0.00613530445843935
InChI%3D1S%2FC18H13ClF3NO7%2Fc1-2-28-16%2824%299-29-17%2825%2912-8-11%284-5-14%2812%2923%2826%2927%2930-15-6-3-10%287-13%2815%2919%2918%2820%2C21%2922%2Fh3-8H%2C2%2C9H2%2C1H3,-0.642768204212189,1.33146333694458,0.0,0.0219180695712566
InChI%3D1S%2FC6H3Cl4N%2Fc7-5-3-1-2-4%2811-5%296%288%2C9%2910%2Fh1-3H,-0.0972896292805672,1.43480038642883,0.0,-0.019929226487875
InChI%3D1S%2FC15H21NO4%2Fc1-10-7-6-8-11%282%2914%2810%2916%2813%2817%299-19-4%2912%283%2915%2818%2920-5%2Fh6-8%2C12H%2C9H2%2C1-5H3,-0.373253405094147,1.35819792747498,0.0,-0.0511464811861515
InChI%3D1S%2FC9H11Cl3NO3PS%2Fc1-3-14-17%2818%2C15-4-2%2916-9-7%2811%295-6%2810%298%2812%2913-9%2Fh5H%2C3-4H2%2C1-2H3,0.0186040233820677,2.22813415527344,0.0,0.32477480173111
InChI%3D1S%2FC8H10O%2Fc1-6-3-4-8%289%295-7%286%292%2Fh3-5%2C9H%2C1-2H3,-5.75063968426548e-05,0.69114488363266,1.0,-0.012948646210134
InChI%3D1S%2FC10H12O3%2Fc1-2-7-13-10%2812%298-3-5-9%2811%296-4-8%2Fh3-6%2C11H%2C2%2C7H2%2C1H3,-0.0178734958171844,0.327908039093018,1.0,0.0650213584303856
InChI%3D1S%2FC12H14N4O2S%2Fc1-8-7-9%282%2915-12%2814-8%2916-19%2817%2C18%2911-5-3-10%2813%294-6-11%2Fh3-7H%2C13H2%2C1-2H3%2C%28H%2C14%2C15%2C16%29,0.129513010382652,1.23224484920502,0.0,0.170980125665665
InChI%3D1S%2FC16H15Cl3O2%2Fc1-20-13-7-3-11%284-8-13%2915%2816%2817%2C18%2919%2912-5-9-14%2821-2%2910-6-12%2Fh3-10%2C15H%2C1-2H3,0.0417062416672707,2.23351287841797,0.0,0.0244750045239925
InChI%3D1S%2FC10H5Cl7%2Fc11-4-2-1-3-5%284%299%2815%297%2813%296%2812%298%283%2C14%2910%289%2C16%2917%2Fh1-5H,0.0142642995342612,9.21094512939453,0.0,-0.0841009095311165
InChI%3D1S%2FC20H33NO%2Fc1-15%2812-21-13-16%282%2922-17%283%2914-21%2911-18-7-9-19%2810-8-18%2920%284%2C5%296%2Fh7-10%2C15-17H%2C11-14H2%2C1-6H3,-0.00812598783522844,2.30519413948059,0.0,-0.121850214898586
InChI%3D1S%2FC12H18N2O2%2Fc1-8-6-10%2816-12%2815%2913-3%297-9%282%2911%288%2914%284%295%2Fh6-7H%2C1-5H3%2C%28H%2C13%2C15%29,-0.032631229609251,1.09283721446991,1.0,0.227320313453674
InChI%3D1S%2FC10H7NO2%2Fc12-11%2813%2910-7-3-5-8-4-1-2-6-9%288%2910%2Fh1-7H,-0.00170473463367671,0.584611296653748,0.0,-0.0227157194167376
InChI%3D1S%2FC12H6F2N2O2%2Fc13-12%2814%2917-10-3-1-2-8%2811%2810%2918-12%299-6-16-5-7%289%294-15%2Fh1-3%2C5-6%2C16H,-0.00971983186900616,0.854989767074585,0.0,0.310545325279236
InChI%3D1S%2FC9H12NO5PS%2Fc1-7-6-8%284-5-9%287%2910%2811%2912%2915-16%2817%2C13-2%2914-3%2Fh4-6H%2C1-3H3,-0.00173390097916126,2.21410799026489,0.0,0.361052542924881
InChI%3D1S%2FC12H6Cl4O2S%2Fc13-7-1-3-8%284-2-7%2919%2817%2C18%2912-6-10%2815%299%2814%295-11%2812%2916%2Fh1-6H,-0.0580009184777737,2.61526226997375,0.0,-0.0332364812493324
InChI%3D1S%2FC17H19NO4%2Fc1-2-20-17%2819%2918-12-13-21-14-8-10-16%2811-9-14%2922-15-6-4-3-5-7-15%2Fh3-11H%2C2%2C12-13H2%2C1H3%2C%28H%2C18%2C19%29,-0.247278019785881,0.409591197967529,1.0,0.115070469677448
InChI%3D1S%2FC7H5NS2%2Fc9-7-8-5-3-1-2-4-6%285%2910-7%2Fh1-4H%2C%28H%2C8%2C9%29,-0.00150363706052303,0.924860298633575,0.0,0.0399638600647449
InChI%3D1S%2FC21H22ClNO4%2Fc1-25-19-8-5-16%2813-20%2819%2926-2%2918%2815-3-6-17%2822%297-4-15%2914-21%2824%2923-9-11-27-12-10-23%2Fh3-8%2C13-14H%2C9-12H2%2C1-2H3,-0.270485401153564,1.4532151222229,0.0,-0.0943887829780579
InChI%3D1S%2FC9H10ClN5O2%2Fc10-8-2-1-7%285-12-8%296-14-4-3-11-9%2814%2913-15%2816%2917%2Fh1-2%2C5H%2C3-4%2C6H2%2C%28H%2C11%2C13%29,0.219182103872299,0.730402410030365,0.0,0.127629920840263
InChI%3D1S%2FC17H29NO3S%2Fc1-5-8-14%2818-21-6-2%2917-15%2819%2910-13%2811-16%2817%2920%299-12%284%2922-7-3%2Fh12-13%2C17H%2C5-11H2%2C1-4H3,0.0492611974477768,1.66449368000031,0.0,-0.121960677206516
InChI%3D1S%2FC9H10Cl2N2O%2Fc1-13%282%299%2814%2912-6-3-4-7%2810%298%2811%295-6%2Fh3-5H%2C1-2H3%2C%28H%2C12%2C14%29,0.0186141412705183,1.16583096981049,,0.166199326515198
InChI%3D1S%2FC13H15N3O3%2Fc1-7%282%2913%283%2912%2819%2915-10%2816-13%299-8%2811%2817%2918%295-4-6-14-9%2Fh4-7H%2C1-3H3%2C%28H%2C17%2C18%29%28H%2C15%2C16%2C19%29,-0.166911125183105,2.35481786727905,1.0,0.000476675108075142
InChI%3D1S%2FC8H19O2PS3%2Fc1-4-9-11%2812%2C10-5-2%2914-8-7-13-6-3%2Fh4-8H2%2C1-3H3,-0.0558276250958443,3.29203581809998,0.0,0.179173097014427
InChI%3D1S%2FC21H28O2%2Fc1-13%282%2917-11-15%287-9-19%2817%2922%2921%285%2C6%2916-8-10-20%2823%2918%2812-16%2914%283%294%2Fh7-14%2C22-23H%2C1-6H3,-8.30954377306625e-05,3.18396806716919,2.0,-0.0241494737565517
InChI%3D1S%2FC2H4N4%2Fc3-2-4-1-5-6-2%2Fh1H%2C%28H3%2C3%2C4%2C5%2C6%29,0.0,0.0754441767930984,0.0,0.0580769814550877
InChI%3D1S%2FC15H14Cl2F3N3O3%2Fc1-3-26-13%2824%2910%2817%294-8-5-12%2811%2818%296-9%288%2916%2923-15%2825%2922%2814%2819%2920%297%282%2921-23%2Fh5-6%2C10%2C14H%2C3-4H2%2C1-2H3,0.124809376895428,1.94238328933716,0.0,0.294535905122757
InChI%3D1S%2FC14H7ClF3NO5%2Fc15-10-5-7%2814%2816%2C17%2918%291-4-12%2810%2924-8-2-3-11%2819%2822%2923%299%286-8%2913%2820%2921%2Fh1-6H%2C%28H%2C20%2C21%29,-0.445541828870773,1.24337410926819,1.0,0.0521344244480133
InChI%3D1S%2FC17H17N3O3%2Fc1-9%282%2917%283%2916%2823%2919-14%2820-17%2913-11%2815%2821%2922%298-10-6-4-5-7-12%2810%2918-13%2Fh4-9H%2C1-3H3%2C%28H%2C21%2C22%29%28H%2C19%2C20%2C23%29,-0.159826353192329,2.66414952278137,1.0,-0.00526411877945065
InChI%3D1S%2FC8Cl4N2%2Fc9-5-3%281-13%296%2810%298%2812%297%2811%294%285%292-14,0.00324340490624309,1.95765221118927,0.0,-0.0579407624900341
InChI%3D1S%2FC6H8O6%2Fc7-1-2%288%295-3%289%294%2810%296%2811%2912-5%2Fh2%2C5%2C7-10H%2C1H2,-0.0212198682129383,0.61109459400177,4.0,-0.218943372368813
InChI%3D1S%2FC14H16F3N3O4%2Fc1-2-5-18%288-9-3-4-9%2913-11%2819%2821%2922%296-10%2814%2815%2C16%2917%297-12%2813%2920%2823%2924%2Fh6-7%2C9H%2C2-5%2C8H2%2C1H3,-0.111463263630867,1.214390873909,0.0,0.0108761722221971
InChI%3D1S%2FC9H17ClN3O3PS%2Fc1-5-14-17%2818%2C15-6-2%2916-9-11-8%2810%2913%2812-9%297%283%294%2Fh7H%2C5-6H2%2C1-4H3,0.249384582042694,1.96970462799072,0.0,0.52204954624176
InChI%3D1S%2FC6H13N%2Fc7-6-4-2-1-3-5-6%2Fh6H%2C1-5%2C7H2,-1.39431194838835e-05,0.235702261328697,0.0,-0.00447217142209411
InChI%3D1S%2FC19H20F3NO4%2Fc1-3-4-11-25-18%2824%2913%282%2926-15-6-8-16%289-7-15%2927-17-10-5-14%2812-23-17%2919%2820%2C21%2922%2Fh5-10%2C12-13H%2C3-4%2C11H2%2C1-2H3,-0.0322347283363342,0.878164649009705,0.0,0.0336593836545944
InChI%3D1S%2FC3H8O3%2Fc4-1-3%286%292-5%2Fh3-6H%2C1-2H2,0.0475455746054649,0.115470051765442,3.0,-0.142636716365814
InChI%3D1S%2FC13H11Cl2NO2%2Fc1-12-6-13%2812%2C2%2911%2818%2916%2810%2812%2917%299-4-7%2814%293-8%2815%295-9%2Fh3-5H%2C6H2%2C1-2H3,0.203608289361,3.17748928070068,0.0,0.149374455213547
InChI%3D1S%2FC19H15ClF3NO7%2Fc1-3-29-17%2825%2910%282%2930-18%2826%2913-9-12%285-7-15%2813%2924%2827%2928%2931-16-8-11%2819%2821%2C22%2923%294-6-14%2816%2920%2Fh4-10H%2C3H2%2C1-2H3,-0.699231564998627,1.52536106109619,0.0,0.0322687290608883
InChI%3D1S%2FC13H22NO3PS%2Fc1-6-16-18%2815%2C14-10%282%293%2917-12-7-8-13%2819-5%2911%284%299-12%2Fh7-10H%2C6H2%2C1-5H3%2C%28H%2C14%2C15%29,-0.0673527270555496,1.48969662189484,0.0,0.427966684103012
InChI%3D1S%2FC12H14O4%2Fc1-3-15-11%2813%299-7-5-6-8-10%289%2912%2814%2916-4-2%2Fh5-8H%2C3-4H2%2C1-2H3,-0.299447894096375,0.505391359329224,,0.171613126993179
InChI%3D1S%2FC14H20ClNO2%2Fc1-4-12-8-6-7-11%283%2914%2812%2916%2810-18-5-2%2913%2817%299-15%2Fh6-8H%2C4-5%2C9-10H2%2C1-3H3,0.00474082585424185,1.05579257011414,0.0,0.0833171755075455
InChI%3D1S%2FC13H17NO4%2Fc1-3-7-17-12%2815%2910-5-6-11%2814-9-10%2913%2816%2918-8-4-2%2Fh5-6%2C9H%2C3-4%2C7-8H2%2C1-2H3,0.09437957406044,0.430390179157257,0.0,0.0494488775730133
InChI%3D1S%2FC16H12N2O4S%2Fc19-15-9-6-11-10-13%2823%2820%2C21%2922%297-8-14%2811%2916%2815%2918-17-12-4-2-1-3-5-12%2Fh1-10%2C19H%2C%28H%2C20%2C21%2C22%29,0.0955254063010216,1.33779466152191,2.0,-0.104401804506779
InChI%3D1S%2FC7H10N4O3%2Fc1-3-9-7%2813%2910-6%2812%295%284-8%2911-14-2%2Fh3H2%2C1-2H3%2C%28H2%2C9%2C10%2C12%2C13%29,0.333767771720886,0.224165916442871,2.0,0.0140708051621914
InChI%3D1S%2FC7H14N2O2S%2Fc1-7%282%2C12-4%295-9-11-6%2810%298-3%2Fh5H%2C1-4H3%2C%28H%2C8%2C10%29,-0.0251282285898924,1.82388865947723,1.0,0.0626395270228386
InChI%3D1S%2FC17H9Cl3N4O2%2Fc18-10-3-1-9%282-4-10%2911%287-21%2915-12%2819%295-6-13%2816%2815%2920%2924-17%2826%2923-14%2825%298-22-24%2Fh1-6%2C8%2C11H%2C%28H%2C23%2C25%2C26%29,-0.076599232852459,2.01674127578735,1.0,0.0229238122701645
InChI%3D1S%2FC14H16O6%2Fc1-3-18-12%2815%299-20-14%2817%2911-8-6-5-7-10%2811%2913%2816%2919-4-2%2Fh5-8H%2C3-4%2C9H2%2C1-2H3,-0.528618216514587,0.571114242076874,0.0,0.0936347544193268
InChI%3D1S%2FC10H10O4%2Fc1-13-9%2811%297-5-3-4-6-8%287%2910%2812%2914-2%2Fh3-6H%2C1-2H3,-0.278837144374847,0.529799103736877,0.0,0.210091382265091
InChI%3D1S%2FC12H11N%2Fc1-3-7-11%288-4-1%2913-12-9-5-2-6-10-12%2Fh1-10%2C13H,0.00158346409443766,0.27578341960907,,-0.00903643202036619
InChI%3D1S%2FC18H34O6%2Fc1-2-3-4-5-6-7-8-9-10-11-16%2821%2923-13-15%2820%2918-17%2822%2914%2819%2912-24-18%2Fh14-15%2C17-20%2C22H%2C2-13H2%2C1H3,-0.0558077432215214,0.792209148406982,3.0,-0.271552234888077
InChI%3D1S%2FC19H15ClF3NO7%2Fc1-3-29-17%2825%2910%282%2930-18%2826%2913-9-12%285-6-15%2813%2924%2827%2928%2931-16-7-4-11%288-14%2816%2920%2919%2821%2C22%2923%2Fh4-10H%2C3H2%2C1-2H3,-0.652676641941071,1.51725947856903,0.0,0.0328726246953011
InChI%3D1S%2FC10H18N4O4S3%2Fc1-7%2819-5%2911-17-9%2815%2913%283%2921-14%284%2910%2816%2918-12-8%282%2920-6%2Fh1-6H3,0.17953260242939,1.66264796257019,0.0,0.20611684024334
InChI%3D1S%2FC15H11BrClF3N2O%2Fc1-2-23-8-22-13%289-3-5-10%2817%296-4-9%2911%287-21%2912%2816%2914%2822%2915%2818%2C19%2920%2Fh3-6H%2C2%2C8H2%2C1H3,-0.2507184445858,1.86097025871277,0.0,0.0352876074612141
InChI%3D1S%2FC17H16Br2O3%2Fc1-11%282%2922-16%2820%2917%2821%2C12-3-7-14%2818%298-4-12%2913-5-9-15%2819%2910-6-13%2Fh3-11%2C21H%2C1-2H3,0.00472655380144715,1.93664383888245,1.0,-0.0750835314393044
InChI%3D1S%2FC9H9Cl2NO%2Fc1-2-9%2813%2912-6-3-4-7%2810%298%2811%295-6%2Fh3-5H%2C2H2%2C1H3%2C%28H%2C12%2C13%29,0.00873399060219526,0.960093557834625,,-0.00840288400650024
InChI%3D1S%2FC6HCl5O%2Fc7-1-2%288%294%2810%296%2812%295%2811%293%281%299%2Fh12H,-4.79899244965054e-06,2.30384564399719,,-0.170084491372108
InChI%3D1S%2FC19H30O5%2Fc1-3-5-7-20-8-9-21-10-11-22-14-17-13-19-18%2823-15-24-19%2912-16%2817%296-4-2%2Fh12-13H%2C3-11%2C14-15H2%2C1-2H3,-0.262058645486832,0.736499011516571,0.0,-0.0886074230074883
InChI%3D1S%2FC15H17N5O6S%2Fc1-9-16-13%2818-14%2817-9%2926-4%2920%282%2915%2822%2919-27%2823%2C24%2911-8-6-5-7-10%2811%2912%2821%2925-3%2Fh5-8H%2C1-4H3%2C%28H%2C19%2C22%29,0.356355160474777,1.61584210395813,1.0,0.818966269493103
InChI%3D1S%2FC8H11NO2%2Fc1-10-6-3-4-7%289%298%285-6%2911-2%2Fh3-5H%2C9H2%2C1-2H3,0.0857376307249069,0.428021252155304,0.0,-0.0381209217011929
InChI%3D1S%2FC10H19ClNO5P%2Fc1-6-12%287-2%2910%2813%299%2811%298%283%2917-18%2814%2C15-4%2916-5%2Fh6-7H2%2C1-5H3,0.0548286810517311,1.36288523674011,0.0,0.554194211959839
InChI%3D1S%2FC4H4N2O2%2Fc7-3-1-2-4%288%296-5-3%2Fh1-2H%2C%28H%2C5%2C7%29%28H%2C6%2C8%29,-0.0980534180998802,0.118306443095207,2.0,-0.0142493406310678
InChI%3D1S%2FC49H73NO14%2Fc1-25%282%2943-28%285%2917-18-48%2864-43%2923-35-20-34%2863-48%2916-15-27%284%2944%2826%283%2913-12-14-33-24-57-46-42%2852%2929%286%2919-36%2847%2853%2960-35%2949%2833%2C46%2954%2961-40-22-38%2856-11%2945%2831%288%2959-40%2962-39-21-37%2855-10%2941%2830%287%2958-39%2950-32%289%2951%2Fh12-15%2C17-19%2C25-26%2C28%2C30-31%2C34-46%2C52%2C54H%2C16%2C20-24H2%2C1-11H3%2C%28H%2C50%2C51%29,0.215791299939156,6.3322696685791,3.0,-0.0454118326306343
InChI%3D1S%2FC22H24N2O8%2Fc1-21%2831%298-5-4-6-11%2825%2912%288%2916%2826%2913-9%2821%297-10-15%2824%282%293%2917%2827%2914%2820%2823%2930%2919%2829%2922%2810%2C32%2918%2813%2928%2Fh4-6%2C9-10%2C15%2C25-26%2C30-32H%2C7%2C23H2%2C1-3H3,-0.105228558182716,4.17410087585449,5.0,-0.0899238139390945
InChI%3D1S%2FC10H6N2OS2%2Fc1-5-2-3-6-7%284-5%2912-9-8%2811-6%2914-10%2813%2915-9%2Fh2-4H%2C1H3,0.153085336089134,1.4838535785675,0.0,0.0325350649654865
InChI%3D1S%2FC9H10Cl2N2O2%2Fc1-13%2815-2%299%2814%2912-6-3-4-7%2810%298%2811%295-6%2Fh3-5H%2C1-2H3%2C%28H%2C12%2C14%29,-0.0845111384987831,1.11230373382568,1.0,-0.0296957585960627
InChI%3D1S%2FC11H13F3N2O3S%2Fc1-6-4-7%282%2910%285-9%286%2915-8%283%2917%2916-20%2818%2C19%2911%2812%2C13%2914%2Fh4-5%2C16H%2C1-3H3%2C%28H%2C15%2C17%29,0.0320573896169662,1.5284651517868,1.0,-0.209328845143318
InChI%3D1S%2FC14H8Cl2N4%2Fc15-11-7-3-1-5-9%2811%2913-17-19-14%2820-18-13%2910-6-2-4-8-12%2810%2916%2Fh1-8H,0.0304511953145266,1.19823515415192,0.0,-0.0614699050784111
InChI%3D1S%2FC22H23NO3%2Fc1-21%282%2919%2822%2821%2C3%294%2920%2824%2926-18%2814-23%2915-9-8-12-17%2813-15%2925-16-10-6-5-7-11-16%2Fh5-13%2C18-19H%2C1-4H3,-0.183389604091644,4.26772594451904,0.0,-0.0285273734480143
InChI%3D1S%2FC16H22ClN3O%2Fc1-15%282%2C3%2916%2821%2C10-20-12-18-11-19-20%299-8-13-4-6-14%2817%297-5-13%2Fh4-7%2C11-12%2C21H%2C8-10H2%2C1-3H3,-0.00591445108875632,3.17213010787964,1.0,-0.0249975547194481
InChI%3D1S%2FC15H11ClF3NO4%2Fc1-2-23-14-8-10%284-5-12%2814%2920%2821%2922%2924-13-6-3-9%287-11%2813%2916%2915%2817%2C18%2919%2Fh3-8H%2C2H2%2C1H3,0.0480947904288769,1.14801645278931,0.0,-0.0860527008771896
InChI%3D1S%2FC11H23NOS%2Fc1-6-14-11%2813%2912%287-9%282%293%298-10%284%295%2Fh9-10H%2C6-8H2%2C1-5H3,-0.00427625421434641,0.913992822170258,0.0,0.144861578941345
InChI%3D1S%2FC20H32N2O3S%2Fc1-6-8-13-22%2814-9-7-2%2926-21%285%2919%2823%2924-17-12-10-11-16-15-20%283%2C4%2925-18%2816%2917%2Fh10-12H%2C6-9%2C13-15H2%2C1-5H3,0.00488429283723235,1.98592889308929,0.0,0.164928913116455
InChI%3D1S%2FC14H14Cl2N2O%2Fc1-2-7-19-14%289-18-6-5-17-10-18%2912-4-3-11%2815%298-13%2812%2916%2Fh2-6%2C8%2C10%2C14H%2C1%2C7%2C9H2,-0.089617557823658,1.11290550231934,0.0,0.00966938585042953
InChI%3D1S%2FC17H16Cl2O3%2Fc1-11%282%2922-16%2820%2917%2821%2C12-3-7-14%2818%298-4-12%2913-5-9-15%2819%2910-6-13%2Fh3-11%2C21H%2C1-2H3,0.0119255445897579,1.61715066432953,1.0,-0.0783859714865685
InChI%3D1S%2FC11H15NO2%2Fc1-7-5-10%2814-11%2813%2912-4%296-8%282%299%287%293%2Fh5-6H%2C1-4H3%2C%28H%2C12%2C13%29,-0.00118595839012414,1.13498711585999,1.0,0.211198568344116
InChI%3D1S%2FC7H7Cl3NO3PS%2Fc1-12-15%2816%2C13-2%2914-7-5%289%293-4%288%296%2810%2911-7%2Fh3H%2C1-2H3,0.0837155729532242,2.60245728492737,0.0,0.362483441829681
InChI%3D1S%2FC9H22O4P2S4%2Fc1-5-10-14%2816%2C11-6-2%2918-9-19-15%2817%2C12-7-3%2913-8-4%2Fh5-9H2%2C1-4H3,0.186016753315926,6.58407163619995,0.0,0.397346585988998
InChI%3D1S%2FC10H14N2O2%2Fc1-3-14-10-5-4-8%286-9%2810%2911%2912-7%282%2913%2Fh4-6H%2C3%2C11H2%2C1-2H3%2C%28H%2C12%2C13%29,-0.0227768588811159,0.435097366571426,1.0,-0.0306522343307734
InChI%3D1S%2FC15H10O7%2Fc16-7-4-10%2819%2912-11%285-7%2922-15%2814%2821%2913%2812%2920%296-1-2-8%2817%299%2818%293-6%2Fh1-5%2C16-19%2C21H,0.230812728404999,1.31305491924286,5.0,-0.251307457685471
InChI%3D1S%2FC21H20Cl2O3%2Fc1-21%282%2917%2812-18%2822%2923%2919%2821%2920%2824%2925-13-14-7-6-10-16%2811-14%2926-15-8-4-3-5-9-15%2Fh3-12%2C17%2C19H%2C13H2%2C1-2H3,-0.0495977886021137,2.27008318901062,0.0,0.0712190046906471
InChI%3D1S%2FBrHO3%2Fc2-1%283%294%2Fh%28H%2C2%2C3%2C4%29%2Fp-1,0.0,0.0,0.0,0.0483339503407478
InChI%3D1S%2FC8H14O4%2Fc1-5-4-8%2811-6%282%299%2912-7%283%2910-5%2Fh5%2C7-8H%2C4H2%2C1-3H3,0.194190248847008,0.464261829853058,0.0,0.249255999922752
InChI%3D1S%2FC9H14O%2Fc1-7-4-8%2810%296-9%282%2C3%295-7%2Fh4H%2C5-6H2%2C1-3H3,-0.0129277408123016,1.14101088047028,0.0,-0.0288949124515057
InChI%3D1S%2FC6Cl6%2Fc7-1-2%288%294%2810%296%2812%295%2811%293%281%299,0.0,2.77899146080017,0.0,-0.149364098906517
InChI%3D1S%2FC12H11NO2%2Fc1-13-12%2814%2915-11-8-4-6-9-5-2-3-7-10%289%2911%2Fh2-8H%2C1H3%2C%28H%2C13%2C14%29,0.000479903683299199,0.570337891578674,1.0,0.212136849761009
InChI%3D1S%2FC23H22ClF3O2%2Fc1-14-16%2810-7-11-17%2814%2915-8-5-4-6-9-15%2913-29-21%2828%2920-18%2822%2820%2C2%293%2912-19%2824%2923%2825%2C26%2927%2Fh4-12%2C18%2C20H%2C13H2%2C1-3H3,0.0627700984477997,3.09238886833191,0.0,0.0272545516490936
InChI%3D1S%2FC14H4N2O2S2%2Fc15-5-9-10%286-16%2920-14-12%2818%298-4-2-1-3-7%288%2911%2817%2913%2814%2919-9%2Fh1-4H,-0.0756509229540825,2.72970271110535,0.0,-0.141341090202332
InChI%3D1S%2FC13H11N3%2Fc14-10-3-1-8-5-9-2-4-11%2815%297-13%289%2916-12%288%296-10%2Fh1-7H%2C14-15H2,0.0640757754445076,0.835825800895691,0.0,-0.0142110912129283
InChI%3D1S%2FC9H11BrN2O2%2Fc1-12%2814-2%299%2813%2911-8-5-3-7%2810%294-6-8%2Fh3-6H%2C1-2H3%2C%28H%2C11%2C13%29,-0.117897219955921,0.777153849601746,0.0,-0.00106651126407087
InChI%3D1S%2FC12H9ClF3N3O%2Fc1-17-9-6-18-19%2811%2820%2910%289%2913%298-4-2-3-7%285-8%2912%2814%2C15%2916%2Fh2-6%2C17H%2C1H3,-0.0130257392302155,1.52401638031006,0.0,-0.110788330435753
InChI%3D1S%2FC5H10N2O2S%2Fc1-4%2810-3%297-9-5%288%296-2%2Fh1-3H3%2C%28H%2C6%2C8%29,-0.0830821320414543,0.444746911525726,1.0,0.0902719870209694
InChI%3D1S%2FC6H5Cl%2Fc7-6-4-2-1-3-5-6%2Fh1-5H,-2.07226748898393e-05,0.218217894434929,,-0.00663653016090393
InChI%3D1S%2FC9H19NOS%2Fc1-4-7-10%288-5-2%299%2811%2912-6-3%2Fh4-8H2%2C1-3H3,-0.00612780265510082,0.577858865261078,0.0,0.14406281709671
InChI%3D1S%2FC8H8%2Fc1-2-8-6-4-3-5-7-8%2Fh2-7H%2C1H2,-2.49632171289704e-06,0.179152488708496,0.0,-0.000279504369245842
InChI%3D1S%2FC16H18N4O7S%2Fc1-25-12-8-13%2826-2%2918-15%2817-12%2919-16%2822%2920-28%2823%2C24%299-10-6-4-5-7-11%2810%2914%2821%2927-3%2Fh4-8H%2C9H2%2C1-3H3%2C%28H2%2C17%2C18%2C19%2C20%2C22%29,0.786065697669983,1.22102105617523,1.0,0.594221770763397
InChI%3D1S%2FCHN%2Fc1-2%2Fh1H,0.0,0.0,0.0,0.0
InChI%3D1S%2FC15H17Cl2N3O2%2Fc1-2-3-12-7-21-15%2822-12%2C8-20-10-18-9-19-20%2913-5-4-11%2816%296-14%2813%2917%2Fh4-6%2C9-10%2C12H%2C2-3%2C7-8H2%2C1H3,0.0191461406648159,1.56492567062378,0.0,-0.0525560714304447
InChI%3D1S%2FC5H12NO3PS2%2Fc1-6-5%287%294-12-10%2811%2C8-2%299-3%2Fh4H2%2C1-3H3%2C%28H%2C6%2C7%29,-0.135061085224152,4.25147008895874,1.0,0.239044800400734
InChI%3D1S%2FC12H10O%2Fc13-12-9-5-4-8-11%2812%2910-6-2-1-3-7-10%2Fh1-9%2C13H,-6.77500938763842e-05,0.491756230592728,,-0.0120746847242117
InChI%3D1S%2FC12H14O3%2Fc1-3-14-11%2813%2910-12%282%2C15-10%299-7-5-4-6-8-9%2Fh4-8%2C10H%2C3H2%2C1-2H3,-0.0673895701766014,1.10687875747681,0.0,-0.0849700421094894
InChI%3D1S%2FC15H13N3O2S%2Fc1-20-15%2819%2918-14-16-12-8-7-11%289-13%2812%2917-14%2921-10-5-3-2-4-6-10%2Fh2-9H%2C1H3%2C%28H2%2C16%2C17%2C18%2C19%29,0.277004301548004,1.05442190170288,1.0,0.37602636218071
InChI%3D1S%2FC4H10NO3PS%2Fc1-4%286%295-9%287%2C8-2%2910-3%2Fh1-3H3%2C%28H%2C5%2C6%2C7%29,0.11801590025425,1.01645171642303,1.0,0.349547892808914
InChI%3D1S%2FC22H17ClF3N3O7%2Fc1-33-18%2830%2921-10-12-9-13%2823%293-8-16%2812%2917%2821%2927-28%2811-35-21%2919%2831%2929%2820%2832%2934-2%2914-4-6-15%287-5-14%2936-22%2824%2C25%2926%2Fh3-9H%2C10-11H2%2C1-2H3,0.309784680604935,2.29267644882202,0.0,0.592566967010498
InChI%3D1S%2FC15H11ClO3%2Fc1-19-14%2817%2915%2818%2912-5-3-2-4-10%2812%2911-7-6-9%2816%298-13%2811%2915%2Fh2-8%2C18H%2C1H3,-0.0594425983726978,1.65993511676788,1.0,-0.0323188751935959
InChI%3D1S%2FC23H19ClF3NO3%2Fc1-22%282%2917%2812-19%2824%2923%2825%2C26%2927%2920%2822%2921%2829%2931-18%2813-28%2914-7-6-10-16%2811-14%2930-15-8-4-3-5-9-15%2Fh3-12%2C17-18%2C20H%2C1-2H3,-0.1153434664011,2.65281128883362,0.0,-0.0699032321572304
InChI%3D1S%2FC14H24NO4PS3%2Fc1-12%282%2918-20%2821%2C19-13%283%294%2922-11-10-15-23%2816%2C17%2914-8-6-5-7-9-14%2Fh5-9%2C12-13%2C15H%2C10-11H2%2C1-4H3,-0.146463438868523,4.39034080505371,0.0,0.210949286818504
InChI%3D1S%2FC9H13N%2Fc1-6-4-8%283%299%2810%295-7%286%292%2Fh4-5H%2C10H2%2C1-3H3,-1.71348910953384e-05,1.01162731647491,0.0,-0.00417235027998686
InChI%3D1S%2FC11H10Cl2F2N4O3S%2Fc1-5-16-19%2811%2820%2918%285%2910%2814%2915%299-4-8%2817-23%282%2C21%2922%296%2812%293-7%289%2913%2Fh3-4%2C10%2C17H%2C1-2H3,0.0956336557865143,1.84699952602386,0.0,0.353869765996933
InChI%3D1S%2FC10H14Cl6N4O2%2Fc11-9%2812%2C13%297%2817-5-21%2919-1-2-20%284-3-19%298%2818-6-22%2910%2814%2C15%2916%2Fh5-8H%2C1-4H2%2C%28H%2C17%2C21%29%28H%2C18%2C22%29,-0.301689743995667,3.22429609298706,2.0,-0.0600395575165749
InChI%3D1S%2FC9H6Cl6O3S%2Fc10-5-6%2811%298%2813%294-2-18-19%2816%2917-1-3%284%297%285%2C12%299%288%2C14%2915%2Fh3-4H%2C1-2H2,-0.13114607334137,9.08245372772217,0.0,0.220078513026237
InChI%3D1S%2FC3H4Cl2%2Fc4-2-1-3-5%2Fh1-2H%2C3H2,0.0198230687528849,0.0,0.0,0.0113530382514
InChI%3D1S%2FC22H19Br4NO3%2Fc1-21%282%2917%2819%2823%2922%2824%2C25%2926%2918%2821%2920%2828%2930-16%2812-27%2913-7-6-10-15%2811-13%2929-14-8-4-3-5-9-14%2Fh3-11%2C16-19H%2C1-2H3,-0.251858621835709,13.1485500335693,0.0,-0.0495384223759174
InChI%3D1S%2FC17H20N2S%2Fc1-13%2818%282%293%2912-19-14-8-4-6-10-16%2814%2920-17-11-7-5-9-15%2817%2919%2Fh4-11%2C13H%2C12H2%2C1-3H3,-0.0774587690830231,2.30971956253052,0.0,-0.066886767745018
InChI%3D1S%2FC19H26O3%2Fc1-7-8-13-12%284%2916%2810-15%2813%2920%2922-18%2821%2917-14%289-11%282%293%2919%2817%2C5%296%2Fh7%2C9%2C14%2C16-17H%2C1%2C8%2C10H2%2C2-6H3,0.122402802109718,2.7825973033905,0.0,0.0511606745421886
InChI%3D1S%2FC10H12ClNO2%2Fc1-7%282%2914-10%2813%2912-9-5-3-4-8%2811%296-9%2Fh3-7H%2C1-2H3%2C%28H%2C12%2C13%29,0.0215498246252537,0.483002573251724,1.0,0.184236958622932
InChI%3D1S%2FC22H26O3%2Fc1-15%282%2910-19-20%2822%2819%2C3%294%2921%2823%2925-14-17-12-18%2824-13-17%2911-16-8-6-5-7-9-16%2Fh5-10%2C12-13%2C19-20H%2C11%2C14H2%2C1-4H3,0.133488491177559,2.3090763092041,0.0,0.0696933344006538
InChI%3D1S%2FC7H4Cl3NO3%2Fc8-3-1-4%289%297%2811-6%283%2910%2914-2-5%2812%2913%2Fh1H%2C2H2%2C%28H%2C12%2C13%29,-0.131579399108887,1.00232315063477,1.0,-0.156409874558449
InChI%3D1S%2FC18H26O2%2Fc1-13%282%2918-10-9-17%284%2C20-18%2916%2811-18%2919-12-15-8-6-5-7-14%2815%293%2Fh5-8%2C13%2C16H%2C9-12H2%2C1-4H3,-0.0399949289858341,3.44332981109619,0.0,-0.115665718913078
InChI%3D1S%2FC16H22ClNO3%2Fc1-4-12-8-7-9-13%285-2%2916%2812%2918%2814%2819%2910-17%2911-15%2820%2921-6-3%2Fh7-9H%2C4-6%2C10-11H2%2C1-3H3,-0.250842869281769,1.15230226516724,0.0,-0.067699022591114
InChI%3D1S%2FC15H18ClN3O%2Fc1-15%282%2C3%2914%2820%2913%2819-10-17-9-18-19%298-11-4-6-12%2816%297-5-11%2Fh4-10%2C14%2C20H%2C1-3H3,-0.0151898646727204,1.76759231090546,1.0,-0.0141188502311707
InChI%3D1S%2FC8H14N4OS%2Fc1-8%282%2C3%295-6%2813%2912%289%297%2814-4%2911-10-5%2Fh9H2%2C1-4H3,0.0521466694772243,1.90344846248627,0.0,-0.0144954202696681
InChI%3D1S%2FC13H14F3N3O4%2Fc1-4-17%287-8%282%293%2912-10%2818%2820%2921%295-9%2813%2814%2C15%2916%296-11%2812%2919%2822%2923%2Fh5-6H%2C2%2C4%2C7H2%2C1%2C3H3,-0.122992776334286,1.25900554656982,0.0,0.0293715000152588
InChI%3D1S%2FC11H16ClO2PS3%2Fc1-3-13-15%2816%2C14-4-2%2918-9-17-11-7-5-10%2812%296-8-11%2Fh5-8H%2C3-4%2C9H2%2C1-2H3,0.106704168021679,3.89029359817505,,0.203071445226669
InChI%3D1S%2FC12H11Cl2N3O2%2Fc13-9-1-2-10%2811%2814%295-9%2912%2818-3-4-19-12%296-17-8-15-7-16-17%2Fh1-2%2C5%2C7-8H%2C3-4%2C6H2,0.0104201128706336,1.39697110652924,0.0,-0.0516536869108677
InChI%3D1S%2FC14H6Cl2F4N2O2%2Fc15-5-4-8%2812%2820%2910%2816%2911%285%2919%2921-14%2824%2922-13%2823%299-6%2817%292-1-3-7%289%2918%2Fh1-4H%2C%28H2%2C21%2C22%2C23%2C24%29,0.265820056200027,1.34640765190125,2.0,0.0375361107289791
InChI%3D1S%2FC2H3ClO2%2Fc3-1-2%284%295%2Fh1H2%2C%28H%2C4%2C5%29,0.0,0.0731925070285797,1.0,-0.104217812418938
InChI%3D1S%2FC27H20N4O9S2%2Fc32-14-15-13-22%2830-28-20-9-11-23%2841%2835%2C36%2937%2918-7-3-1-5-16%2818%2920%2927%2834%2925%2826%2815%2933%2931-29-21-10-12-24%2842%2838%2C39%2940%2919-8-4-2-6-17%2819%2921%2Fh1-13%2C32-34H%2C14H2%2C%28H%2C35%2C36%2C37%29%28H%2C38%2C39%2C40%29,0.0235239546746016,3.01424336433411,5.0,-0.173824295401573
InChI%3D1S%2FC9H12%2Fc1-8%282%299-6-4-3-5-7-9%2Fh3-8H%2C1-2H3,0.0,0.636894524097443,,0.0
InChI%3D1S%2FCClN%2Fc2-1-3,0.0,0.0,0.0,0.00706765288487077
InChI%3D1S%2FC14H15N5O6S%2Fc1-8-15-12%2818-14%2816-8%2925-3%2917-13%2821%2919-26%2822%2C23%2910-7-5-4-6-9%2810%2911%2820%2924-2%2Fh4-7H%2C1-3H3%2C%28H2%2C15%2C16%2C17%2C18%2C19%2C21%29,0.272687792778015,1.44807934761047,1.0,0.735654592514038
InChI%3D1S%2FC7H3Cl2N%2Fc8-6-2-1-3-7%289%295%286%294-10%2Fh1-3H,0.0899265930056572,0.75816535949707,0.0,-0.0343776345252991
InChI%3D1S%2FC11H20N3O3PS%2Fc1-6-14%287-2%2911-12-9%283%298-10%2813-11%2917-18%2819%2C15-4%2916-5%2Fh8H%2C6-7H2%2C1-5H3,0.36808717250824,2.28161263465881,0.0,0.616659641265869
InChI%3D1S%2FC2H7O3P%2Fc1-2-5-6%283%294%2Fh6H%2C2H2%2C1H3%2C%28H%2C3%2C4%29,-0.0128082726150751,0.079056940972805,1.0,0.191814437508583
InChI%3D1S%2FC12H14N4O4S2%2Fc1-19-11%2817%2915-9%2821%2913-7-5-3-4-6-8%287%2914-10%2822%2916-12%2818%2920-2%2Fh3-6H%2C1-2H3%2C%28H2%2C13%2C15%2C17%2C21%29%28H2%2C14%2C16%2C18%2C22%29,0.232706338167191,0.662158608436584,2.0,0.552729368209839
InChI%3D1S%2FC15H17Cl2N3O%2Fc1-15%282%2C3%2914%2821%2913%2820-9-18-8-19-20%296-10-4-5-11%2816%297-12%2810%2917%2Fh4-9%2C14%2C21H%2C1-3H3,-0.00436390982940793,2.09694766998291,1.0,-0.0167055539786816
InChI%3D1S%2FC14H16ClO5PS%2Fc1-4-17-21%2822%2C18-5-2%2920-10-6-7-11-9%283%2913%2815%2914%2816%2919-12%2811%298-10%2Fh6-8H%2C4-5H2%2C1-3H3,0.0954155623912811,2.77249002456665,0.0,0.290552258491516
InChI%3D1S%2FC7H8N2O2%2Fc1-5-2-3-6%289%2810%2911%294-7%285%298%2Fh2-4H%2C8H2%2C1H3,-0.0331898257136345,0.607304692268372,0.0,-0.0135096162557602
InChI%3D1S%2FC10H7Cl5O%2Fc11-7-1-6%282-8%2812%293-7%299%285-16-9%294-10%2813%2C14%2915%2Fh1-3H%2C4-5H2,0.0309538953006268,1.85770428180695,0.0,0.0265737194567919
InChI%3D1S%2FC15H24NO4PS%2Fc1-6-18-21%2822%2C16-11%282%293%2920-14-10-8-7-9-13%2814%2915%2817%2919-12%284%295%2Fh7-12H%2C6H2%2C1-5H3%2C%28H%2C16%2C22%29,0.175438866019249,2.24464058876038,0.0,0.281624794006348
InChI%3D1S%2FC10H11F3N2O%2Fc1-15%282%299%2816%2914-8-5-3-4-7%286-8%2910%2811%2C12%2913%2Fh3-6H%2C1-2H3%2C%28H%2C14%2C16%29,-0.117929123342037,0.73736035823822,1.0,0.25887194275856
InChI%3D1S%2FC10H13Cl2FN2O2S2%2Fc1-8-4-6-9%287-5-8%2915%2818-10%2811%2C12%2913%2919%2816%2C17%2914%282%293%2Fh4-7H%2C1-3H3,-0.325225472450256,2.97250461578369,0.0,0.260472983121872
InChI%3D1S%2FCCl3F%2Fc2-1%283%2C4%295,0.0,0.0,0.0,0.0624099485576153
InChI%3D1S%2FC8H19O2PS2%2Fc1-4-7-12-11%289%2C10-6-3%2913-8-5-2%2Fh4-8H2%2C1-3H3,-0.00190092669799924,1.8405876159668,0.0,0.2088283598423
InChI%3D1S%2FC36H53NO13%2Fc1-21-13-11-9-7-6-8-10-12-14-24%2848-35%285%2931%2842%2929%2837%2930%2841%2922%282%2947-35%2919-34%284%2928%2832%2843%2944%2925%2839%2920-36%2845%2C50-34%2918-23%2838%2917-33%283%2926%2849-33%2915-16-27%2840%2946-21%2Fh6-12%2C14-16%2C21-26%2C28-31%2C38-39%2C41-42%2C45H%2C13%2C17-20%2C37H2%2C1-5H3%2C%28H%2C43%2C44%29,0.444290906190872,4.62308788299561,6.0,-0.0931890979409218
InChI%3D1S%2FC17H14ClF7O2%2Fc1-6-11%2819%2913%2821%297%2814%2822%2912%286%2920%295-27-15%2826%2910-8%2816%2810%2C2%293%294-9%2818%2917%2823%2C24%2925%2Fh4%2C8%2C10H%2C5H2%2C1-3H3,0.0399617366492748,2.95671677589417,0.0,-0.0495937019586563
InChI%3D1S%2FC13H17F3N4O4%2Fc1-3-5-18%286-4-2%2911-9%2819%2821%2922%297-8%2813%2814%2C15%2916%2910%2817%2912%2811%2920%2823%2924%2Fh7H%2C3-6%2C17H2%2C1-2H3,-0.00785052310675383,1.29876804351807,0.0,0.0163645558059216
InChI%3D1S%2FC17H26ClNO3S%2Fc1-4-14%2819-22-8-6-7-18%2917-15%2820%2910-13%2811-16%2817%2921%299-12%283%2923-5-2%2Fh6-7%2C12-13%2C19H%2C4-5%2C8-11H2%2C1-3H3,0.00995975360274315,1.61959934234619,0.0,-0.0349220894277096
InChI%3D1S%2FC10H15O3PS2%2Fc1-8-7-9%285-6-10%288%2916-4%2913-14%2815%2C11-2%2912-3%2Fh5-7H%2C1-4H3,0.0254746582359076,2.65207195281982,0.0,0.372155338525772
InChI%3D1S%2FC15H16Cl3N3O2%2Fc1-2-4-20%2815%2822%2921-5-3-19-10-21%296-7-23-14-12%2817%298-11%2816%299-13%2814%2918%2Fh3%2C5%2C8-10H%2C2%2C4%2C6-7H2%2C1H3,-0.149617493152618,1.3594388961792,0.0,0.154723465442657
InChI%3D1S%2FC15H10ClF3N2O6S%2Fc1-28%2825%2C26%2920-14%2822%2910-7-9%283-4-12%2810%2921%2823%2924%2927-13-5-2-8%286-11%2813%2916%2915%2817%2C18%2919%2Fh2-7H%2C1H3%2C%28H%2C20%2C22%29,-0.294650375843048,1.48486232757568,1.0,0.0898159146308899
InChI%3D1S%2FC5H7N3O2%2Fc1-4-6-3-5%287%284%292%298%289%2910%2Fh3H%2C1-2H3,-0.00497913500294089,0.681834280490875,0.0,-0.0161879099905491
InChI%3D1S%2FC2H7O3P%2Fc1-4-6%283%295-2%2Fh6H%2C1-2H3,0.0346191860735416,0.20412415266037,0.0,0.371464520692825
InChI%3D1S%2FC6H4Cl2%2Fc7-5-1-2-6%288%294-3-5%2Fh1-4H,-0.0362370833754539,0.436435788869858,0.0,-0.00385585660114884
InChI%3D1S%2FC15H18Cl2N2O3%2Fc1-8%282%2921-12-7-11%289%2816%296-10%2812%2917%2919-14%2820%2922-13%2818-19%2915%283%2C4%295%2Fh6-8H%2C1-5H3,-0.0716839283704758,2.1981954574585,0.0,0.090534895658493
InChI%3D1S%2FC5H13ClN%2Fc1-7%282%2C3%295-4-6%2Fh4-5H2%2C1-3H3%2Fq%2B1,-0.0363313965499401,1.06066012382507,0.0,-0.0220172274857759
InChI%3D1S%2FC2H3Cl3O2%2Fc3-2%284%2C5%291%286%297%2Fh1%2C6-7H,0.0,1.19230616092682,2.0,-0.170003339648247
InChI%3D1S%2FC9H7Cl3O3%2Fc1-4%289%2813%2914%2915-8-3-6%2811%295%2810%292-7%288%2912%2Fh2-4H%2C1H3%2C%28H%2C13%2C14%29,-0.00951710809022188,1.36522090435028,1.0,-0.222968310117722
InChI%3D1S%2FC15H12F2N3Si%2Fc16-12-1-5-14%286-2-12%2921%2811-20-10-18-9-19-20%2915-7-3-13%2817%294-8-15%2Fh1-10H%2C11H2,0.0237545687705278,2.27472257614136,0.0,0.0073405560106039
InChI%3D1S%2FC23H26O3%2Fc1-16%282%2913-20-21%2823%2820%2C3%294%2922%2824%2925-15-17-9-8-12-19%2814-17%2926-18-10-6-5-7-11-18%2Fh5-14%2C20-21H%2C15H2%2C1-4H3,-0.0564643442630768,2.22246408462524,0.0,0.0472103096544743
InChI%3D1S%2FC18H26O5%2Fc1-12-6-5-9-14%2819%298-4-2-3-7-13-10-15%2820%2911-16%2821%2917%2813%2918%2822%2923-12%2Fh10-12%2C14%2C19-21H%2C2-9H2%2C1H3,0.145582869648933,1.04144847393036,3.0,0.0477639511227608
InChI%3D1S%2FC12H14N2%2Fc13-8-9-14-12-7-3-5-10-4-1-2-6-11%2810%2912%2Fh1-7%2C14H%2C8-9%2C13H2,-0.00475095538422465,0.559204041957855,0.0,-0.0408144816756248
InChI%3D1S%2FC9H13N%2Fc1-8%2810%297-9-5-3-2-4-6-9%2Fh2-6%2C8H%2C7%2C10H2%2C1H3,-1.14627691800706e-05,0.321975260972977,0.0,-0.00479932874441147
InChI%3D1S%2FC12H8Cl6O%2Fc13-8-9%2814%293-1-4-5%282%283%297-6%281%2919-7%2911%289%2C16%2912%2817%2C18%2910%284%2C8%2915%2Fh1-8H,0.00487554026767612,12.5450944900513,0.0,-0.0909023880958557
InChI%3D1S%2FC11H10ClNO3S%2Fc1-2-16-9%2814%296-13-10-7%2812%294-3-5-8%2810%2917-11%2813%2915%2Fh3-5H%2C2%2C6H2%2C1H3,-0.362901210784912,1.37785613536835,0.0,0.0919748544692993
InChI%3D1S%2FC14H15N3%2Fc1-10-9-13%2811-7-8-11%2917-14%2815-10%2916-12-5-3-2-4-6-12%2Fh2-6%2C9%2C11H%2C7-8H2%2C1H3%2C%28H%2C15%2C16%2C17%29,-0.019825579598546,0.669819056987762,0.0,0.13900962471962
InChI%3D1S%2FC9H9ClO3%2Fc1-6%289%2811%2912%2913-8-4-2-3-7%2810%295-8%2Fh2-6H%2C1H3%2C%28H%2C11%2C12%29,0.0508269816637039,0.550152063369751,1.0,-0.1595179438591
InChI%3D1S%2FC19H22FN3O%2Fc20-17-8-6-16%287-9-17%2918%2824%294-3-11-22-12-14-23%2815-13-22%2919-5-1-2-10-21-19%2Fh1-2%2C5-10H%2C3-4%2C11-15H2,-0.119575202465057,1.15266513824463,0.0,-0.0326111614704132
InChI%3D1S%2FC19H23ClN2O2S%2Fc1-2-3-4-5-6-10-13-25-19%2823%2924-16-14-17%2820%2921-22-18%2816%2915-11-8-7-9-12-15%2Fh7-9%2C11-12%2C14H%2C2-6%2C10%2C13H2%2C1H3,0.0357477962970734,0.696404218673706,0.0,0.0886669754981995
InChI%3D1S%2FC20H23N3O2%2Fc1-20%282%2C3%2918%2824%2919%2823-14-21-13-22-23%2925-17-11-9-16%2810-12-17%2915-7-5-4-6-8-15%2Fh4-14%2C18-19%2C24H%2C1-3H3,-0.0294901002198458,1.96185719966888,1.0,-0.037879217416048
InChI%3D1S%2FC9H8Cl3NO2S%2Fc10-9%2811%2C12%2916-13-7%2814%295-3-1-2-4-6%285%298%2813%2915%2Fh1-2%2C5-6H%2C3-4H2,-0.199142158031464,2.3341372013092,0.0,0.0984530672430992
InChI%3D1S%2FC24H46O6%2Fc1-2-3-4-5-6-7-8-9-10-11-12-13-14-15-16-17-22%2827%2929-19-21%2826%2924-23%2828%2920%2825%2918-30-24%2Fh20-21%2C23-26%2C28H%2C2-19H2%2C1H3,-0.0558077432215214,0.792209148406982,3.0,-0.271552234888077
InChI%3D1S%2FC10H6Cl8%2Fc11-3-1-2-4%285%283%2912%299%2816%297%2814%296%2813%298%282%2C15%2910%289%2C17%2918%2Fh2-5H%2C1H2,-0.0426623672246933,10.2446041107178,0.0,-0.11138341575861
InChI%3D1S%2FC15H13N3O3S%2Fc1-21-15%2819%2918-14-16-12-8-7-11%289-13%2812%2917-14%2922%2820%2910-5-3-2-4-6-10%2Fh2-9H%2C1H3%2C%28H2%2C16%2C17%2C18%2C19%29,0.237439975142479,1.18415141105652,1.0,0.354556232690811
InChI%3D1S%2FP4%2Fc1-2-3%281%294%281%292,0.0,0.0,0.0,0.0
InChI%3D1S%2FC8H8O3%2Fc1-11-8%2810%296-2-4-7%289%295-3-6%2Fh2-5%2C9H%2C1H3,-0.0116915227845311,0.340111911296844,1.0,0.0829976573586464
InChI%3D1S%2FC12H14Cl3O4P%2Fc1-3-17-20%2816%2C18-4-2%2919-12%288-13%2910-6-5-9%2814%297-11%2810%2915%2Fh5-8H%2C3-4H2%2C1-2H3,-0.126915097236633,1.1301417350769,0.0,0.501962065696716
InChI%3D1S%2FC10Cl12%2Fc11-1-2%2812%297%2817%294%2814%293%2813%2C5%281%2C15%299%287%2C19%2920%296%281%2C16%2910%2821%2C22%298%282%2C4%2918,0.196705862879753,23.7589130401611,0.0,-0.126361042261124
InChI%3D1S%2FC14H20N3O5PS%2Fc1-5-19-14%2818%2911-9-17-12%2815-10%2811%294%298-13%2816-17%2922-23%2824%2C20-6-2%2921-7-3%2Fh8-9H%2C5-7H2%2C1-4H3,0.368841022253036,2.02396011352539,0.0,0.409922629594803
InChI%3D1S%2FC14H16ClN5O5S%2Fc1-9-16-12%2819-14%2817-9%2924-2%2918-13%2821%2920-26%2822%2C23%2911-6-4-3-5-10%2811%2925-8-7-15%2Fh3-6H%2C7-8H2%2C1-2H3%2C%28H2%2C16%2C17%2C18%2C19%2C20%2C21%29,0.785147368907928,1.30600559711456,1.0,0.498800784349442
InChI%3D1S%2FC16H20N2O3%2Fc1-9%282%2916%284%2915%2820%2917-13%2818-16%2912-8-10%283%296-7-11%2812%2914%2819%2921-5%2Fh6-9H%2C1-5H3%2C%28H%2C17%2C18%2C20%29,-0.134405866265297,2.62235641479492,0.0,0.11595407128334
InChI%3D1S%2FC16H14Cl2O3%2Fc1-2-21-15%2819%2916%2820%2C11-3-7-13%2817%298-4-11%2912-5-9-14%2818%2910-6-12%2Fh3-10%2C20H%2C2H2%2C1H3,0.00990252196788788,1.5047060251236,1.0,-0.0621210336685181
InChI%3D1S%2FC9H21O2PS3%2Fc1-6-10-12%2813%2C11-7-2%2915-8-14-9%283%2C4%295%2Fh6-8H2%2C1-5H3,0.121190220117569,4.59107398986816,0.0,0.203384175896645
InChI%3D1S%2FC4H6O2%2Fc1-3%282%294%285%296%2Fh1H2%2C2H3%2C%28H%2C5%2C6%29,0.0,0.229144126176834,1.0,0.0317592620849609
InChI%3D1S%2FC4H4O4%2Fc5-3%286%291-2-4%287%298%2Fh1-2H%2C%28H%2C5%2C6%29%28H%2C7%2C8%29,-0.2605941593647,0.0608580633997917,2.0,0.0623617954552174
InChI%3D1S%2FC12H19O2PS3%2Fc1-4-10-18-15%2816%2C13-5-2%2914-11-6-8-12%2817-3%299-7-11%2Fh6-9H%2C4-5%2C10H2%2C1-3H3,-0.0284344311803579,3.61812400817871,0.0,0.182873353362083
InChI%3D1S%2FC9H11ClN2O%2Fc1-12%282%299%2813%2911-8-5-3-7%2810%294-6-8%2Fh3-6H%2C1-2H3%2C%28H%2C11%2C13%29,-0.0174932423979044,0.673308968544006,0.0,0.208984345197678
InChI%3D1S%2FC8H10N6%2Fc9-3-5-6%2810%2913-8%2814-7%285%2911%2912-4-1-2-4%2Fh4H%2C1-2H2%2C%28H5%2C10%2C11%2C12%2C13%2C14%29,0.246673852205276,0.62560361623764,0.0,0.119083762168884
InChI%3D1S%2FC16H17F5N2O2S%2Fc1-7%282%296-8-9%2815%2824%2925-3%2911%2813%2817%2918%2923-12%2816%2819%2C20%2921%2910%288%2914-22-4-5-26-14%2Fh7%2C13H%2C4-6H2%2C1-3H3,-0.174929603934288,1.70890617370605,0.0,0.00254835211671889
InChI%3D1S%2FC12H4Cl2F6N4OS%2Fc13-5-1-4%2811%2815%2C16%2917%292-6%2814%298%285%2924-10%2822%299%287%283-21%2923-24%2926%2825%2912%2818%2C19%2920%2Fh1-2H%2C22H2,-0.429340958595276,2.09397912025452,0.0,-0.115661896765232
InChI%3D1S%2FC12H10Cl2F3NO%2Fc13-5-7-6-18%2811%2819%2910%287%2914%299-3-1-2-8%284-9%2912%2815%2C16%2917%2Fh1-4%2C7%2C10H%2C5-6H2,-0.103420272469521,1.81168293952942,0.0,0.052685309201479
InChI%3D1S%2FC7H5NO3S%2Fc9-7-5-3-1-2-4-6%285%2912%2810%2C11%298-7%2Fh1-4H%2C%28H%2C8%2C9%29,0.0630336999893188,1.03281950950623,1.0,0.133370444178581
InChI%3D1S%2FC14H9Cl5%2Fc15-11-5-1-9%282-6-11%2913%2814%2817%2C18%2919%2910-3-7-12%2816%298-4-10%2Fh1-8%2C13H,0.0354204550385475,2.37673115730286,0.0,0.00970741640776396
InChI%3D1S%2FC5H4O2%2Fc6-4-5-2-1-3-7-5%2Fh1-4H,-0.0509975180029869,0.106345199048519,0.0,-0.113162949681282
InChI%3D1S%2FCBrN%2Fc2-1-3,0.0,0.0,0.0,-0.000206869022804312
InChI%3D1S%2FC20H23NO3%2Fc1-14-9-8-10-15%282%2919%2814%2921%2816%283%2920%2823%2924-4%2918%2822%2913-17-11-6-5-7-12-17%2Fh5-12%2C16H%2C13H2%2C1-4H3,-0.245630100369453,1.55912888050079,0.0,0.0580585896968842
InChI%3D1S%2FC12H8Cl2O3S%2Fc13-9-1-5-11%286-2-9%2917-18%2815%2C16%2912-7-3-10%2814%294-8-12%2Fh1-8H,-0.0712689980864525,1.26994800567627,0.0,0.096829928457737
InChI%3D1S%2FC4H7Br2Cl2O4P%2Fc1-10-13%289%2C11-2%2912-3%285%294%286%2C7%298%2Fh3H%2C1-2H3,-0.161739096045494,5.41833448410034,0.0,0.540416538715363
InChI%3D1S%2FC12H15NO3%2Fc1-12%282%297-8-5-4-6-9%2810%288%2916-12%2915-11%2814%2913-3%2Fh4-6H%2C7H2%2C1-3H3%2C%28H%2C13%2C14%29,-0.16602486371994,1.08976674079895,,0.119165107607841
InChI%3D1S%2FC10H12N2O3S%2Fc1-7%282%2912-10%2813%298-5-3-4-6-9%288%2911-16%2812%2C14%2915%2Fh3-7%2C11H%2C1-2H3,0.0704653114080429,1.65964698791504,0.0,0.281548470258713
InChI%3D1S%2FC12H15ClNO4PS2%2Fc1-3-16-19%2820%2C17-4-2%2921-8-14-10-6-5-9%2813%297-11%2810%2918-12%2814%2915%2Fh5-7H%2C3-4%2C8H2%2C1-2H3,0.314621210098267,4.10390710830688,0.0,0.466933816671371
InChI%3D1S%2FC9H16N4OS%2Fc1-9%282%2C3%296-11-12-8%2815-6%2913%285%297%2814%2910-4%2Fh1-5H3%2C%28H%2C10%2C14%29,0.125372424721718,2.49291849136353,1.0,0.290069460868835
InChI%3D1S%2FC22H23ClN2O9%2Fc1-21%2833%2911-6%2823%294-5-7%2826%298%2811%2915%2827%299-12%2821%2917%2829%2913-14%2825%282%293%2916%2828%2910%2820%2824%2932%2919%2831%2922%2813%2C34%2918%289%2930%2Fh4-5%2C12-14%2C17%2C26-27%2C29%2C32-34H%2C24H2%2C1-3H3,-0.274439454078674,4.47846221923828,6.0,-0.0118650393560529
InChI%3D1S%2FC15H16O2%2Fc1-15%282%2C11-3-7-13%2816%298-4-11%2912-5-9-14%2817%2910-6-12%2Fh3-10%2C16-17H%2C1-2H3,-2.61983586824499e-05,1.93594992160797,2.0,-0.0258760675787926
InChI%3D1S%2FC8H10N2O4S%2Fc1-14-8%2811%2910-15%2812%2C13%297-4-2-6%289%293-5-7%2Fh2-5H%2C9H2%2C1H3%2C%28H%2C10%2C11%29,0.167296752333641,0.914551973342896,1.0,0.270915627479553
InChI%3D1S%2FC16H15F2N3Si%2Fc1-22%2812-21-11-19-10-20-21%2C15-6-2-13%2817%293-7-15%2916-8-4-14%2818%295-9-16%2Fh2-11H%2C12H2%2C1H3,0.0127953626215458,5.32858180999756,0.0,0.00860782526433468
InChI%3D1S%2FC15H12F3NO4S%2Fc1-24%2821%2C22%2912-6-9%2815%2816%2C17%2918%294-5-10%2812%2913%2820%2911-7-19-23-14%2811%298-2-3-8%2Fh4-8H%2C2-3H2%2C1H3,0.0372065231204033,1.98660695552826,0.0,-0.0187641326338053
InChI%3D1S%2FC2H8NO2PS%2Fc1-5-6%283%2C4%297-2%2Fh1-2H3%2C%28H2%2C3%2C4%29,0.0149754844605923,0.91981852054596,0.0,0.206535488367081
InChI%3D1S%2FC3H8NO5P%2Fc5-3%286%291-4-2-10%287%2C8%299%2Fh4H%2C1-2H2%2C%28H%2C5%2C6%29%28H2%2C7%2C8%2C9%29,-0.0554516762495041,0.166378632187843,3.0,-0.163007602095604
InChI%3D1S%2F3C6H5.Sn.H%2Fc3%2A1-2-4-6-5-3-1%3B%3B%2Fh3%2A1-5H%3B%3B,0.0,0.0,0.0,0.0
InChI%3D1S%2FC22H19Cl2NO3%2Fc1-22%282%2917%2812-19%2823%2924%2920%2822%2921%2826%2928-18%2813-25%2914-7-6-10-16%2811-14%2927-15-8-4-3-5-9-15%2Fh3-12%2C17-18%2C20H%2C1-2H3,-0.157138645648956,2.40368151664734,0.0,-0.00601470284163952
InChI%3D1S%2FC7H5N3O6%2Fc1-4-6%289%2813%2914%292-5%288%2811%2912%293-7%284%2910%2815%2916%2Fh2-3H%2C1H3,-0.262828022241592,0.878476858139038,0.0,0.0278421845287085
InChI%3D1S%2FC12H16ClNOS%2Fc1-3-14%284-2%2912%2815%2916-9-10-5-7-11%2813%298-6-10%2Fh5-8H%2C3-4%2C9H2%2C1-2H3,-0.00311693828552961,1.14199006557465,0.0,0.137771040201187
InChI%3D1S%2FC14H17ClNO4PS2%2Fc1-3-19-21%2822%2C20-4-2%2923-12%289-15%2916-13%2817%2910-7-5-6-8-11%2810%2914%2816%2918%2Fh5-8%2C12H%2C3-4%2C9H2%2C1-2H3,0.0656138211488724,4.62140369415283,0.0,0.321834146976471
InChI%3D1S%2FC8H4O3%2Fc9-7-5-3-1-2-4-6%285%298%2810%2911-7%2Fh1-4H,0.0640649348497391,0.488132447004318,0.0,0.169472381472588
InChI%3D1S%2FC10H19N5S%2Fc1-6-11-7-12-8%2815-10%282%2C3%294%2914-9%2813-7%2916-5%2Fh6H2%2C1-5H3%2C%28H2%2C11%2C12%2C13%2C14%2C15%29,0.259397923946381,1.01815342903137,0.0,0.381152480840683
InChI%3D1S%2FC12H19ClNO3P%2Fc1-12%282%2C3%299-6-7-11%2810%2813%298-9%2917-18%2815%2C14-4%2916-5%2Fh6-8H%2C1-5H3%2C%28H%2C14%2C15%29,-0.0936959534883499,2.02742528915405,0.0,0.417936623096466
InChI%3D1S%2FC2H2Cl2%2Fc1-2%283%294%2Fh1H2,0.0,0.0,0.0,0.00320262531749904
InChI%3D1S%2FC20H22N4O6S%2Fc1-28-12-17%2825%2921-16-11-14%2831-13-7-5-4-6-8-13%299-10-15%2816%2922-18%2823-19%2826%2929-2%2924-20%2827%2930-3%2Fh4-11H%2C12H2%2C1-3H3%2C%28H%2C21%2C25%29%28H2%2C22%2C23%2C24%2C26%2C27%29,0.38942277431488,1.17988204956055,3.0,0.515827417373657
InChI%3D1S%2FC17H9ClF8N2O4%2Fc18-8-6-7%284-5-11%288%2931-16%2822%2C23%2914%2821%2932-17%2824%2C25%2926%2927-15%2830%2928-13%2829%2912-9%2819%292-1-3-10%2812%2920%2Fh1-6%2C14H%2C%28H2%2C27%2C28%2C29%2C30%29,-0.208966851234436,1.27839088439941,2.0,0.318193554878235
InChI%3D1S%2FC20H19NO3%2Fc1-16%2823-20-9-5-6-14-21-20%2915-22-17-10-12-19%2813-11-17%2924-18-7-3-2-4-8-18%2Fh2-14%2C16H%2C15H2%2C1H3,-0.173554450273514,0.594517946243286,0.0,-0.049028966575861
InChI%3D1S%2FC22H17N3O5%2Fc1-27-13-17%2822%2826%2928-2%2916-8-4-6-10-19%2816%2930-21-11-20%2824-14-25-21%2929-18-9-5-3-7-15%2818%2912-23%2Fh3-11%2C13-14H%2C1-2H3,0.472458392381668,1.00851500034332,0.0,0.274480551481247
InChI%3D1S%2FC10H9Cl4O4P%2Fc1-16-19%2815%2C17-2%2918-10%285-11%296-3-8%2813%299%2814%294-7%286%2912%2Fh3-5H%2C1-2H3,-0.112992741167545,1.72501111030579,0.0,0.526793599128723
InChI%3D1S%2FC7H13N3O3S%2Fc1-8-7%2812%2913-9-5%2814-4%296%2811%2910%282%293%2Fh1-4H3%2C%28H%2C8%2C12%29,-0.0335905402898788,0.739745199680328,1.0,0.0755857601761818
InChI%3D1S%2FC10HCl11%2Fc11-2-1-3%2812%295%2814%294%281%2C13%2910%2820%2C21%297%282%2C16%298%285%2C17%296%282%2C15%299%283%2C18%2919%2Fh1H,0.098790593445301,21.6349868774414,0.0,-0.113140396773815
InChI%3D1S%2FC9H7N3S%2Fc1-6-3-2-4-7-8%286%2912-5-10-11-9%2812%2913-7%2Fh2-5H%2C1H3,-0.00877479277551174,1.27638912200928,0.0,0.0966354459524155
InChI%3D1S%2FC10H10ClNO2%2Fc1-7%2813%2912-9-4-2-8%283-5-9%2910%2814%296-11%2Fh2-5H%2C6H2%2C1H3%2C%28H%2C12%2C13%29,-0.00586217548698187,0.527670443058014,1.0,-0.0664068609476089
InChI%3D1S%2FC9H7NO%2Fc11-8-5-1-3-7-4-2-6-10-9%287%298%2Fh1-6%2C11H,-0.0147868348285556,0.427669137716293,1.0,-0.0577422901988029
InChI%3D1S%2FC12H13N5O6S2%2Fc1-6-13-10%2816-12%2814-6%2923-3%2915-11%2819%2917-25%2820%2C21%297-4-5-24-8%287%299%2818%2922-2%2Fh4-5H%2C1-3H3%2C%28H2%2C13%2C14%2C15%2C16%2C17%2C19%29,0.261423617601395,1.78576791286469,1.0,0.681259274482727
InChI%3D1S%2FC3H6N2S%2Fc6-3-4-1-2-5-3%2Fh1-2H2%2C%28H2%2C4%2C5%2C6%29,0.0,0.212132036685944,0.0,0.0383092723786831
InChI%3D1S%2FC48H81NO17%2Fc1-15-35-32%2823-60-45-42%2859-14%2941%2858-13%2938%2854%2928%285%2961-45%2920-25%282%2916-17-33%2851%2926%283%2921-31%2818-19-50%2939%2827%284%2934%2852%2922-36%2853%2962-35%2966-48%2810%2944%2856%2937%2849%2811%2912%2940%2829%286%2964-48%2965-47%289%2924-46%288%2C57%2943%2855%2930%287%2963-47%2Fh16-17%2C19-20%2C26-32%2C34-35%2C37-45%2C52%2C54-57H%2C15%2C18%2C21-24H2%2C1-14H3,0.259362131357193,7.03544282913208,5.0,-0.511655390262604
InChI%3D1S%2FC17H17N2%2Fc1-18-16%2814-9-5-3-6-10-14%2913-17%2819%2818%292%2915-11-7-4-8-12-15%2Fh3-13H%2C1-2H3,0.00619213096797466,1.39080572128296,0.0,-0.0639302134513855
InChI%3D1S%2FC7H9NO%2Fc1-9-7-4-2-6%288%293-5-7%2Fh2-5H%2C8H2%2C1H3,-0.0403131432831287,0.257719904184341,0.0,0.0042715473100543
InChI%3D1S%2FC9H9N3O2%2Fc1-14-9%2813%2912-8-10-6-4-2-3-5-7%286%2911-8%2Fh2-5H%2C1H3%2C%28H2%2C10%2C11%2C12%2C13%29,0.255493015050888,0.399675220251083,1.0,0.376870959997177
InChI%3D1S%2FC14H9Cl5O%2Fc15-11-5-1-9%282-6-11%2913%2820%2C14%2817%2C18%2919%2910-3-7-12%2816%298-4-10%2Fh1-8%2C20H,0.0340955592691898,3.2610764503479,1.0,-0.0886950492858887
InChI%3D1S%2FC12H8Cl6O%2Fc13-8-9%2814%2911%2816%295-3-1-2%286-7%283%2919-6%294%285%2910%288%2C15%2912%2811%2C17%2918%2Fh2-7H%2C1H2,0.0778457894921303,9.88798713684082,0.0,-0.100369319319725
InChI%3D1S%2FC18H41N7%2Fc19-17%2820%2924-15-11-7-3-1-5-9-13-23-14-10-6-2-4-8-12-16-25-18%2821%2922%2Fh23H%2C1-16H2%2C%28H4%2C19%2C20%2C24%29%28H4%2C21%2C22%2C25%29,-0.0056712687946856,0.102062076330185,0.0,0.112157717347145
InChI%3D1S%2FC42H71NO9%2Fc1-10-27-12-11-13-35%2852-38-17-16-34%2843%285%296%2925%284%2949-38%2924%283%2939%2845%2933-21-31-29%2832%2833%2922-37%2844%2951-27%2915-14-26-19-28%2820-30%2826%2931%2950-36-18-23%282%2940%2846-7%2942%2848-9%2941%2836%2947-8%2Fh23-36%2C38%2C40-42H%2C10-22H2%2C1-9H3,-0.143466517329216,6.30499792098999,0.0,-0.119252011179924
InChI%3D1S%2FC11H21NOS%2Fc1-3-12%2811%2813%2914-4-2%2910-8-6-5-7-9-10%2Fh10H%2C3-9H2%2C1-2H3,-0.0123607590794563,0.930532336235046,0.0,0.13592617213726
InChI%3D1S%2FC12H14ClNO2%2Fc1-12%282%298-16-14%2811%2812%2915%297-9-5-3-4-6-10%289%2913%2Fh3-6H%2C7-8H2%2C1-2H3,0.0136800352483988,1.69994032382965,0.0,-0.0724493190646172
InChI%3D1S%2FC24H38O4%2Fc1-5-9-13-19%287-3%2917-27-23%2825%2921-15-11-12-16-22%2821%2924%2826%2928-18-20%288-4%2914-10-6-2%2Fh11-12%2C15-16%2C19-20H%2C5-10%2C13-14%2C17-18H2%2C1-4H3,-0.295006543397903,1.36898148059845,0.0,0.176267266273499
InChI%3D1S%2FC11H12NO4PS2%2Fc1-15-17%2818%2C16-2%2919-7-12-10%2813%298-5-3-4-6-9%288%2911%2812%2914%2Fh3-6H%2C7H2%2C1-2H3,0.377645134925842,4.90544033050537,0.0,0.414814949035645
InChI%3D1S%2FC15H21ClN2O2%2Fc1-4-12-7-6-8-13%285-2%2915%2812%2918%2814%2820%299-16%2910-17-11%283%2919%2Fh6-8H%2C4-5%2C9-10H2%2C1-3H3%2C%28H%2C17%2C19%29,0.0419205911457539,1.15082085132599,1.0,0.083060272037983
InChI%3D1S%2FC10H17N2O4PS%2Fc1-5-8-11-9%2815-6-2%297-10%2812-8%2916-17%2818%2C13-3%2914-4%2Fh7H%2C5-6H2%2C1-4H3,0.488565593957901,1.9523332118988,0.0,0.544182002544403
InChI%3D1S%2FC26H22ClF3N2O3%2Fc1-16%282%2924%2832-22-12-11-18%2814-21%2822%2927%2926%2828%2C29%2930%2925%2833%2935-23%2815-31%2917-7-6-10-20%2813-17%2934-19-8-4-3-5-9-19%2Fh3-14%2C16%2C23-24%2C32H%2C1-2H3,-0.365915447473526,1.99712836742401,0.0,-0.0882050916552544
InChI%3D1S%2FC9H9ClO3%2Fc1-6-4-7%2810%292-3-8%286%2913-5-9%2811%2912%2Fh2-4H%2C5H2%2C1H3%2C%28H%2C11%2C12%29,-0.0714268684387207,0.613013684749603,1.0,-0.161447212100029
InChI%3D1S%2FC8H10%2Fc1-2-8-6-4-3-5-7-8%2Fh3-7H%2C2H2%2C1H3,0.0,0.253933906555176,,0.0
InChI%3D1S%2FC6Cl5NO2%2Fc7-1-2%288%294%2810%296%2812%2813%2914%295%2811%293%281%299,-0.0420219637453556,2.38675689697266,0.0,-0.124800957739353
InChI%3D1S%2FC19H23N3%2Fc1-14-6-8-18%2816%283%2910-14%2920-12-22%285%2913-21-19-9-7-15%282%2911-17%2819%294%2Fh6-13H%2C1-5H3,0.102578319609165,1.28525996208191,0.0,0.163093075156212
InChI%3D1S%2FC24H27N3O4%2Fc1-17-21%2822%2827%285%2926-17%2930-20-9-7-6-8-10-20%2915-25-29-16-18-11-13-19%2814-12-18%2923%2828%2931-24%282%2C3%294%2Fh6-15H%2C16H2%2C1-5H3,0.0629301443696022,1.48396611213684,0.0,-0.0258137732744217
InChI%3D1S%2FC25H22ClNO3%2Fc1-17%282%2924%2818-11-13-20%2826%2914-12-18%2925%2828%2930-23%2816-27%2919-7-6-10-22%2815-19%2929-21-8-4-3-5-9-21%2Fh3-15%2C17%2C23-24H%2C1-2H3,-0.164108142256737,1.71170926094055,0.0,-0.0341635495424271
InChI%3D1S%2FC24H17N5O7%2Fc1-36-21-10-9-17%2829%2834%2935%2913-20%2821%2926-27-22-18-8-3-2-5-14%2818%2911-19%2823%2822%2930%2924%2831%2925-15-6-4-7-16%2812-15%2928%2832%2933%2Fh2-13%2C30H%2C1H3%2C%28H%2C25%2C31%29,-0.0217543486505747,1.63616645336151,2.0,-0.138969093561172
InChI%3D1S%2FC19H17ClN4%2Fc20-18-8-6-16%287-9-18%2910-11-19%2812-21%2C13-24-15-22-14-23-24%2917-4-2-1-3-5-17%2Fh1-9%2C14-15H%2C10-11%2C13H2,0.0585331656038761,1.69188582897186,0.0,0.00595296267420053
InChI%3D1S%2FC7H12ClN5%2Fc1-3-9-6-11-5%288%2912-7%2813-6%2910-4-2%2Fh3-4H2%2C1-2H3%2C%28H2%2C9%2C10%2C11%2C12%2C13%29,0.302039384841919,0.36317178606987,0.0,0.368721663951874
InChI%3D1S%2FC8H6Cl2O3%2Fc9-5-1-2-7%286%2810%293-5%2913-4-8%2811%2912%2Fh1-3H%2C4H2%2C%28H%2C11%2C12%29,-0.0579640492796898,0.649613857269287,1.0,-0.206773117184639
InChI%3D1S%2FC18H24N2O6%2Fc1-3-5-6-7-8-9-11-14-12-15%2819%2822%2923%2918%2816%2813-14%2920%2824%2925%2926-17%2821%2910-4-2%2Fh4%2C10%2C12-13H%2C3%2C5-9%2C11H2%2C1-2H3,-0.00555658666417003,0.750617384910583,0.0,-0.0269144847989082
InChI%3D1S%2FC31H42O2%2Fc1-24%2814-9-10-15-25%282%2918-12-19-28%285%2930%2832%2933-8%2916-11-17-26%283%2921-22-29-27%284%2920-13-23-31%2829%2C6%297%2Fh9-12%2C14-19%2C21-22H%2C13%2C20%2C23H2%2C1-8H3,0.00548312906175852,2.71184825897217,0.0,0.116259053349495
InChI%3D1S%2FC10H13ClO%2Fc1-10%282%2C3%297-4-5-9%2812%298%2811%296-7%2Fh4-6%2C12H%2C1-3H3,-0.000897769932635128,1.60304808616638,1.0,-0.0606767237186432
InChI%3D1S%2FC11H18N4O2%2Fc1-7-8%282%2912-10%2814%283%294%2913-9%287%2917-11%2816%2915%285%296%2Fh1-6H3,0.329111248254776,1.23545789718628,0.0,0.559506118297577
InChI%3D1S%2FC5H10N2S2%2Fc1-6-3-7%282%295%288%299-4-6%2Fh3-4H2%2C1-2H3,0.0392120629549026,1.64162218570709,0.0,0.204911604523659
InChI%3D1S%2FC19H17ClN2O4%2Fc1-3-24-19%2823%2912%282%2925-14-5-7-15%288-6-14%2926-18-11-21-17-10-13%2820%294-9-16%2817%2922-18%2Fh4-12H%2C3H2%2C1-2H3,-0.175849586725235,1.03859579563141,0.0,-0.146059170365334
InChI%3D1S%2FC6H6Cl6%2Fc7-1-2%288%294%2810%296%2812%295%2811%293%281%299%2Fh1-6H,0.0,4.48108768463135,0.0,-0.149364098906517
InChI%3D1S%2FC12H9Cl%2Fc13-12-8-4-7-11%289-12%2910-5-2-1-3-6-10%2Fh1-9H,-2.89724666799884e-05,0.582054376602173,0.0,-0.00664200959727168
InChI%3D1S%2FC10H12O5%2Fc1-2-3-15-10%2814%296-4-7%2811%299%2813%298%2812%295-6%2Fh4-5%2C11-13H%2C2-3H2%2C1H3,-0.25499764084816,0.530334234237671,3.0,-0.0206362418830395
InChI%3D1S%2FC6H11N2O4PS3%2Fc1-10-5-7-8%286%289%2916-5%294-15-13%2814%2C11-2%2912-3%2Fh4H2%2C1-3H3,0.273106426000595,4.84628915786743,0.0,0.404795527458191