SMILES,ALogP,XLogP,AMR,nAtomP
InChI%3D1S%2FC6H10N6%2Fc7-4-10-5%288%2912-6%2811-4%299-3-1-2-3%2Fh3H%2C1-2H2%2C%28H5%2C7%2C8%2C9%2C10%2C11%2C12%29,-0.613099992275238,2.08200001716614,35.2267990112305,9.0
InChI%3D1S%2FC14H21N3O4%2Fc1-6-9%282%2915-13-11%2816%2818%2919%297-10%2814%283%2C4%295%298-12%2813%2917%2820%2921%2Fh7-9%2C15H%2C6H2%2C1-5H3,0.80680000782013,6.89300012588501,46.3053016662598,13.0
InChI%3D1S%2FC8H8Cl3O3PS%2Fc1-12-15%2816%2C13-2%2914-8-4-6%2810%295%289%293-7%288%2911%2Fh3-4H%2C1-2H3,3.23790001869202,3.88100004196167,47.2397994995117,11.0
InChI%3D1S%2FC12H27OPS3%2Fc1-4-7-10-15-14%2813%2C16-11-8-5-2%2917-12-9-6-3%2Fh4-12H2%2C1-3H3,0.0366000011563301,5.35799980163574,79.6408996582031,1.0
InChI%3D1S%2FC13H12BrCl2N3O%2Fc14-9-4-13%2820-5-9%2C6-19-8-17-7-18-19%2911-2-1-10%2815%293-12%2811%2916%2Fh1-3%2C7-9H%2C4-6H2,2.1800000667572,3.16400003433228,43.9244995117188,6.0
InChI%3D1S%2FC15H15F3N2O2%2Fc1-10%282%2914%2821%2C12-7-19-9-20-8-12%2911-3-5-13%286-4-11%2922-15%2816%2C17%2918%2Fh3-10%2C21H%2C1-2H3,1.91219997406006,3.64100003242493,27.5622005462646,7.0
InChI%3D1S%2FC8H8Cl2O2%2Fc1-11-7-3-6%2810%298%2812-2%294-5%287%299%2Fh3-4H%2C1-2H3,1.38499999046326,2.09999990463257,25.8628005981445,8.0
InChI%3D1S%2FC10H22O3%2Fc1-4-5-6-12-8-10%283%2913-7-9%282%2911%2Fh9-11H%2C4-8H2%2C1-3H3,-1.25660002231598,1.39100003242493,50.2545013427734,0.0
InChI%3D1S%2FC10H19O6PS2%2Fc1-5-15-9%2811%297-8%2810%2812%2916-6-2%2919-17%2818%2C13-3%2914-4%2Fh8H%2C5-7H2%2C1-4H3,1.96410000324249,2.00699996948242,77.2726974487305,4.0
InChI%3D1S%2FC17H18N4O6S%2Fc1-10-7-11%282%2919-16%2818-10%2920-17%2823%2921-28%2824%2C25%2914-6-4-3-5-13%2814%2915%2822%2927-12-8-26-9-12%2Fh3-7%2C12H%2C8-9H2%2C1-2H3%2C%28H2%2C18%2C19%2C20%2C21%2C23%29,0.106899999082088,2.54200005531311,51.8171997070312,22.0
InChI%3D1S%2FC14H12Cl2N2O%2Fc1-19-18-14%287-10-3-2-6-17-9-10%2912-5-4-11%2815%298-13%2812%2916%2Fh2-6%2C8-9H%2C7H2%2C1H3,1.36600005626678,4.03700017929077,29.6993007659912,9.0
InChI%3D1S%2FC13H6Cl6O2%2Fc14-6-2-8%2816%2912%2820%294%2810%286%2918%291-5-11%2819%297%2815%293-9%2817%2913%285%2921%2Fh2-3%2C20-21H%2C1H2,4.00139999389648,3.76799988746643,43.4238014221191,7.0
InChI%3D1S%2FC10H9Cl4NO2S%2Fc11-9%2812%2910%2813%2C14%2918-15-7%2816%295-3-1-2-4-6%285%298%2815%2917%2Fh1-2%2C5-6%2C9H%2C3-4H2,2.72370004653931,2.76999998092651,77.7978973388672,5.0
InChI%3D1S%2FC19H22FN3O3%2Fc1-2-21-5-7-22%288-6-21%2917-10-16-13%289-15%2817%2920%2918%2824%2914%2819%2825%2926%2911-23%2816%2912-3-4-12%2Fh9-12H%2C2-8H2%2C1H3%2C%28H%2C25%2C26%29,-0.344700008630753,1.27499997615814,68.5260009765625,10.0
InChI%3D1S%2FC9H13BrN2O2%2Fc1-4-5%282%2912-8%2813%297%2810%296%283%2911-9%2812%2914%2Fh5H%2C4H2%2C1-3H3%2C%28H%2C11%2C14%29,-0.300300002098083,1.00399994850159,56.019401550293,3.0
InChI%3D1S%2FC14H18N2O4%2Fc1-10-5-4-6-11%282%2913%2810%2916%2812%2817%299-19-3%2915-7-8-20-14%2815%2918%2Fh4-6H%2C7-9H2%2C1-3H3,0.334800004959106,1.58599996566772,48.540699005127,13.0
InChI%3D1S%2FC16H12ClF4N3O4%2Fc1-2-22%288-10-11%2817%294-3-5-12%2810%2918%2915-13%2823%2825%2926%296-9%2816%2819%2C20%2921%297-14%2815%2924%2827%2928%2Fh3-7H%2C2%2C8H2%2C1H3,2.60640001296997,6.03599977493286,36.2949981689453,13.0
InChI%3D1S%2FC14H19NO%2Fc1-5-16-11-6-7-13-12%288-11%2910%282%299-14%283%2C4%2915-13%2Fh6-9%2C15H%2C5H2%2C1-4H3,1.28649997711182,3.07800006866455,43.2781982421875,10.0
InChI%3D1S%2FC2H2Cl4%2Fc3-1%284%292%285%296%2Fh1-2H,2.39919996261597,2.57599997520447,30.7637996673584,0.0
InChI%3D1S%2FC14H12FNO3%2Fc1-7-2-3-8-4-9%2815%295-10-12%288%2916%287%296-11%2813%2810%2917%2914%2818%2919%2Fh4-7H%2C2-3H2%2C1H3%2C%28H%2C18%2C19%29,-0.368499994277954,1.72200000286102,41.7431983947754,9.0
InChI%3D1S%2FC14H18ClN3O2%2Fc1-14%282%2C3%2912%2819%2913%2818-9-16-8-17-18%2920-11-6-4-10%2815%295-7-11%2Fh4-9%2C12-13%2C19H%2C1-3H3,1.78110003471375,2.94400000572205,38.3995018005371,7.0
InChI%3D1S%2FC17H27NO3S%2Fc1-3-6-14%2818-21-4-2%2917-15%2819%299-13%2810-16%2817%2920%2912-7-5-8-22-11-12%2Fh12-13%2C18H%2C3-11H2%2C1-2H3,-0.866299986839294,3.97699999809265,86.5752029418945,8.0
InChI%3D1S%2FC26H23F2NO4%2Fc1-17%282%2924%2818-11-13-21%2814-12-18%2932-26%2827%2928%2925%2830%2933-23%2816-29%2919-7-6-10-22%2815-19%2931-20-8-4-3-5-9-20%2Fh3-15%2C17%2C23-24%2C26H%2C1-2H3,0.830699980258942,7.9559998512268,42.6431999206543,13.0
InChI%3D1S%2FC6H10O4S2%2Fc1-5-6%282%2912%289%2C10%294-3-11%285%2C7%298%2Fh3-4H2%2C1-2H3,-0.374000012874603,-0.582000017166138,47.146598815918,8.0
InChI%3D1S%2FC14H9ClF2N2O2%2Fc15-8-4-6-9%287-5-8%2918-14%2821%2919-13%2820%2912-10%2816%292-1-3-11%2812%2917%2Fh1-7H%2C%28H2%2C18%2C19%2C20%2C21%29,0.859499990940094,4.44299983978271,23.0795993804932,18.0
InChI%3D1S%2FC11H15N3O2%2Fc1-12-11%2815%2916-10-6-4-5-9%287-10%2913-8-14%282%293%2Fh4-8H%2C1-3H3%2C%28H%2C12%2C15%29,-0.105700001120567,3.0090000629425,36.6885986328125,13.0
InChI%3D1S%2FC16H22O4%2Fc1-3-5-11-19-15%2817%2913-9-7-8-10-14%2813%2916%2818%2920-12-6-4-2%2Fh7-10H%2C3-6%2C11-12H2%2C1-2H3,-1.20840001106262,5.03399991989136,45.4515991210938,12.0
InChI%3D1S%2FC2H6O2%2Fc3-1-2-4%2Fh3-4H%2C1-2H2,-0.89740002155304,-1.20799994468689,14.5536003112793,0.0
InChI%3D1S%2FC15H17ClN4%2Fc1-2-3-8-15%289-17%2C10-20-12-18-11-19-20%2913-4-6-14%2816%297-5-13%2Fh4-7%2C11-12H%2C2-3%2C8%2C10H2%2C1H3,-0.0283000003546476,3.53099989891052,38.6321983337402,6.0
InChI%3D1S%2FC12H18N4O6S%2Fc1-7%282%2914%288%283%294%2912-10%2815%2817%2918%295-9%2823%2813%2C21%2922%296-11%2812%2916%2819%2920%2Fh5-8H%2C1-4H3%2C%28H2%2C13%2C21%2C22%29,-0.91210001707077,2.01900005340576,50.2018013000488,17.0
InChI%3D1S%2FC8H14ClN5%2Fc1-4-10-7-12-6%289%2913-8%2814-7%2911-5%282%293%2Fh5H%2C4H2%2C1-3H3%2C%28H2%2C10%2C11%2C12%2C13%2C14%29,0.658900022506714,2.18400001525879,54.185001373291,7.0
InChI%3D1S%2FC31H52O3%2Fc1-21%282%2913-10-14-22%283%2915-11-16-23%284%2917-12-19-31%289%2920-18-28-26%287%2929%2833-27%288%2932%2924%285%2925%286%2930%2828%2934-31%2Fh21-23H%2C10-20H2%2C1-9H3,3.67260003089905,11.6780004501343,113.978202819824,10.0
InChI%3D1S%2FC8H10NO5PS%2Fc1-12-15%2816%2C13-2%2914-8-5-3-7%284-6-8%299%2810%2911%2Fh3-6H%2C1-2H3,0.958400011062622,3.48000001907349,33.2788009643555,14.0
InChI%3D1S%2FC6H9N3O3%2Fc1-5-7-4-6%289%2811%2912%298%285%292-3-10%2Fh4%2C10H%2C2-3H2%2C1H3,-0.419200003147125,0.017000000923872,23.6714992523193,2.0
InChI%3D1S%2FC17H12Cl2N2O%2Fc18-14-7-5-12%286-8-14%2917%2822%2C13-9-20-11-21-10-13%2915-3-1-2-4-16%2815%2919%2Fh1-11%2C22H,0.743399977684021,4.43300008773804,16.0988006591797,6.0
InChI%3D1S%2FC11H9Cl2NO2%2Fc12-6-1-2-7-16-11%2815%2914-10-5-3-4-9%2813%298-10%2Fh3-5%2C8H%2C6-7H2%2C%28H%2C14%2C15%29,2.57139992713928,3.78900003433228,39.0466995239258,10.0
InChI%3D1S%2FC5H5N3O%2Fc6-5%289%294-3-7-1-2-8-4%2Fh1-3H%2C%28H2%2C6%2C9%29,-0.0816000029444695,0.0350000001490116,8.47640037536621,9.0
InChI%3D1S%2FC22H19Br2NO3%2Fc1-22%282%2917%2812-19%2823%2924%2920%2822%2921%2826%2928-18%2813-25%2914-7-6-10-16%2811-14%2927-15-8-4-3-5-9-15%2Fh3-12%2C17-18%2C20H%2C1-2H3,1.93729996681213,7.26100015640259,64.2880020141602,13.0
InChI%3D1S%2FC19H24O3%2Fc1-7-8-13-12%284%2916%2810-15%2813%2920%2922-18%2821%2917-14%289-11%282%293%2919%2817%2C5%296%2Fh1%2C9%2C14%2C16-17H%2C8%2C10H2%2C2-6H3,3.76399993896484,2.9449999332428,86.4591979980469,4.0
InChI%3D1S%2FC7H5Cl2FN2O3%2Fc8-3-5%2811%294%289%297%2812-6%283%2910%2915-1-2%2813%2914%2Fh1H2%2C%28H2%2C11%2C12%29%28H%2C13%2C14%29,0.378800004720688,0.34400001168251,30.0373992919922,8.0
InChI%3D1S%2FC5H12NO4P%2Fc1-11%289%2C10%293-2-4%286%295%287%298%2Fh4H%2C2-3%2C6H2%2C1H3%2C%28H%2C7%2C8%29%28H%2C9%2C10%29,-2.27539992332458,-3.4210000038147,30.2665996551514,3.0
InChI%3D1S%2FC10H16Cl3NOS%2Fc1-6%282%2914%287%283%294%2910%2815%2916-5-8%2811%299%2812%2913%2Fh6-7H%2C5H2%2C1-4H3,2.40720009803772,3.82399988174438,75.6871032714844,3.0
InChI%3D1S%2FC22H28N2O2%2Fc1-7-17-8-10-18%2811-9-17%2920%2825%2923-24%2822%284%2C5%296%2921%2826%2919-13-15%282%2912-16%283%2914-19%2Fh8-14H%2C7H2%2C1-6H3%2C%28H%2C23%2C25%29,1.35490000247955,7.81199979782104,55.7382011413574,18.0
InChI%3D1S%2FC19H26O4S%2Fc1-5-14-21-24%2820%2923-18-9-7-6-8-17%2818%2922-16-12-10-15%2811-13-16%2919%282%2C3%294%2Fh1%2C10-13%2C17-18H%2C6-9%2C14H2%2C2-4H3,0.469399988651276,4.25299978256226,63.530101776123,7.0
InChI%3D1S%2FC2H6ClO3P%2Fc3-1-2-7%284%2C5%296%2Fh1-2H2%2C%28H2%2C4%2C5%2C6%29,-0.504700005054474,-0.551999986171722,24.5312995910645,4.0
InChI%3D1S%2FC18H24N2O4%2Fc1-6-18%283%2C7-2%2914-11-15%2824-20-14%2919-17%2821%2916-12%2822-4%299-8-10-13%2816%2923-5%2Fh8-11H%2C6-7H2%2C1-5H3%2C%28H%2C19%2C21%29,-0.00650000013411045,4.22900009155273,52.5158004760742,11.0
InChI%3D1S%2FC6H7N3O2%2Fc7-4-1-2-5%288%296%283-4%299%2810%2911%2Fh1-3H%2C7-8H2,-1.54639995098114,1.48099994659424,11.3299999237061,11.0
InChI%3D1S%2FC2I4%2Fc3-1%284%292%285%296,3.35560011863708,4.80999994277954,59.7634010314941,2.0
InChI%3D1S%2FC10H14O2%2Fc1-10%282%2C3%298-6-7%2811%294-5-9%288%2912%2Fh4-6%2C11-12H%2C1-3H3,0.635599970817566,2.66499996185303,24.2560005187988,8.0
InChI%3D1S%2FC9H4Cl3NO2S%2Fc10-9%2811%2C12%2916-13-7%2814%295-3-1-2-4-6%285%298%2813%2915%2Fh1-4H,2.93129992485046,3.80200004577637,40.8891983032227,11.0
InChI%3D1S%2FC17H16F3NO2%2Fc1-11%282%2923-13-7-5-6-12%2810-13%2921-16%2822%2914-8-3-4-9-15%2814%2917%2818%2C19%2920%2Fh3-11H%2C1-2H3%2C%28H%2C21%2C22%29,0.914600014686584,6.71700000762939,31.7254009246826,16.0
InChI%3D1S%2FC12H12N2%2Fc1-3-7-13-9-10-14-8-4-2-6-12%2814%2911%2813%295-1%2Fh1-8H%2C9-10H2,-0.993799984455109,2.5699999332428,54.1688003540039,4.0
InChI%3D1S%2FC12H20N4O2%2Fc1-14%282%2910-13-11%2817%2916%2812%2818%2915%2810%293%299-7-5-4-6-8-9%2Fh9H%2C4-8H2%2C1-3H3,-1.19599997997284,0.925999999046326,58.717098236084,7.0
InChI%3D1S%2FC9H17NOS%2Fc1-2-12-9%2811%2910-7-5-3-4-6-8-10%2Fh2-8H2%2C1H3,-0.301899999380112,1.94799995422363,46.2974014282227,3.0
InChI%3D1S%2FC16H13ClF3NO4%2Fc1-9%2815%2822%2923-2%2924-11-3-5-12%286-4-11%2925-14-13%2817%297-10%288-21-14%2916%2818%2C19%2920%2Fh3-9H%2C1-2H3,1.43959999084473,4.78299999237061,36.4982986450195,14.0
InChI%3D1S%2FC10H14NO5PS%2Fc1-3-14-17%2818%2C15-4-2%2916-10-7-5-9%286-8-10%2911%2812%2913%2Fh5-8H%2C3-4H2%2C1-2H3,1.4592000246048,4.32600021362305,41.8664016723633,14.0
InChI%3D1S%2FC9H13ClN6%2Fc1-4-12-7-13-6%2810%2914-8%2815-7%2916-9%282%2C3%295-11%2Fh4H2%2C1-3H3%2C%28H2%2C12%2C13%2C14%2C15%2C16%29,1.18340003490448,0.544000029563904,60.3378982543945,4.0
InChI%3D1S%2FC15H31N3O2%2Fc1-14%2819%2920-13-11-9-7-5-3-2-4-6-8-10-12-18-15%2816%2917%2Fh2-13H2%2C1H3%2C%28H4%2C16%2C17%2C18%29,-3.40750002861023,4.69399976730347,61.4561996459961,4.0
InChI%3D1S%2FC15H12F4N4O7S%2Fc1-28-11%2824%297-4-2-3-5-8%287%2931%2826%2C27%2923-15%2825%2922-14-20-9%2829-12%2816%2917%296-10%2821-14%2930-13%2818%2919%2Fh2-6%2C12-13H%2C1H3%2C%28H2%2C20%2C21%2C22%2C23%2C25%29,1.05169999599457,3.45099997520447,46.2507019042969,24.0
InChI%3D1S%2FC20H19F3N2O4%2Fc1-13%2814-8-6-9-16%2811-14%2920%2821%2C22%2923%2924-29-12-15-7-4-5-10-17%2815%2918%2825-28-3%2919%2826%2927-2%2Fh4-11H%2C12H2%2C1-3H3,0.713699996471405,7.20800018310547,50.7006988525391,12.0
InChI%3D1S%2FC2H6N4S2%2Fc3-1%287%295-6-2%284%298%2Fh%28H3%2C3%2C5%2C7%29%28H3%2C4%2C6%2C8%29,1.1055999994278,1.44000005722046,34.782600402832,6.0
InChI%3D1S%2FC14H16ClN3O2%2Fc1-14%282%2C3%2912%2819%2913%2818-9-16-8-17-18%2920-11-6-4-10%2815%295-7-11%2Fh4-9%2C13H%2C1-3H3,2.03340005874634,2.6029999256134,37.8013000488281,7.0
InChI%3D1S%2FC18H19NO4%2Fc1-13-8-4-7-11-16%2813%2923-12-14-9-5-6-10-15%2814%2917%2819-22-3%2918%2820%2921-2%2Fh4-11H%2C12H2%2C1-3H3,0.353300005197525,5.42199993133545,37.7406997680664,12.0
InChI%3D1S%2FC10H10O4%2Fc1-13-9%2811%297-3-5-8%286-4-7%2910%2812%2914-2%2Fh3-6H%2C1-2H3,0.0223999992012978,1.91199994087219,23.9768009185791,12.0
InChI%3D1S%2FC14H17Cl2N3O%2Fc1-2-3-6-14%2820%2C8-19-10-17-9-18-19%2912-5-4-11%2815%297-13%2812%2916%2Fh4-5%2C7%2C9-10%2C20H%2C2-3%2C6%2C8H2%2C1H3,0.499099999666214,3.43899989128113,39.8827018737793,6.0
InChI%3D1S%2FC24H40O3%2Fc1-15%284-9-22%2826%2927%2919-7-8-20-18-6-5-16-14-17%2825%2910-12-23%2816%2C2%2921%2818%2911-13-24%2819%2C20%293%2Fh15-21%2C25H%2C4-14H2%2C1-3H3%2C%28H%2C26%2C27%29,0.873000025749207,8.26299953460693,102.640800476074,3.0
InChI%3D1S%2FCH2Cl2%2Fc2-1-3%2Fh1H2,1.07290005683899,1.51900005340576,16.4382991790771,0.0
InChI%3D1S%2FC22H18N2O4%2Fc1-22%2816-12-14-19%2815-13-16%2927-18-10-6-3-7-11-18%2920%2825%2924%2821%2826%2928-22%2923-17-8-4-2-5-9-17%2Fh2-15%2C23H%2C1H3,-0.627399981021881,7.47100019454956,26.6888999938965,13.0
InChI%3D1S%2FC8H6Cl2O3%2Fc1-13-7-5%2810%293-2-4%289%296%287%298%2811%2912%2Fh2-3H%2C1H3%2C%28H%2C11%2C12%29,1.19700002670288,1.78100001811981,25.766300201416,10.0
InChI%3D1S%2FC6H12N2S4%2Fc1-7%282%295%289%2911-12-6%2810%298%283%294%2Fh1-4H3,3.15580010414124,1.54799997806549,69.2407989501953,3.0
InChI%3D1S%2FC13H16F3N3O4%2Fc1-7%282%2917%288%283%294%2912-10%2818%2820%2921%295-9%2813%2814%2C15%2916%296-11%2812%2919%2822%2923%2Fh5-8H%2C1-4H3,1.12249994277954,5.04899978637695,45.494800567627,13.0
InChI%3D1S%2FC9H5Cl3N4%2Fc10-5-3-1-2-4-6%285%2913-9-15-7%2811%2914-8%2812%2916-9%2Fh1-4H%2C%28H%2C13%2C14%2C15%2C16%29,1.89040005207062,3.24499988555908,38.875301361084,10.0
InChI%3D1S%2FC9H8N4OS%2Fc14-9%2812-8-6-10-13-15-8%2911-7-4-2-1-3-5-7%2Fh1-6H%2C%28H2%2C11%2C12%2C14%29,0.516099989414215,3.0,18.7709999084473,15.0
InChI%3D1S%2FC7H10N2O4S%2Fc1-5-4-6%288%292-3-7%285%299-13-14%2810%2C11%2912%2Fh2-4%2C9H%2C8H2%2C1H3%2C%28H%2C10%2C11%2C12%29,-1.03740000724792,-0.0579999983310699,25.2938003540039,13.0
InChI%3D1S%2FC25H24F6N4%2Fc1-23%282%2915-32-22%2833-16-23%2935-34-21%2813-7-17-3-9-19%2810-4-17%2924%2826%2C27%2928%2914-8-18-5-11-20%2812-6-18%2925%2829%2C30%2931%2Fh3-14H%2C15-16H2%2C1-2H3%2C%28H2%2C32%2C33%2C35%29,3.05649995803833,10.9490003585815,74.0213012695312,22.0
InChI%3D1S%2FC13H13Cl2N3O3%2Fc1-7%282%2916-12%2820%2917-6-11%2819%2918%2813%2817%2921%2910-4-8%2814%293-9%2815%295-10%2Fh3-5%2C7H%2C6H2%2C1-2H3%2C%28H%2C16%2C20%29,0.912500023841858,2.7960000038147,54.2566986083984,15.0
InChI%3D1S%2FC22H42O4%2Fc1-5-9-13-19%287-3%2917-25-21%2823%2915-11-12-16-22%2824%2926-18-20%288-4%2914-10-6-2%2Fh19-20H%2C5-18H2%2C1-4H3,-2.28920006752014,7.35599994659424,92.5029983520508,3.0
InChI%3D1S%2FC14H20ClNO2%2Fc1-4-11-7-6-8-12%285-2%2914%2811%2916%2810-18-3%2913%2817%299-15%2Fh6-8H%2C4-5%2C9-10H2%2C1-3H3,0.475199997425079,3.94099998474121,49.869800567627,9.0
InChI%3D1S%2FC16H23N3OS%2Fc1-12%282%2919-14%2817-16%283%2C4%295%2921-11-18%2815%2819%2920%2913-9-7-6-8-10-13%2Fh6-10%2C12H%2C11H2%2C1-5H3,1.60730004310608,4.07999992370605,62.8655014038086,12.0
InChI%3D1S%2FC12H9Cl2NO3%2Fc1-3-12%282%2910%2816%2915%2811%2817%2918-12%299-5-7%2813%294-8%2814%296-9%2Fh3-6H%2C1H2%2C2H3,2.1431999206543,2.87299990653992,43.1482009887695,12.0
InChI%3D1S%2FC12H14N2%2Fc1-13-7-3-11%284-8-13%2912-5-9-14%282%2910-6-12%2Fh3-10H%2C1-2H3,1.37639999389648,-0.225999996066093,61.7238006591797,2.0
InChI%3D1S%2FC6H6ClN%2Fc7-5-1-3-6%288%294-2-5%2Fh1-4H%2C8H2,-0.00559999980032444,1.86199998855591,9.83769989013672,7.0
InChI%3D1S%2FC16H16N2O4%2Fc1-11-5-3-6-12%289-11%2918-16%2820%2922-14-8-4-7-13%2810-14%2917-15%2819%2921-2%2Fh3-10H%2C1-2H3%2C%28H%2C17%2C19%29%28H%2C18%2C20%29,1.68270003795624,5.67000007629395,30.8542003631592,20.0
InChI%3D1S%2FC7H17O2PS3%2Fc1-4-8-10%2811%2C9-5-2%2913-7-12-6-3%2Fh4-7H2%2C1-3H3,3.01279997825623,3.80900001525879,67.4418029785156,4.0
InChI%3D1S%2FC10H6Cl4O4%2Fc1-17-9%2815%293-5%2811%297%2813%294%2810%2816%2918-2%298%2814%296%283%2912%2Fh1-2H3,2.99959993362427,2.2960000038147,46.4392013549805,12.0
InChI%3D1S%2FC7H7NO2%2Fc8-6-4-2-1-3-5%286%297%289%2910%2Fh1-4H%2C8H2%2C%28H%2C9%2C10%29,-0.989700019359589,1.64300000667572,11.4413995742798,10.0
InChI%3D1S%2FCCl2F2%2Fc2-1%283%2C4%295,3.01099991798401,2.58999991416931,17.5790004730225,0.0
InChI%3D1S%2FC12H8Cl6%2Fc13-8-9%2814%2911%2816%297-5-2-1-4%283-5%296%287%2910%288%2C15%2912%2811%2C17%2918%2Fh1-2%2C4-7H%2C3H2,3.06080007553101,4.1560001373291,78.0286026000977,2.0
InChI%3D1S%2FC6H4Cl2N2O2%2Fc7-4-1-3%2810%2811%2912%292-5%288%296%284%299%2Fh1-2H%2C9H2,0.692099988460541,1.84500002861023,18.3390998840332,10.0
InChI%3D1S%2FC10H23O2PS2%2Fc1-6-9%284%2914-13%2811%2C12-8-3%2915-10%285%297-2%2Fh9-10H%2C6-8H2%2C1-5H3,0.898800015449524,3.22099995613098,70.0996017456055,3.0
InChI%3D1S%2FCHBr2Cl%2Fc2-1%283%294%2Fh1H,2.02480006217957,2.75,26.9811992645264,0.0
InChI%3D1S%2FC12H21N2O3PS%2Fc1-6-15-18%2819%2C16-7-2%2917-11-8-10%285%2913-12%2814-11%299%283%294%2Fh8-9H%2C6-7H2%2C1-5H3,2.5181999206543,4.2960000038147,58.980899810791,11.0
InChI%3D1S%2FC7H16N%2Fc1-8%282%296-4-3-5-7-8%2Fh3-7H2%2C1-2H3,,,,0.0
InChI%3D1S%2FC6H10O%2Fc7-6-4-2-1-3-5-6%2Fh1-5H2,-1.05820000171661,0.9200000166893,23.17919921875,2.0
InChI%3D1S%2FC14H17Cl2NO2%2Fc1-14%287-3-2-4-8-14%2913%2819%2917-9-5-6-10%2818%2912%2816%2911%289%2915%2Fh5-6%2C18H%2C2-4%2C7-8H2%2C1H3%2C%28H%2C17%2C19%29,0.479699999094009,3.97199988365173,48.8604011535645,10.0
InChI%3D1S%2FC11H14ClNO%2Fc1-9%282%2913%2811%2814%298-12%2910-6-4-3-5-7-10%2Fh3-7%2C9H%2C8H2%2C1-2H3,-0.0401000007987022,3.51500010490417,32.8143997192383,9.0
InChI%3D1S%2FC18H16ClNO5%2Fc1-3-22-17%2821%2911%282%2923-13-5-7-14%288-6-13%2924-18-20-15-9-4-12%2819%2910-16%2815%2925-18%2Fh4-11H%2C3H2%2C1-2H3,0.437799990177155,4.57600021362305,35.9766006469727,17.0
InChI%3D1S%2FC10H12O%2Fc1-3-4-9-5-7-10%2811-2%298-6-9%2Fh3-8H%2C1-2H3,0.855499982833862,3.97900009155273,23.3668994903564,9.0
InChI%3D1S%2FC25H28O3%2Fc1-4-27-22-15-13-21%2814-16-22%2925%282%2C3%2919-26-18-20-9-8-12-24%2817-20%2928-23-10-6-5-7-11-23%2Fh5-17H%2C4%2C18-19H2%2C1-3H3,0.82779997587204,7.69799995422363,37.896900177002,13.0
InChI%3D1S%2FC5H8O2%2Fc1-3-5%286%297-4-2%2Fh3H%2C1%2C4H2%2C2H3,0.862399995326996,0.955999970436096,26.3542995452881,5.0
InChI%3D1S%2FC22H28N2O3%2Fc1-14-11-15%282%2913-17%2812-14%2921%2826%2924%2822%284%2C5%296%2923-20%2825%2918-9-8-10-19%2827-7%2916%2818%293%2Fh8-13H%2C1-7H3%2C%28H%2C23%2C25%29,2.19140005111694,6.84600019454956,59.2405014038086,19.0
InChI%3D1S%2FC8H11NO2%2Fc9-5-8%2811%296-1-3-7%2810%294-2-6%2Fh1-4%2C8%2C10-11H%2C5%2C9H2,-1.70930004119873,0.0740000009536743,17.4613990783691,7.0
InChI%3D1S%2FC6H3N3O6%2Fc10-7%2811%294-1-5%288%2812%2913%293-6%282-4%299%2814%2915%2Fh1-3H,-0.139799997210503,2.45700001716614,8.65740013122559,15.0
InChI%3D1S%2FC19H25NO4%2Fc1-11%282%299-14-15%2819%2814%2C3%294%2918%2823%2924-10-20-16%2821%2912-7-5-6-8-13%2812%2917%2820%2922%2Fh9%2C14-15H%2C5-8%2C10H2%2C1-4H3,0.97630000114441,3.19700002670288,87.4697036743164,7.0
InChI%3D1S%2FC12H13NO2S%2Fc1-9-11%2816-8-7-15-9%2912%2814%2913-10-5-3-2-4-6-10%2Fh2-6H%2C7-8H2%2C1H3%2C%28H%2C13%2C14%29,0.391799986362457,3.7739999294281,42.0199012756348,12.0
InChI%3D1S%2FCHCl3%2Fc2-1%283%294%2Fh1H,1.6172000169754,2.07399988174438,21.364200592041,0.0
InChI%3D1S%2FC7H14NO5P%2Fc1-6%285-7%289%298-2%2913-14%2810%2C11-3%2912-4%2Fh5H%2C1-4H3%2C%28H%2C8%2C9%29,0.144099995493889,0.096000000834465,51.5987014770508,10.0
InChI%3D1S%2FC10H5Cl7O%2Fc11-3-1-2%284-5%283%2918-4%299%2815%297%2813%296%2812%298%281%2C14%2910%289%2C16%2917%2Fh1-5H,3.03819990158081,3.03200006484985,73.127197265625,2.0
InChI%3D1S%2FC10H16N4O2S%2Fc1-10%282%2C3%297-11-12-8%2817-7%2914-6%2815%295-13%284%299%2814%2916%2Fh6%2C15H%2C5H2%2C1-4H3,1.30490005016327,0.728999972343445,53.0139007568359,9.0
InChI%3D1S%2FC6H3Cl3N2O2%2Fc7-1-3%2810%292%288%295%289%2911-4%281%296%2812%2913%2Fh%28H2%2C10%2C11%29%28H%2C12%2C13%29,1.03260004520416,-1.49800002574921,28.7747993469238,10.0
InChI%3D1S%2FC28H31N2O3%2Fc1-6-29-23-15-25-21%2813-17%2823%294%2927%2819-11-9-10-12-20%2819%2928%2831%2932-8-3%2922-14-18%285%2924%2830-7-2%2916-26%2822%2933-25%2Fh9-16%2C29-30H%2C6-8H2%2C1-5H3,1.32210004329681,6.76300001144409,59.1339988708496,15.0
InChI%3D1S%2FC12H12ClN5O4S%2Fc1-7-14-10%2817-12%2815-7%2922-2%2916-11%2819%2918-23%2820%2C21%299-6-4-3-5-8%289%2913%2Fh3-6H%2C1-2H3%2C%28H2%2C14%2C15%2C16%2C17%2C18%2C19%29,-0.286500006914139,2.26200008392334,55.9939002990723,16.0
InChI%3D1S%2FC12H10%2Fc1-3-7-11%288-4-1%2912-9-5-2-6-10-12%2Fh1-10H,0.0,7.29199981689453,0.0,12.0
InChI%3D1S%2FC15H11ClF3NO4%2Fc1-8%2814%2821%2922%2923-10-2-4-11%285-3-10%2924-13-12%2816%296-9%287-20-13%2915%2817%2C18%2919%2Fh2-8H%2C1H3%2C%28H%2C21%2C22%29,1.18859994411469,4.46199989318848,31.7292003631592,14.0
InChI%3D1S%2FC9H8Cl2O3%2Fc1-5%289%2812%2913%2914-8-3-2-6%2810%294-7%288%2911%2Fh2-5H%2C1H3%2C%28H%2C12%2C13%29,0.988900005817413,2.45199990272522,29.2910995483398,7.0
InChI%3D1S%2FC12H15N3O2S%2Fc1-3-6-18-8-4-5-9-10%287-8%2914-11%2813-9%2915-12%2816%2917-2%2Fh4-5%2C7H%2C3%2C6H2%2C1-2H3%2C%28H2%2C13%2C14%2C15%2C16%29,0.936999976634979,3.3840000629425,36.8404006958008,8.0
InChI%3D1S%2FC4H8Cl3O4P%2Fc1-10-12%289%2C11-2%293%288%294%285%2C6%297%2Fh3%2C8H%2C1-2H3,1.23819994926453,0.52700001001358,47.5918006896973,4.0
InChI%3D1S%2FC15H15ClN4O6S%2Fc1-3-26-13%2821%299-6-4-5-7-10%289%2927%2823%2C24%2920-15%2822%2919-14-17-11%2816%298-12%2818-14%2925-2%2Fh4-8H%2C3H2%2C1-2H3%2C%28H2%2C17%2C18%2C19%2C20%2C22%29,0.24379999935627,2.87100005149841,49.3193016052246,23.0
InChI%3D1S%2FC19H20O4%2Fc1-2-3-13-22-18%2820%2916-11-7-8-12-17%2816%2919%2821%2923-14-15-9-5-4-6-10-15%2Fh4-12H%2C2-3%2C13-14H2%2C1H3,-0.683700025081635,6.59200000762939,33.7296981811523,12.0
InChI%3D1S%2FC18H22N2O2%2Fc1-12%282%2919-10-13%2821%2911-22-17-9-5-8-16-18%2817%2914-6-3-4-7-15%2814%2920-16%2Fh3-9%2C12-13%2C19-21H%2C10-11H2%2C1-2H3,-1.00979995727539,3.35999989509583,35.5013008117676,14.0
InChI%3D1S%2FC10H15N5%2Fc11-9%2812%2915-10%2813%2914-7-6-8-4-2-1-3-5-8%2Fh1-5H%2C6-7H2%2C%28H6%2C11%2C12%2C13%2C14%2C15%29,-0.160500004887581,3.68300008773804,29.0634002685547,7.0
InChI%3D1S%2FC6H11NO%2Fc8-6-4-2-1-3-5-7-6%2Fh1-5H2%2C%28H%2C7%2C8%29,-1.12339997291565,0.822000026702881,26.2858009338379,3.0
InChI%3D1S%2FC8H10O5%2Fc9-7%2810%295-3-1-2-4%2813-3%296%285%298%2811%2912%2Fh3-6H%2C1-2H2%2C%28H%2C9%2C10%29%28H%2C11%2C12%29,-1.59990000724792,-0.790000021457672,35.9198989868164,3.0
InChI%3D1S%2FC11H15NO2S%2Fc1-7-5-9%2814-11%2813%2912-3%296-8%282%2910%287%2915-4%2Fh5-6H%2C1-4H3%2C%28H%2C12%2C13%29,2.2121000289917,3.38800001144409,39.7386016845703,10.0
InChI%3D1S%2FC15H16F3N5O4S%2Fc1-9-19-12%2822-14%2820-9%2927-2%2921-13%2824%2923-28%2825%2C26%2911-6-4-3-5-10%2811%297-8-15%2816%2C17%2918%2Fh3-6H%2C7-8H2%2C1-2H3%2C%28H2%2C19%2C20%2C21%2C22%2C23%2C24%29,-0.158299997448921,4.20699977874756,64.5898971557617,16.0
InChI%3D1S%2FC15H14O2%2Fc1-2-6-12%287-3-1%2914-8-4-5-9-15%2814%2917-11-13-10-16-13%2Fh1-9%2C13H%2C10-11H2,-0.335399985313416,5.2189998626709,16.0604991912842,13.0
InChI%3D1S%2FC5H13ClN%2Fc1-7%282%2C3%295-4-6%2Fh4-5H2%2C1-3H3,,,,0.0
InChI%3D1S%2FAsH3O4%2Fc2-1%283%2C4%295%2Fh%28H3%2C2%2C3%2C4%2C5%29%2Fp-3,-2.40560007095337,-0.152999997138977,1.44289994239807,5.0
InChI%3D1S%2FC2H3Cl%2Fc1-2-3%2Fh2H%2C1H2,1.00199997425079,1.54900002479553,14.7774000167847,2.0
InChI%3D1S%2FC19H14F3NO%2Fc1-23-11-16%2813-6-3-2-4-7-13%2918%2824%2917%2812-23%2914-8-5-9-15%2810-14%2919%2820%2C21%2922%2Fh2-12H%2C1H3,0.683600008487701,6.36899995803833,37.0429000854492,6.0
InChI%3D1S%2FC14H18N2O5%2Fc1-21-14%2820%2911%287-9-5-3-2-4-6-9%2916-13%2819%2910%2815%298-12%2817%2918%2Fh2-6%2C10-11H%2C7-8%2C15H2%2C1H3%2C%28H%2C16%2C19%29%28H%2C17%2C18%29,-1.27709996700287,1.92299997806549,47.9664001464844,6.0
InChI%3D1S%2FC19H21ClN2O%2Fc20-16-12-10-15%2811-13-16%2914-22%2818-8-4-5-9-18%2919%2823%2921-17-6-2-1-3-7-17%2Fh1-3%2C6-7%2C10-13%2C18H%2C4-5%2C8-9%2C14H2%2C%28H%2C21%2C23%29,-0.521000027656555,6.93499994277954,36.3496017456055,10.0
InChI%3D1S%2FCH2O%2Fc1-2%2Fh1H2,-0.884100019931793,0.0209999997168779,6.30700016021729,1.0
InChI%3D1S%2FC11H15NO2%2Fc1-7-5-8%282%299%283%2910%286-7%2914-11%2813%2912-4%2Fh5-6H%2C1-4H3%2C%28H%2C12%2C13%29,2.16120004653931,3.76600003242493,31.7504997253418,10.0
InChI%3D1S%2FC6H6O%2Fc7-6-4-2-1-3-5-6%2Fh1-5%2C7H,-0.460299998521805,2.04399991035461,2.56459999084473,7.0
InChI%3D1S%2FC10H20O%2Fc1-7%282%299-5-4-8%283%296-10%289%2911%2Fh7-11H%2C4-6H2%2C1-3H3,0.656300008296967,3.21099996566772,44.9238014221191,0.0
InChI%3D1S%2FC15H22ClNO2%2Fc1-5-13-8-6-7-11%282%2915%2813%2917%2814%2818%299-16%2912%283%2910-19-4%2Fh6-8%2C12H%2C5%2C9-10H2%2C1-4H3,0.817300021648407,3.6949999332428,54.7962989807129,9.0
InChI%3D1S%2FC8H7N3O5%2Fc1-4-6%288%289%2912%292-5%2810%2813%2914%293-7%284%2911%2815%2916%2Fh2-3H%2C1H3%2C%28H2%2C9%2C12%29,0.467200011014938,2.32500004768372,19.7500991821289,15.0
InChI%3D1S%2FC39H42N3O6S2%2Fc1-5-41%2827-29-9-7-11-37%2825-29%2949%2843%2C44%2945%2935-21-15-32%2816-22-35%2939%2831-13-19-34%2820-14-31%2940%283%294%2933-17-23-36%2824-18-33%2942%286-2%2928-30-10-8-12-38%2826-30%2950%2846%2C47%2948%2Fh7-26H%2C5-6%2C27-28H2%2C1-4H3%2C%28H%2C43%2C44%2C45%29%28H%2C46%2C47%2C48%29,0.851599991321564,7.28900003433228,103.245101928711,20.0
InChI%3D1S%2FC17H21NO2%2Fc1-4-18%285-2%2917%2819%2913%283%2920-16-12-8-10-14-9-6-7-11-15%2814%2916%2Fh6-13H%2C4-5H2%2C1-3H3,-0.189300000667572,4.91400003433228,38.2630996704102,11.0
InChI%3D1S%2FC12H16N3O3PS%2Fc1-3-16-19%2820%2C17-4-2%2918-12-13-10-15%2814-12%2911-8-6-5-7-9-11%2Fh5-10H%2C3-4H2%2C1-2H3,1.51900005340576,4.41200017929077,41.8786010742188,8.0
InChI%3D1S%2FCHBrCl2%2Fc2-1%283%294%2Fh1H,1.82099997997284,2.41199994087219,24.172700881958,0.0
InChI%3D1S%2FC8H8O3%2Fc1-11-8%2810%296-4-2-3-5-7%286%299%2Fh2-5%2C9H%2C1H3,-0.449099987745285,2.03099989891052,14.5530004501343,10.0
InChI%3D1S%2FC11H15NO3%2Fc1-8%282%2914-9-6-4-5-7-10%289%2915-11%2813%2912-3%2Fh4-8H%2C1-3H3%2C%28H%2C12%2C13%29,0.133300006389618,3.23600006103516,32.0586013793945,11.0
InChI%3D1S%2FC8H10O%2Fc1-6-4-3-5-7%282%298%286%299%2Fh3-5%2C9H%2C1-2H3,0.82370001077652,2.26799988746643,13.5687999725342,7.0
InChI%3D1S%2FC6H10O%2Fc1-4-6%283%2C7%295-2%2Fh1%2C7H%2C5H2%2C2-3H3,0.222499996423721,0.763000011444092,27.1746006011963,2.0
InChI%3D1S%2FC11H19N3O%2Fc1-4-6-7-9-8%283%2913-11%2812-5-2%2914-10%289%2915%2Fh4-7H2%2C1-3H3%2C%28H2%2C12%2C13%2C14%2C15%29,-1.24339997768402,2.58200001716614,55.0186004638672,4.0
InChI%3D1S%2FC17H12ClFN2O%2Fc18-16-4-2-1-3-15%2816%2917%2822%2C13-9-20-11-21-10-13%2912-5-7-14%2819%298-6-12%2Fh1-11%2C22H,0.478799998760223,4.2960000038147,11.3556995391846,6.0
InChI%3D1S%2FC7H13O6P%2Fc1-6%285-7%288%2910-2%2913-14%289%2C11-3%2912-4%2Fh5H%2C1-4H3,0.470899999141693,0.0430000014603138,49.6941986083984,10.0
InChI%3D1S%2FC9H18N2O2S%2Fc1-9%282%2C3%297%286-14-5%2911-13-8%2812%2910-4%2Fh6H2%2C1-5H3%2C%28H%2C10%2C12%29,2.17689990997314,2.37199997901917,59.0262985229492,6.0
InChI%3D1S%2FC7H6N2O4%2Fc8-6-3-4%289%2812%2913%291-2-5%286%297%2810%2911%2Fh1-3H%2C8H2%2C%28H%2C10%2C11%29,-1.03629994392395,1.31900000572205,14.3271999359131,13.0
InChI%3D1S%2FC8H18NO4PS2%2Fc1-9-8%2810%294-5-15-6-7-16-14%2811%2C12-2%2913-3%2Fh4-7H2%2C1-3H3%2C%28H%2C9%2C10%29,1.00870001316071,0.861000001430511,69.2175979614258,4.0
InChI%3D1S%2FC19H20FN3O3%2Fc1-21-7-12-4-11%2821%298-22%2812%2917-6-16-13%285-15%2817%2920%2918%2824%2914%2819%2825%2926%299-23%2816%2910-2-3-10%2Fh5-6%2C9-12H%2C2-4%2C7-8H2%2C1H3%2C%28H%2C25%2C26%29,-1.00709998607635,1.07400000095367,64.5151977539062,10.0
InChI%3D1S%2FC9H20N2O2%2Fc1-4-8-13-9%2812%2910-6-5-7-11%282%293%2Fh4-8H2%2C1-3H3%2C%28H%2C10%2C12%29,-0.0271000005304813,1.29100000858307,49.7907981872559,4.0
InChI%3D1S%2FC22H18Cl2FNO3%2Fc1-22%282%2915%2811-19%2823%2924%2920%2822%2921%2827%2929-18%2812-26%2913-8-9-16%2825%2917%2810-13%2928-14-6-4-3-5-7-14%2Fh3-11%2C15%2C18%2C20H%2C1-2H3,2.19899988174438,6.86800003051758,59.9626998901367,13.0
InChI%3D1S%2FC10H12N3O3PS2%2Fc1-15-17%2818%2C16-2%2919-7-13-10%2814%298-5-3-4-6-9%288%2911-12-13%2Fh3-6H%2C7H2%2C1-2H3,0.0930999964475632,3.60999989509583,55.1116981506348,11.0
InChI%3D1S%2FC3H4Cl2O2%2Fc1-3%284%2C5%292%286%297%2Fh1H3%2C%28H%2C6%2C7%29,0.898899972438812,0.772000014781952,27.6229991912842,3.0
InChI%3D1S%2FC3H6N6O6%2Fc10-7%2811%294-1-5%288%2812%2913%293-6%282-4%299%2814%2915%2Fh1-3H2,-1.65719997882843,0.699000000953674,28.8591003417969,4.0
InChI%3D1S%2FC4H7Cl2O4P%2Fc1-8-11%287%2C9-2%2910-3-4%285%296%2Fh3H%2C1-2H3,1.03320002555847,1.20700001716614,42.2757987976074,7.0
InChI%3D1S%2FC16H17NO%2Fc1-17%282%2916%2818%2915%2813-9-5-3-6-10-13%2914-11-7-4-8-12-14%2Fh3-12%2C15H%2C1-2H3,-0.574899971485138,6.21199989318848,22.4564990997314,6.0
InChI%3D1S%2FC17H21ClN2O2S%2Fc1-11-15%2812-7-9-13%2818%2910-8-12%2923-17%2822%2920%2811%2916%2821%2919-14-5-3-2-4-6-14%2Fh7-11%2C14-15H%2C2-6H2%2C1H3%2C%28H%2C19%2C21%29,0.00329999998211861,5.04899978637695,59.8861999511719,6.0
InChI%3D1S%2FC7H6N2O4%2Fc1-5-2-3-6%288%2810%2911%294-7%285%299%2812%2913%2Fh2-4H%2C1H3,0.548799991607666,2.68199992179871,11.273699760437,12.0
InChI%3D1S%2FC19H18ClN3O4%2Fc1-25-19%2824%2923%2826-2%2917-6-4-3-5-14%2817%2913-27-18-11-12-22%2821-18%2916-9-7-15%2820%298-10-16%2Fh3-12H%2C13H2%2C1-2H3,0.581499993801117,4.63500022888184,36.6501998901367,11.0
InChI%3D1S%2FC12H13ClF3N3O4%2Fc1-2-4-17%285-3-13%2911-9%2818%2820%2921%296-8%2812%2814%2C15%2916%297-10%2811%2919%2822%2923%2Fh6-7H%2C2-5H2%2C1H3,1.56050002574921,4.8289999961853,43.6666984558105,13.0
InChI%3D1S%2FC6H8N2O%2Fc7-4-1-2-6%289%295%288%293-4%2Fh1-3%2C9H%2C7-8H2,-1.96010005474091,0.202000007033348,11.0087995529175,9.0
InChI%3D1S%2FC10H5Cl2NO2%2Fc11-6-3-5-1-2-7%2812%298%2810%2814%2915%299%285%2913-4-6%2Fh1-4H%2C%28H%2C14%2C15%29,1.24880003929138,2.24600005149841,18.4505004882812,13.0
InChI%3D1S%2FC19H34O3%2Fc1-15%282%2922-18%2820%2914-17%284%2911-8-10-16%283%2912-9-13-19%285%2C6%2921-7%2Fh8%2C11%2C14-16H%2C9-10%2C12-13H2%2C1-7H3,2.19770002365112,5.90500020980835,92.6307983398438,7.0
InChI%3D1S%2FC10H7N3S%2Fc1-2-4-8-7%283-1%2912-10%2813-8%299-5-14-6-11-9%2Fh1-6H%2C%28H%2C12%2C13%29,0.59060001373291,2.50099992752075,7.79349994659424,8.0
InChI%3D1S%2FC10H14N2O5%2Fc13-4-3-11-9-2-1-8%2812%2815%2916%297-10%289%2917-6-5-14%2Fh1-2%2C7%2C11%2C13-14H%2C3-6H2,-1.49530005455017,0.180999994277954,31.7828998565674,11.0
InChI%3D1S%2FC15H16F5NO2S2%2Fc1-6%282%295-7-8%2813%2822%2924-3%2910%2812%2816%2917%2921-11%2815%2818%2C19%2920%299%287%2914%2823%2925-4%2Fh6%2C12H%2C5H2%2C1-4H3,3.73480010032654,5.88700008392334,67.8653030395508,10.0
InChI%3D1S%2FC8H5Cl3O3%2Fc9-4-1-6%2811%297%282-5%284%2910%2914-3-8%2812%2913%2Fh1-2H%2C3H2%2C%28H%2C12%2C13%29,1.63719999790192,2.0220000743866,30.247200012207,7.0
InChI%3D1S%2FC9H16ClN5%2Fc1-5%282%2911-8-13-7%2810%2914-9%2815-8%2912-6%283%294%2Fh5-6H%2C1-4H3%2C%28H2%2C11%2C12%2C13%2C14%2C15%29,0.470499992370605,2.71000003814697,59.4832000732422,7.0
InChI%3D1S%2FC10H15OPS2%2Fc1-3-11-12%2813%2C4-2%2914-10-8-6-5-7-9-10%2Fh5-9H%2C3-4H2%2C1-2H3,1.18789994716644,5.31199979782104,42.0513000488281,6.0
InChI%3D1S%2FC6H7NO%2Fc7-5-1-3-6%288%294-2-5%2Fh1-4%2C8H%2C7H2,-1.21019995212555,0.802999973297119,6.7866997718811,8.0
InChI%3D1S%2FC14H18N4O3%2Fc1-3-4-9-15-13%2819%2918-11-8-6-5-7-10%2811%2916-12%2818%2917-14%2820%2921-2%2Fh5-8H%2C3-4%2C9H2%2C1-2H3%2C%28H%2C15%2C19%29%28H%2C16%2C17%2C20%29,-0.240299999713898,4.42799997329712,42.7491989135742,11.0
InChI%3D1S%2FC22H14Cl2I2N2O2%2Fc1-11-6-15%2817%2810-27%2912-2-4-13%2823%295-3-12%2918%2824%299-20%2811%2928-22%2830%2916-7-14%2825%298-19%2826%2921%2816%2929%2Fh2-9%2C17%2C29H%2C1H3%2C%28H%2C28%2C30%29,3.76570010185242,6.67799997329712,64.4520034790039,16.0
InChI%3D1S%2FC18H13ClF3NO7%2Fc1-2-28-16%2824%299-29-17%2825%2912-8-11%284-5-14%2812%2923%2826%2927%2930-15-6-3-10%287-13%2815%2919%2918%2820%2C21%2922%2Fh3-8H%2C2%2C9H2%2C1H3,1.61039996147156,5.46500015258789,43.6910018920898,19.0
InChI%3D1S%2FC6H3Cl4N%2Fc7-5-3-1-2-4%2811-5%296%288%2C9%2910%2Fh1-3H,2.22189998626709,3.79099988937378,27.0412006378174,6.0
InChI%3D1S%2FC15H21NO4%2Fc1-10-7-6-8-11%282%2914%2810%2916%2813%2817%299-19-4%2912%283%2915%2818%2920-5%2Fh6-8%2C12H%2C9H2%2C1-5H3,0.300999999046326,2.32999992370605,51.5334014892578,9.0
InChI%3D1S%2FC9H11Cl3NO3PS%2Fc1-3-14-17%2818%2C15-4-2%2916-9-7%2811%295-6%2810%298%2812%2913-9%2Fh5H%2C3-4H2%2C1-2H3,3.52810001373291,4.21600008010864,56.3139991760254,11.0
InChI%3D1S%2FC8H10O%2Fc1-6-3-4-8%289%295-7%286%292%2Fh3-5%2C9H%2C1-2H3,0.82370001077652,2.69000005722046,13.5687999725342,7.0
InChI%3D1S%2FC10H12O3%2Fc1-2-7-13-10%2812%298-3-5-9%2811%296-4-8%2Fh3-6%2C11H%2C2%2C7H2%2C1H3,-0.77649998664856,2.17199993133545,22.3787994384766,10.0
InChI%3D1S%2FC12H14N4O2S%2Fc1-8-7-9%282%2915-12%2814-8%2916-19%2817%2C18%2911-5-3-10%2813%294-6-11%2Fh3-7H%2C13H2%2C1-2H3%2C%28H%2C14%2C15%2C16%29,-0.807399988174438,1.73399996757507,26.8286991119385,17.0
InChI%3D1S%2FC16H15Cl3O2%2Fc1-20-13-7-3-11%284-8-13%2915%2816%2817%2C18%2919%2912-5-9-14%2821-2%2910-6-12%2Fh3-10%2C15H%2C1-2H3,1.55030000209808,5.94000005722046,39.1435012817383,7.0
InChI%3D1S%2FC10H5Cl7%2Fc11-4-2-1-3-5%284%299%2815%297%2813%296%2812%298%283%2C14%2910%289%2C16%2917%2Fh1-5H,4.0327000617981,3.54999995231628,75.8010025024414,2.0
InChI%3D1S%2FC20H33NO%2Fc1-15%2812-21-13-16%282%2922-17%283%2914-21%2911-18-7-9-19%2810-8-18%2920%284%2C5%296%2Fh7-10%2C15-17H%2C11-14H2%2C1-6H3,1.90649998188019,7.14300012588501,69.6635971069336,6.0
InChI%3D1S%2FC12H18N2O2%2Fc1-8-6-10%2816-12%2815%2913-3%297-9%282%2911%288%2914%284%295%2Fh6-7H%2C1-5H3%2C%28H%2C13%2C15%29,1.73699998855591,2.61999988555908,40.5397987365723,11.0
InChI%3D1S%2FC10H7NO2%2Fc12-11%2813%2910-7-3-5-8-4-1-2-6-9%288%2910%2Fh1-7H,-0.0465999990701675,4.55900001525879,2.88579988479614,13.0
InChI%3D1S%2FC12H6F2N2O2%2Fc13-12%2814%2917-10-3-1-2-8%2811%2810%2918-12%299-6-16-5-7%289%294-15%2Fh1-3%2C5-6%2C16H,1.76629996299744,1.99300003051758,14.743200302124,8.0
InChI%3D1S%2FC9H12NO5PS%2Fc1-7-6-8%284-5-9%287%2910%2811%2912%2915-16%2817%2C13-2%2914-3%2Fh4-6H%2C1-3H3,1.6003999710083,3.59200000762939,38.7808990478516,14.0
InChI%3D1S%2FC12H6Cl4O2S%2Fc13-7-1-3-8%284-2-7%2919%2817%2C18%2912-6-10%2815%299%2814%295-11%2812%2916%2Fh1-6H,2.55200004577637,4.17799997329712,31.1040000915527,15.0
InChI%3D1S%2FC17H19NO4%2Fc1-2-20-17%2819%2918-12-13-21-14-8-10-16%2811-9-14%2922-15-6-4-3-5-7-15%2Fh3-11H%2C2%2C12-13H2%2C1H3%2C%28H%2C18%2C19%29,0.312700003385544,4.96299982070923,32.2939987182617,14.0
InChI%3D1S%2FC7H5NS2%2Fc9-7-8-5-3-1-2-4-6%285%2910-7%2Fh1-4H%2C%28H%2C8%2C9%29,1.10160005092621,2.52800011634827,16.4850997924805,9.0
InChI%3D1S%2FC21H22ClNO4%2Fc1-25-19-8-5-16%2813-20%2819%2926-2%2918%2815-3-6-17%2822%297-4-15%2914-21%2824%2923-9-11-27-12-10-23%2Fh3-8%2C13-14H%2C9-12H2%2C1-2H3,0.0636999979615211,3.55299997329712,57.1800003051758,19.0
InChI%3D1S%2FC9H10ClN5O2%2Fc10-8-2-1-7%285-12-8%296-14-4-3-11-9%2814%2913-15%2816%2917%2Fh1-2%2C5H%2C3-4%2C6H2%2C%28H%2C11%2C13%29,-0.171800002455711,2.48499989509583,34.1375007629395,7.0
InChI%3D1S%2FC17H29NO3S%2Fc1-5-8-14%2818-21-6-2%2917-15%2819%2910-13%2811-16%2817%2920%299-12%284%2922-7-3%2Fh12-13%2C17H%2C5-11H2%2C1-4H3,0.182099997997284,3.06900000572205,89.3193969726562,3.0
InChI%3D1S%2FC9H10Cl2N2O%2Fc1-13%282%299%2814%2912-6-3-4-7%2810%298%2811%295-6%2Fh3-5H%2C1-2H3%2C%28H%2C12%2C14%29,1.61870002746582,3.28600001335144,33.6021003723145,10.0
InChI%3D1S%2FC13H15N3O3%2Fc1-7%282%2913%283%2912%2819%2915-10%2816-13%299-8%2811%2817%2918%295-4-6-14-9%2Fh4-7H%2C1-3H3%2C%28H%2C17%2C18%29%28H%2C15%2C16%2C19%29,-0.758599996566772,1.81400001049042,42.9626998901367,14.0
InChI%3D1S%2FC8H19O2PS3%2Fc1-4-9-11%2812%2C10-5-2%2914-8-7-13-6-3%2Fh4-8H2%2C1-3H3,3.03049993515015,4.16699981689453,72.6323013305664,4.0
InChI%3D1S%2FC21H28O2%2Fc1-13%282%2917-11-15%287-9-19%2817%2922%2921%285%2C6%2916-8-10-20%2823%2918%2812-16%2914%283%294%2Fh7-14%2C22-23H%2C1-6H3,1.13940000534058,7.31699991226196,47.2895011901855,7.0
InChI%3D1S%2FC2H4N4%2Fc3-2-4-1-5-6-2%2Fh1H%2C%28H3%2C3%2C4%2C5%2C6%29,-0.884400010108948,0.347000002861023,18.7336006164551,5.0
InChI%3D1S%2FC15H14Cl2F3N3O3%2Fc1-3-26-13%2824%2910%2817%294-8-5-12%2811%2818%296-9%288%2916%2923-15%2825%2922%2814%2819%2920%297%282%2921-23%2Fh5-6%2C10%2C14H%2C3-4H2%2C1-2H3,2.48460006713867,4.11600017547607,63.9749984741211,11.0
InChI%3D1S%2FC14H7ClF3NO5%2Fc15-10-5-7%2814%2816%2C17%2918%291-4-12%2810%2924-8-2-3-11%2819%2822%2923%299%286-8%2913%2820%2921%2Fh1-6H%2C%28H%2C20%2C21%29,1.40190005302429,5.01800012588501,23.7744007110596,19.0
InChI%3D1S%2FC17H17N3O3%2Fc1-9%282%2917%283%2916%2823%2919-14%2820-17%2913-11%2815%2821%2922%298-10-6-4-5-7-12%2810%2918-13%2Fh4-9H%2C1-3H3%2C%28H%2C21%2C22%29%28H%2C19%2C20%2C23%29,-0.758599996566772,3.44199991226196,42.9626998901367,18.0
InChI%3D1S%2FC8Cl4N2%2Fc9-5-3%281-13%296%2810%298%2812%297%2811%294%285%292-14,3.0466001033783,1.87600004673004,34.8596000671387,10.0
InChI%3D1S%2FC6H8O6%2Fc7-1-2%288%295-3%289%294%2810%296%2811%2912-5%2Fh2%2C5%2C7-10H%2C1H2,-1.75929999351501,-0.178000003099442,36.4584999084473,7.0
InChI%3D1S%2FC14H16F3N3O4%2Fc1-2-5-18%288-9-3-4-9%2913-11%2819%2821%2922%296-10%2814%2815%2C16%2917%297-12%2813%2920%2823%2924%2Fh6-7%2C9H%2C2-5%2C8H2%2C1H3,1.00969994068146,4.80200004577637,45.0452995300293,13.0
InChI%3D1S%2FC9H17ClN3O3PS%2Fc1-5-14-17%2818%2C15-6-2%2916-9-11-8%2810%2913%2812-9%297%283%294%2Fh7H%2C5-6H2%2C1-4H3,1.87080001831055,3.26799988746643,63.0660018920898,5.0
InChI%3D1S%2FC6H13N%2Fc7-6-4-2-1-3-5-6%2Fh6H%2C1-5%2C7H2,-2.24029994010925,1.26199996471405,22.17799949646,0.0
InChI%3D1S%2FC19H20F3NO4%2Fc1-3-4-11-25-18%2824%2913%282%2926-15-6-8-16%289-7-15%2927-17-10-5-14%2812-23-17%2919%2820%2C21%2922%2Fh5-10%2C12-13H%2C3-4%2C11H2%2C1-2H3,0.0798999965190887,6.03700017929077,41.6200981140137,14.0
InChI%3D1S%2FC3H8O3%2Fc4-1-3%286%292-5%2Fh3-6H%2C1-2H2,-1.40810000896454,-1.87999999523163,20.5160999298096,0.0
InChI%3D1S%2FC13H11Cl2NO2%2Fc1-12-6-13%2812%2C2%2911%2818%2916%2810%2812%2917%299-4-7%2814%293-8%2815%295-9%2Fh3-5H%2C6H2%2C1-2H3,1.73090004920959,1.98599994182587,44.4603996276855,11.0
InChI%3D1S%2FC19H15ClF3NO7%2Fc1-3-29-17%2825%2910%282%2930-18%2826%2913-9-12%285-7-15%2813%2924%2827%2928%2931-16-8-11%2819%2821%2C22%2923%294-6-14%2816%2920%2Fh4-10H%2C3H2%2C1-2H3,1.70640003681183,5.99100017547607,48.3504981994629,19.0
InChI%3D1S%2FC13H22NO3PS%2Fc1-6-16-18%2815%2C14-10%282%293%2917-12-7-8-13%2819-5%2911%284%299-12%2Fh7-10H%2C6H2%2C1-5H3%2C%28H%2C14%2C15%29,1.09739995002747,3.23099994659424,56.3366012573242,11.0
InChI%3D1S%2FC12H14O4%2Fc1-3-15-11%2813%299-7-5-6-8-10%289%2912%2814%2916-4-2%2Fh5-8H%2C3-4H2%2C1-2H3,0.52319997549057,3.1800000667572,32.5643997192383,12.0
InChI%3D1S%2FC14H20ClNO2%2Fc1-4-12-8-6-7-11%283%2914%2812%2916%2810-18-5-2%2913%2817%299-15%2Fh6-8H%2C4-5%2C9-10H2%2C1-3H3,1.06070005893707,3.79500007629395,49.3152008056641,9.0
InChI%3D1S%2FC13H17NO4%2Fc1-3-7-17-12%2815%2910-5-6-11%2814-9-10%2913%2816%2918-8-4-2%2Fh5-6%2C9H%2C3-4%2C7-8H2%2C1-2H3,-0.63239997625351,2.46600008010864,39.6283988952637,12.0
InChI%3D1S%2FC16H12N2O4S%2Fc19-15-9-6-11-10-13%2823%2820%2C21%2922%297-8-14%2811%2916%2815%2918-17-12-4-2-1-3-5-12%2Fh1-10%2C19H%2C%28H%2C20%2C21%2C22%29,-1.00179994106293,4.17700004577637,13.4840002059937,23.0
InChI%3D1S%2FC7H10N4O3%2Fc1-3-9-7%2813%2910-6%2812%295%284-8%2911-14-2%2Fh3H2%2C1-2H3%2C%28H2%2C9%2C10%2C12%2C13%29,-0.285199999809265,-0.00499999988824129,46.6750984191895,11.0
InChI%3D1S%2FC7H14N2O2S%2Fc1-7%282%2C12-4%295-9-11-6%2810%298-3%2Fh5H%2C1-4H3%2C%28H%2C8%2C10%29,1.48800003528595,2.26799988746643,50.0533981323242,6.0
InChI%3D1S%2FC17H9Cl3N4O2%2Fc18-10-3-1-9%282-4-10%2911%287-21%2915-12%2819%295-6-13%2816%2815%2920%2924-17%2826%2923-14%2825%298-22-24%2Fh1-6%2C8%2C11H%2C%28H%2C23%2C25%2C26%29,0.758300006389618,3.66700005531311,50.363899230957,11.0
InChI%3D1S%2FC14H16O6%2Fc1-3-18-12%2815%299-20-14%2817%2911-8-6-5-7-10%2811%2913%2816%2919-4-2%2Fh5-8H%2C3-4%2C9H2%2C1-2H3,0.23029999434948,2.88299989700317,43.418098449707,12.0
InChI%3D1S%2FC10H10O4%2Fc1-13-9%2811%297-5-3-4-6-8%287%2910%2812%2914-2%2Fh3-6H%2C1-2H3,0.0223999992012978,2.33400011062622,23.9768009185791,12.0
InChI%3D1S%2FC12H11N%2Fc1-3-7-11%288-4-1%2913-12-9-5-2-6-10-12%2Fh1-10%2C13H,-0.420399993658066,4.90999984741211,3.29999995231628,13.0
InChI%3D1S%2FC18H34O6%2Fc1-2-3-4-5-6-7-8-9-10-11-16%2821%2923-13-15%2820%2918-17%2822%2914%2819%2912-24-18%2Fh14-15%2C17-20%2C22H%2C2-13H2%2C1H3,-4.31040000915527,4.0939998626709,75.2729034423828,3.0
InChI%3D1S%2FC19H15ClF3NO7%2Fc1-3-29-17%2825%2910%282%2930-18%2826%2913-9-12%285-6-15%2813%2924%2827%2928%2931-16-7-4-11%288-14%2816%2920%2919%2821%2C22%2923%2Fh4-10H%2C3H2%2C1-2H3,1.70640003681183,5.99100017547607,48.3504981994629,19.0
InChI%3D1S%2FC10H18N4O4S3%2Fc1-7%2819-5%2911-17-9%2815%2913%283%2921-14%284%2910%2816%2918-12-8%282%2920-6%2Fh1-6H3,2.10220003128052,2.70099997520447,86.9989013671875,6.0
InChI%3D1S%2FC15H11BrClF3N2O%2Fc1-2-23-8-22-13%289-3-5-10%2817%296-4-9%2911%287-21%2912%2816%2914%2822%2915%2818%2C19%2920%2Fh3-6H%2C2%2C8H2%2C1H3,2.98320007324219,5.15700006484985,45.5894012451172,6.0
InChI%3D1S%2FC17H16Br2O3%2Fc1-11%282%2922-16%2820%2917%2821%2C12-3-7-14%2818%298-4-12%2913-5-9-15%2819%2910-6-13%2Fh3-11%2C21H%2C1-2H3,0.993499994277954,5.29500007629395,43.5527992248535,6.0
InChI%3D1S%2FC9H9Cl2NO%2Fc1-2-9%2813%2912-6-3-4-7%2810%298%2811%295-6%2Fh3-5H%2C2H2%2C1H3%2C%28H%2C12%2C13%29,1.49310004711151,3.07399988174438,30.1555004119873,9.0
InChI%3D1S%2FC6HCl5O%2Fc7-1-2%288%294%2810%296%2812%295%2811%293%281%299%2Fh12H,3.26119995117188,2.31299996376038,30.642599105835,7.0
InChI%3D1S%2FC19H30O5%2Fc1-3-5-7-20-8-9-21-10-11-22-14-17-13-19-18%2823-15-24-19%2912-16%2817%296-4-2%2Fh12-13H%2C3-11%2C14-15H2%2C1-2H3,-1.3944000005722,3.76500010490417,66.0001983642578,8.0
InChI%3D1S%2FC15H17N5O6S%2Fc1-9-16-13%2818-14%2817-9%2926-4%2920%282%2915%2822%2919-27%2823%2C24%2911-8-6-5-7-10%2811%2912%2821%2925-3%2Fh5-8H%2C1-4H3%2C%28H%2C19%2C22%29,-1.03289997577667,2.59100008010864,50.3186988830566,23.0
InChI%3D1S%2FC8H11NO2%2Fc1-10-6-3-4-7%289%298%285-6%2911-2%2Fh3-5H%2C9H2%2C1-2H3,-0.853500008583069,0.878000020980835,18.8537006378174,9.0
InChI%3D1S%2FC10H19ClNO5P%2Fc1-6-12%287-2%2910%2813%299%2811%298%283%2917-18%2814%2C15-4%2916-5%2Fh6-7H2%2C1-5H3,1.00569999217987,1.07700002193451,69.9196014404297,10.0
InChI%3D1S%2FC4H4N2O2%2Fc7-3-1-2-4%288%296-5-3%2Fh1-2H%2C%28H%2C5%2C7%29%28H%2C6%2C8%29,-0.92059999704361,0.00800000037997961,5.12919998168945,8.0
InChI%3D1S%2FC49H73NO14%2Fc1-25%282%2943-28%285%2917-18-48%2864-43%2923-35-20-34%2863-48%2916-15-27%284%2944%2826%283%2913-12-14-33-24-57-46-42%2852%2929%286%2919-36%2847%2853%2960-35%2949%2833%2C46%2954%2961-40-22-38%2856-11%2945%2831%288%2959-40%2962-39-21-37%2855-10%2941%2830%287%2958-39%2950-32%289%2951%2Fh12-15%2C17-19%2C25-26%2C28%2C30-31%2C34-46%2C52%2C54H%2C16%2C20-24H2%2C1-11H3%2C%28H%2C50%2C51%29,-0.0340999998152256,2.40199995040894,229.431701660156,4.0
InChI%3D1S%2FC22H24N2O8%2Fc1-21%2831%298-5-4-6-11%2825%2912%288%2916%2826%2913-9%2821%297-10-15%2824%282%293%2917%2827%2914%2820%2823%2930%2919%2829%2922%2810%2C32%2918%2813%2928%2Fh4-6%2C9-10%2C15%2C25-26%2C30-32H%2C7%2C23H2%2C1-3H3,-3.39549994468689,0.987999975681305,87.268798828125,12.0
InChI%3D1S%2FC10H6N2OS2%2Fc1-5-2-3-6-7%284-5%2912-9-8%2811-6%2914-10%2813%2915-9%2Fh2-4H%2C1H3,2.21810007095337,2.2279999256134,26.0317001342773,10.0
InChI%3D1S%2FC9H10Cl2N2O2%2Fc1-13%2815-2%299%2814%2912-6-3-4-7%2810%298%2811%295-6%2Fh3-5H%2C1-2H3%2C%28H%2C12%2C14%29,1.46459996700287,2.39100003242493,35.2211990356445,11.0
InChI%3D1S%2FC11H13F3N2O3S%2Fc1-6-4-7%282%2910%285-9%286%2915-8%283%2917%2916-20%2818%2C19%2911%2812%2C13%2914%2Fh4-5%2C16H%2C1-3H3%2C%28H%2C15%2C17%29,2.51440000534058,2.80900001525879,42.8543014526367,13.0
InChI%3D1S%2FC14H8Cl2N4%2Fc15-11-7-3-1-5-9%2811%2913-17-19-14%2820-18-13%2910-6-2-4-8-12%2810%2916%2Fh1-8H,1.48860001564026,5.38399982452393,11.2312002182007,18.0
InChI%3D1S%2FC22H23NO3%2Fc1-21%282%2919%2822%2821%2C3%294%2920%2824%2926-18%2814-23%2915-9-8-12-17%2813-15%2925-16-10-6-5-7-11-16%2Fh5-13%2C18-19H%2C1-4H3,1.31610000133514,6.64499998092651,48.3031997680664,13.0
InChI%3D1S%2FC16H22ClN3O%2Fc1-15%282%2C3%2916%2821%2C10-20-12-18-11-19-20%299-8-13-4-6-14%2817%297-5-13%2Fh4-7%2C11-12%2C21H%2C8-10H2%2C1-3H3,1.89810001850128,3.82399988174438,46.5373992919922,6.0
InChI%3D1S%2FC15H11ClF3NO4%2Fc1-2-23-14-8-10%284-5-12%2814%2920%2821%2922%2924-13-6-3-9%287-11%2813%2916%2915%2817%2C18%2919%2Fh3-8H%2C2H2%2C1H3,1.84029996395111,5.76000022888184,28.1646995544434,17.0
InChI%3D1S%2FC11H23NOS%2Fc1-6-14-11%2813%2912%287-9%282%293%298-10%284%295%2Fh9-10H%2C6-8H2%2C1-5H3,1.99590003490448,2.88199996948242,63.1865997314453,3.0
InChI%3D1S%2FC20H32N2O3S%2Fc1-6-8-13-22%2814-9-7-2%2926-21%285%2919%2823%2924-17-12-10-11-16-15-20%283%2C4%2925-18%2816%2917%2Fh10-12H%2C6-9%2C13-15H2%2C1-5H3,0.357100009918213,5.70699977874756,78.1909027099609,11.0
InChI%3D1S%2FC14H14Cl2N2O%2Fc1-2-7-19-14%289-18-6-5-17-10-18%2912-4-3-11%2815%298-13%2812%2916%2Fh2-6%2C8%2C10%2C14H%2C1%2C7%2C9H2,2.02800011634827,3.05900001525879,38.7178001403809,6.0
InChI%3D1S%2FC17H16Cl2O3%2Fc1-11%282%2922-16%2820%2917%2821%2C12-3-7-14%2818%298-4-12%2913-5-9-15%2819%2910-6-13%2Fh3-11%2C21H%2C1-2H3,0.704500019550323,4.61899995803833,37.5858001708984,6.0
InChI%3D1S%2FC11H15NO2%2Fc1-7-5-10%2814-11%2813%2912-4%296-8%282%299%287%293%2Fh5-6H%2C1-4H3%2C%28H%2C12%2C13%29,2.16120004653931,3.97699999809265,31.7504997253418,10.0
InChI%3D1S%2FC7H7Cl3NO3PS%2Fc1-12-15%2816%2C13-2%2914-7-5%289%293-4%288%296%2810%2911-7%2Fh3H%2C1-2H3,3.02729988098145,3.36999988555908,47.7263984680176,11.0
InChI%3D1S%2FC9H22O4P2S4%2Fc1-5-10-14%2816%2C11-6-2%2918-9-19-15%2817%2C12-7-3%2913-8-4%2Fh5-9H2%2C1-4H3,4.13350009918213,4.97800016403198,95.0817031860352,4.0
InChI%3D1S%2FC10H14N2O2%2Fc1-3-14-10-5-4-8%286-9%2810%2911%2912-7%282%2913%2Fh4-6H%2C3%2C11H2%2C1-2H3%2C%28H%2C12%2C13%29,-0.623000025749207,1.57799994945526,29.7325000762939,11.0
InChI%3D1S%2FC15H10O7%2Fc16-7-4-10%2819%2912-11%285-7%2922-15%2814%2821%2913%2812%2920%296-1-2-8%2817%299%2818%293-6%2Fh1-5%2C16-19%2C21H,-2.92689990997314,0.0280000008642673,26.5088005065918,11.0
InChI%3D1S%2FC21H20Cl2O3%2Fc1-21%282%2917%2812-18%2822%2923%2919%2821%2920%2824%2925-13-14-7-6-10-16%2811-14%2926-15-8-4-3-5-9-15%2Fh3-12%2C17%2C19H%2C13H2%2C1-2H3,1.8532999753952,7.31300020217896,54.2809982299805,13.0
InChI%3D1S%2FBrHO3%2Fc2-1%283%294%2Fh%28H%2C2%2C3%2C4%29%2Fp-1,-0.840699970722198,0.0520000010728836,2.88579988479614,4.0
InChI%3D1S%2FC8H14O4%2Fc1-5-4-8%2811-6%282%299%2912-7%283%2910-5%2Fh5%2C7-8H%2C4H2%2C1-3H3,-0.0710000023245811,1.24000000953674,38.7957992553711,3.0
InChI%3D1S%2FC9H14O%2Fc1-7-4-8%2810%296-9%282%2C3%295-7%2Fh4H%2C5-6H2%2C1-3H3,1.94889998435974,1.98199999332428,42.6464004516602,4.0
InChI%3D1S%2FC6Cl6%2Fc7-1-2%288%294%2810%296%2812%295%2811%293%281%299,4.4657998085022,3.37199997901917,33.6935997009277,6.0
InChI%3D1S%2FC12H11NO2%2Fc1-13-12%2814%2915-11-8-4-6-9-5-2-3-7-10%289%2911%2Fh2-8H%2C1H3%2C%28H%2C13%2C14%29,0.235200002789497,4.6729998588562,15.2441997528076,14.0
InChI%3D1S%2FC23H22ClF3O2%2Fc1-14-16%2810-7-11-17%2814%2915-8-5-4-6-9-15%2913-29-21%2828%2920-18%2822%2820%2C2%293%2912-19%2824%2923%2825%2C26%2927%2Fh4-12%2C18%2C20H%2C13H2%2C1-3H3,3.1356999874115,9.5659999847412,59.0013999938965,12.0
InChI%3D1S%2FC14H4N2O2S2%2Fc15-5-9-10%286-16%2920-14-12%2818%298-4-2-1-3-7%288%2911%2817%2913%2814%2919-9%2Fh1-4H,-0.017000000923872,1.3400000333786,54.2957992553711,12.0
InChI%3D1S%2FC13H11N3%2Fc14-10-3-1-8-5-9-2-4-11%2815%297-13%289%2916-12%288%296-10%2Fh1-7H%2C14-15H2,-1.49979996681213,2.17400002479553,8.44419956207275,16.0
InChI%3D1S%2FC9H11BrN2O2%2Fc1-12%2814-2%299%2813%2911-8-5-3-7%2810%294-6-8%2Fh3-6H%2C1-2H3%2C%28H%2C11%2C13%29,0.311599999666214,2.16700005531311,31.55419921875,11.0
InChI%3D1S%2FC12H9ClF3N3O%2Fc1-17-9-6-18-19%2811%2820%2910%289%2913%298-4-2-3-7%285-8%2912%2814%2C15%2916%2Fh2-6%2C17H%2C1H3,0.273200005292892,3.23200011253357,43.2212982177734,10.0
InChI%3D1S%2FC5H10N2O2S%2Fc1-4%2810-3%297-9-5%288%296-2%2Fh1-3H3%2C%28H%2C6%2C8%29,0.972699999809265,1.63300001621246,40.3573989868164,6.0
InChI%3D1S%2FC6H5Cl%2Fc7-6-4-2-1-3-5-6%2Fh1-5H,0.744300007820129,3.1029999256134,5.61560010910034,6.0
InChI%3D1S%2FC9H19NOS%2Fc1-4-7-10%288-5-2%299%2811%2912-6-3%2Fh4-8H2%2C1-3H3,0.376700013875961,2.28800010681152,52.271598815918,3.0
InChI%3D1S%2FC8H8%2Fc1-2-8-6-4-3-5-7-8%2Fh2-7H%2C1H2,0.707499980926514,4.9539999961853,10.1471996307373,8.0
InChI%3D1S%2FC16H18N4O7S%2Fc1-25-12-8-13%2826-2%2918-15%2817-12%2919-16%2822%2920-28%2823%2C24%299-10-6-4-5-7-11%2810%2914%2821%2927-3%2Fh4-8H%2C9H2%2C1-3H3%2C%28H2%2C17%2C18%2C19%2C20%2C22%29,-0.58050000667572,2.59200000762939,50.951301574707,15.0
InChI%3D1S%2FCHN%2Fc1-2%2Fh1H,0.567499995231628,-0.35699999332428,7.0145001411438,1.0
InChI%3D1S%2FC15H17Cl2N3O2%2Fc1-2-3-12-7-21-15%2822-12%2C8-20-10-18-9-19-20%2913-5-4-11%2816%296-14%2813%2917%2Fh4-6%2C9-10%2C12H%2C2-3%2C7-8H2%2C1H3,0.661700010299683,3.16300010681152,44.2122001647949,6.0
InChI%3D1S%2FC5H12NO3PS2%2Fc1-6-5%287%294-12-10%2811%2C8-2%299-3%2Fh4H2%2C1-3H3%2C%28H%2C6%2C7%29,1.04579997062683,1.48300004005432,55.2911987304688,4.0
InChI%3D1S%2FC12H10O%2Fc13-12-9-5-4-8-11%2812%2910-6-2-1-3-7-10%2Fh1-9%2C13H,-0.460299998521805,5.06300020217896,2.56459999084473,13.0
InChI%3D1S%2FC12H14O3%2Fc1-3-14-11%2813%2910-12%282%2C15-10%299-7-5-4-6-8-9%2Fh4-8%2C10H%2C3H2%2C1-2H3,0.104999996721745,3.40100002288818,29.2595996856689,6.0
InChI%3D1S%2FC15H13N3O2S%2Fc1-20-15%2819%2918-14-16-12-8-7-11%289-13%2812%2917-14%2921-10-5-3-2-4-6-10%2Fh2-9H%2C1H3%2C%28H2%2C16%2C17%2C18%2C19%29,1.16209995746613,4.73099994659424,23.3178997039795,8.0
InChI%3D1S%2FC4H10NO3PS%2Fc1-4%286%295-9%287%2C8-2%2910-3%2Fh1-3H3%2C%28H%2C5%2C6%2C7%29,-0.0861999988555908,0.314999997615814,41.1959991455078,6.0
InChI%3D1S%2FC22H17ClF3N3O7%2Fc1-33-18%2830%2921-10-12-9-13%2823%293-8-16%2812%2917%2821%2927-28%2811-35-21%2919%2831%2929%2820%2832%2934-2%2914-4-6-15%287-5-14%2936-22%2824%2C25%2926%2Fh3-9H%2C10-11H2%2C1-2H3,2.5239999294281,5.29500007629395,67.4766006469727,22.0
InChI%3D1S%2FC15H11ClO3%2Fc1-19-14%2817%2915%2818%2912-5-3-2-4-10%2812%2911-7-6-9%2816%298-13%2811%2915%2Fh2-8%2C18H%2C1H3,0.0103000001981854,3.44099998474121,22.4715995788574,12.0
InChI%3D1S%2FC23H19ClF3NO3%2Fc1-22%282%2917%2812-19%2824%2923%2825%2C26%2927%2920%2822%2921%2829%2931-18%2813-28%2914-7-6-10-16%2811-14%2930-15-8-4-3-5-9-15%2Fh3-12%2C17-18%2C20H%2C1-2H3,2.20560002326965,7.07499980926514,59.9276008605957,13.0
InChI%3D1S%2FC14H24NO4PS3%2Fc1-12%282%2918-20%2821%2C19-13%283%294%2922-11-10-15-23%2816%2C17%2914-8-6-5-7-9-14%2Fh5-9%2C12-13%2C15H%2C10-11H2%2C1-4H3,0.549700021743774,4.96400022506714,76.3994979858398,10.0
InChI%3D1S%2FC9H13N%2Fc1-6-4-8%283%299%2810%295-7%286%292%2Fh4-5H%2C10H2%2C1-3H3,1.17610001564026,2.73499989509583,20.7283992767334,7.0
InChI%3D1S%2FC11H10Cl2F2N4O3S%2Fc1-5-16-19%2811%2820%2918%285%2910%2814%2915%299-4-8%2817-23%282%2C21%2922%296%2812%293-7%289%2913%2Fh3-4%2C10%2C17H%2C1-2H3,1.00380003452301,2.59899997711182,55.470401763916,15.0
InChI%3D1S%2FC10H14Cl6N4O2%2Fc11-9%2812%2C13%297%2817-5-21%2919-1-2-20%284-3-19%298%2818-6-22%2910%2814%2C15%2916%2Fh5-8H%2C1-4H2%2C%28H%2C17%2C21%29%28H%2C18%2C22%29,2.3024001121521,3.22199988365173,92.5983963012695,3.0
InChI%3D1S%2FC9H6Cl6O3S%2Fc10-5-6%2811%298%2813%294-2-18-19%2816%2917-1-3%284%297%285%2C12%299%288%2C14%2915%2Fh3-4H%2C1-2H2,2.16599988937378,0.83899998664856,76.9888000488281,4.0
InChI%3D1S%2FC3H4Cl2%2Fc4-2-1-3-5%2Fh1-2H%2C3H2,1.51820003986359,2.09899997711182,25.2765998840332,2.0
InChI%3D1S%2FC22H19Br4NO3%2Fc1-21%282%2917%2819%2823%2922%2824%2C25%2926%2918%2821%2920%2828%2930-16%2812-27%2913-7-6-10-15%2811-13%2929-14-8-4-3-5-9-14%2Fh3-11%2C16-19H%2C1-2H3,3.50559997558594,9.23200035095215,79.6128997802734,13.0
InChI%3D1S%2FC17H20N2S%2Fc1-13%2818%282%293%2912-19-14-8-4-6-10-16%2814%2920-17-11-7-5-9-15%2817%2919%2Fh4-11%2C13H%2C12H2%2C1-3H3,0.834100008010864,4.46299982070923,38.99169921875,13.0
InChI%3D1S%2FC19H26O3%2Fc1-7-8-13-12%284%2916%2810-15%2813%2920%2922-18%2821%2917-14%289-11%282%293%2919%2817%2C5%296%2Fh7%2C9%2C14%2C16-17H%2C1%2C8%2C10H2%2C2-6H3,3.57159996032715,3.71399998664856,88.9957962036133,4.0
InChI%3D1S%2FC10H12ClNO2%2Fc1-7%282%2914-10%2813%2912-9-5-3-4-8%2811%296-9%2Fh3-7H%2C1-2H3%2C%28H%2C12%2C13%29,1.26569998264313,3.77900004386902,30.638599395752,10.0
InChI%3D1S%2FC22H26O3%2Fc1-15%282%2910-19-20%2822%2819%2C3%294%2921%2823%2925-14-17-12-18%2824-13-17%2911-16-8-6-5-7-9-16%2Fh5-10%2C12-13%2C19-20H%2C11%2C14H2%2C1-4H3,2.28239989280701,7.11299991607666,58.5063018798828,6.0
InChI%3D1S%2FC7H4Cl3NO3%2Fc8-3-1-4%289%297%2811-6%283%2910%2914-2-5%2812%2913%2Fh1H%2C2H2%2C%28H%2C12%2C13%29,1.42659997940063,1.5110000371933,30.7338008880615,7.0
InChI%3D1S%2FC18H26O2%2Fc1-13%282%2918-10-9-17%284%2C20-18%2916%2811-18%2919-12-15-8-6-5-7-14%2815%293%2Fh5-8%2C13%2C16H%2C9-12H2%2C1-4H3,1.50440001487732,5.31500005722046,54.8120994567871,6.0
InChI%3D1S%2FC16H22ClNO3%2Fc1-4-12-8-7-9-13%285-2%2916%2812%2918%2814%2819%2910-17%2911-15%2820%2921-6-3%2Fh7-9H%2C4-6%2C10-11H2%2C1-3H3,0.581300020217896,4.11999988555908,59.1642990112305,9.0
InChI%3D1S%2FC15H18ClN3O%2Fc1-15%282%2C3%2914%2820%2913%2819-10-17-9-18-19%298-11-4-6-12%2816%297-5-11%2Fh4-10%2C14%2C20H%2C1-3H3,1.82400000095367,3.71000003814697,43.2491989135742,10.0
InChI%3D1S%2FC8H14N4OS%2Fc1-8%282%2C3%295-6%2813%2912%289%297%2814-4%2911-10-5%2Fh9H2%2C1-4H3,0.739300012588501,1.3860000371933,58.6533012390137,4.0
InChI%3D1S%2FC13H14F3N3O4%2Fc1-4-17%287-8%282%293%2912-10%2818%2820%2921%295-9%2813%2814%2C15%2916%296-11%2812%2919%2822%2923%2Fh5-6H%2C2%2C4%2C7H2%2C1%2C3H3,2.53629994392395,4.17199993133545,44.2360992431641,13.0
InChI%3D1S%2FC11H16ClO2PS3%2Fc1-3-13-15%2816%2C14-4-2%2918-9-17-11-7-5-10%2812%296-8-11%2Fh5-8H%2C3-4%2C9H2%2C1-2H3,3.40440011024475,5.39900016784668,63.0668983459473,6.0
InChI%3D1S%2FC12H11Cl2N3O2%2Fc13-9-1-2-10%2811%2814%295-9%2912%2818-3-4-19-12%296-17-8-15-7-16-17%2Fh1-2%2C5%2C7-8H%2C3-4%2C6H2,1.24839997291565,1.77600002288818,33.8045997619629,6.0
InChI%3D1S%2FC14H6Cl2F4N2O2%2Fc15-5-4-8%2812%2820%2910%2816%2911%285%2919%2921-14%2824%2922-13%2823%299-6%2817%292-1-3-7%289%2918%2Fh1-4H%2C%28H2%2C21%2C22%2C23%2C24%29,3.11640000343323,4.26200008392334,31.4750995635986,18.0
InChI%3D1S%2FC2H3ClO2%2Fc3-1-2%284%295%2Fh1H2%2C%28H%2C4%2C5%29,0.302700012922287,0.157000005245209,17.396900177002,3.0
InChI%3D1S%2FC27H20N4O9S2%2Fc32-14-15-13-22%2830-28-20-9-11-23%2841%2835%2C36%2937%2918-7-3-1-5-16%2818%2920%2927%2834%2925%2826%2815%2933%2931-29-21-10-12-24%2842%2838%2C39%2940%2919-8-4-2-6-17%2819%2921%2Fh1-13%2C32-34H%2C14H2%2C%28H%2C35%2C36%2C37%29%28H%2C38%2C39%2C40%29,-2.45230007171631,5.38899993896484,34.244800567627,40.0
InChI%3D1S%2FC9H12%2Fc1-8%282%299-6-4-3-5-7-9%2Fh3-8H%2C1-2H3,0.572899997234344,5.46199989318848,14.2678003311157,6.0
InChI%3D1S%2FCClN%2Fc2-1-3,0.620500028133392,0.426999986171722,12.7918996810913,1.0
InChI%3D1S%2FC14H15N5O6S%2Fc1-8-15-12%2818-14%2816-8%2925-3%2917-13%2821%2919-26%2822%2C23%2910-7-5-4-6-9%2810%2911%2820%2924-2%2Fh4-7H%2C1-3H3%2C%28H2%2C15%2C16%2C17%2C18%2C19%2C21%29,-1.01960003376007,1.93499994277954,62.36669921875,19.0
InChI%3D1S%2FC7H3Cl2N%2Fc8-6-2-1-3-7%289%295%286%294-10%2Fh1-3H,1.52330005168915,2.33599996566772,17.4298000335693,8.0
InChI%3D1S%2FC11H20N3O3PS%2Fc1-6-14%287-2%2911-12-9%283%298-10%2813-11%2917-18%2819%2C15-4%2916-5%2Fh8H%2C6-7H2%2C1-5H3,2.16310000419617,3.20300006866455,59.0045013427734,12.0
InChI%3D1S%2FC2H7O3P%2Fc1-2-5-6%283%294%2Fh6H%2C2H2%2C1H3%2C%28H%2C3%2C4%29,0.24549999833107,-0.837999999523163,15.0614004135132,4.0
InChI%3D1S%2FC12H14N4O4S2%2Fc1-19-11%2817%2915-9%2821%2913-7-5-3-4-6-8%287%2914-10%2822%2916-12%2818%2920-2%2Fh3-6H%2C1-2H3%2C%28H2%2C13%2C15%2C17%2C21%29%28H2%2C14%2C16%2C18%2C22%29,1.97880005836487,3.03800010681152,60.4314002990723,18.0
InChI%3D1S%2FC15H17Cl2N3O%2Fc1-15%282%2C3%2914%2821%2913%2820-9-18-8-19-20%296-10-4-5-11%2816%297-12%2810%2917%2Fh4-9%2C14%2C21H%2C1-3H3,2.5683000087738,3.80599999427795,48.8647994995117,10.0
InChI%3D1S%2FC14H16ClO5PS%2Fc1-4-17-21%2822%2C18-5-2%2920-10-6-7-11-9%283%2913%2815%2914%2816%2919-12%2811%298-10%2Fh6-8H%2C4-5H2%2C1-3H3,2.13529992103577,4.45699977874756,62.7459983825684,14.0
InChI%3D1S%2FC7H8N2O2%2Fc1-5-2-3-6%289%2810%2911%294-7%285%298%2Fh2-4H%2C8H2%2C1H3,-0.154499992728233,1.76499998569489,12.6099996566772,10.0
InChI%3D1S%2FC10H7Cl5O%2Fc11-7-1-6%282-8%2812%293-7%299%285-16-9%294-10%2813%2C14%2915%2Fh1-3H%2C4-5H2,2.46140003204346,4.5019998550415,43.7160987854004,6.0
InChI%3D1S%2FC15H24NO4PS%2Fc1-6-18-21%2822%2C16-11%282%293%2920-14-10-8-7-9-13%2814%2915%2817%2919-12%284%295%2Fh7-12H%2C6H2%2C1-5H3%2C%28H%2C16%2C22%29,0.622699975967407,5.35500001907349,66.8221969604492,14.0
InChI%3D1S%2FC10H11F3N2O%2Fc1-15%282%299%2816%2914-8-5-3-4-7%286-8%2910%2811%2C12%2913%2Fh3-6H%2C1-2H3%2C%28H%2C14%2C16%29,1.22819995880127,4.20800018310547,28.8055000305176,10.0
InChI%3D1S%2FC10H13Cl2FN2O2S2%2Fc1-8-4-6-9%287-5-8%2915%2818-10%2811%2C12%2913%2919%2816%2C17%2914%282%293%2Fh4-7H%2C1-3H3,2.80159997940063,4.18100023269653,54.4082984924316,11.0
InChI%3D1S%2FCCl3F%2Fc2-1%283%2C4%295,3.29780006408691,2.72699999809265,22.2140007019043,0.0
InChI%3D1S%2FC8H19O2PS2%2Fc1-4-7-12-11%289%2C10-6-3%2913-8-5-2%2Fh4-8H2%2C1-3H3,0.920199990272522,2.62700009346008,60.9308013916016,3.0
InChI%3D1S%2FC36H53NO13%2Fc1-21-13-11-9-7-6-8-10-12-14-24%2848-35%285%2931%2842%2929%2837%2930%2841%2922%282%2947-35%2919-34%284%2928%2832%2843%2944%2925%2839%2920-36%2845%2C50-34%2918-23%2838%2917-33%283%2926%2849-33%2915-16-27%2840%2946-21%2Fh6-12%2C14-16%2C21-26%2C28-31%2C38-39%2C41-42%2C45H%2C13%2C17-20%2C37H2%2C1-5H3%2C%28H%2C43%2C44%29,-1.67079997062683,2.33299994468689,180.300003051758,8.0
InChI%3D1S%2FC17H14ClF7O2%2Fc1-6-11%2819%2913%2821%297%2814%2822%2912%286%2920%295-27-15%2826%2910-8%2816%2810%2C2%293%294-9%2818%2917%2823%2C24%2925%2Fh4%2C8%2C10H%2C5H2%2C1-3H3,5.05450010299683,5.32800006866455,62.4914016723633,6.0
InChI%3D1S%2FC13H17F3N4O4%2Fc1-3-5-18%286-4-2%2911-9%2819%2821%2922%297-8%2813%2814%2C15%2916%2910%2817%2912%2811%2920%2823%2924%2Fh7H%2C3-6%2C17H2%2C1-2H3,-0.181999996304512,4.6729998588562,46.3712997436523,14.0
InChI%3D1S%2FC17H26ClNO3S%2Fc1-4-14%2819-22-8-6-7-18%2917-15%2820%2910-13%2811-16%2817%2921%299-12%283%2923-5-2%2Fh6-7%2C12-13%2C19H%2C4-5%2C8-11H2%2C1-3H3,0.223800003528595,4.64900016784668,95.9421997070312,8.0
InChI%3D1S%2FC10H15O3PS2%2Fc1-8-7-9%285-6-10%288%2916-4%2913-14%2815%2C11-2%2912-3%2Fh5-7H%2C1-4H3,2.33990001678467,4.07200002670288,49.3852996826172,11.0
InChI%3D1S%2FC15H16Cl3N3O2%2Fc1-2-4-20%2815%2822%2921-5-3-19-10-21%296-7-23-14-12%2817%298-11%2816%299-13%2814%2918%2Fh3%2C5%2C8-10H%2C2%2C4%2C6-7H2%2C1H3,1.24919998645782,2.91199994087219,51.3554000854492,8.0
InChI%3D1S%2FC15H10ClF3N2O6S%2Fc1-28%2825%2C26%2920-14%2822%2910-7-9%283-4-12%2810%2921%2823%2924%2927-13-5-2-8%286-11%2813%2916%2915%2817%2C18%2919%2Fh2-7H%2C1H3%2C%28H%2C20%2C22%29,0.591000020503998,4.98600006103516,39.1697998046875,22.0
InChI%3D1S%2FC5H7N3O2%2Fc1-4-6-3-5%287%284%292%298%289%2910%2Fh3H%2C1-2H3,0.120200000703335,0.726000010967255,17.3791999816895,8.0
InChI%3D1S%2FC2H7O3P%2Fc1-4-6%283%295-2%2Fh6H%2C1-2H3,0.24609999358654,-0.741999983787537,15.5367002487183,4.0
InChI%3D1S%2FC6H4Cl2%2Fc7-5-1-2-6%288%294-3-5%2Fh1-4H,1.48860001564026,2.98799991607666,11.2312002182007,6.0
InChI%3D1S%2FC15H18Cl2N2O3%2Fc1-8%282%2921-12-7-11%289%2816%296-10%2812%2917%2919-14%2820%2922-13%2818-19%2915%283%2C4%295%2Fh6-8H%2C1-5H3,2.57069993019104,4.80900001525879,62.442699432373,12.0
InChI%3D1S%2FC5H13ClN%2Fc1-7%282%2C3%295-4-6%2Fh4-5H2%2C1-3H3%2Fq%2B1,-0.369500011205673,0.637000024318695,32.1301002502441,0.0
InChI%3D1S%2FC2H3Cl3O2%2Fc3-2%284%2C5%291%286%297%2Fh1%2C6-7H,0.89980000257492,0.801999986171722,29.2457008361816,0.0
InChI%3D1S%2FC9H7Cl3O3%2Fc1-4%289%2813%2914%2915-8-3-6%2811%295%2810%292-7%288%2912%2Fh2-4H%2C1H3%2C%28H%2C13%2C14%29,1.7331999540329,2.54800009727478,34.9067001342773,7.0
InChI%3D1S%2FC15H12F2N3Si%2Fc16-12-1-5-14%286-2-12%2921%2811-20-10-18-9-19-20%2915-7-3-13%2817%294-8-15%2Fh1-10H%2C11H2,1.63359999656677,2.89199995994568,36.8516998291016,12.0
InChI%3D1S%2FC23H26O3%2Fc1-16%282%2913-20-21%2823%2820%2C3%294%2922%2824%2925-15-17-9-8-12-19%2814-17%2926-18-10-6-5-7-11-18%2Fh5-14%2C20-21H%2C15H2%2C1-4H3,1.96119999885559,7.22800016403198,53.7517013549805,13.0
InChI%3D1S%2FC18H26O5%2Fc1-12-6-5-9-14%2819%298-4-2-3-7-13-10-15%2820%2911-16%2821%2917%2813%2918%2822%2923-12%2Fh10-12%2C14%2C19-21H%2C2-9H2%2C1H3,-3.47510004043579,3.19199991226196,51.9266014099121,11.0
InChI%3D1S%2FC12H14N2%2Fc13-8-9-14-12-7-3-5-10-4-1-2-6-11%2810%2912%2Fh1-7%2C14H%2C8-9%2C13H2,-1.14709997177124,3.25600004196167,16.9465007781982,11.0
InChI%3D1S%2FC9H13N%2Fc1-8%2810%297-9-5-3-2-4-6-9%2Fh2-6%2C8H%2C7%2C10H2%2C1H3,-0.686600029468536,3.58200001716614,18.3840999603271,6.0
InChI%3D1S%2FC12H8Cl6O%2Fc13-8-9%2814%293-1-4-5%282%283%297-6%281%2919-7%2911%289%2C16%2912%2817%2C18%2910%284%2C8%2915%2Fh1-8H,2.18950009346008,3.62100005149841,72.0134963989258,0.0
InChI%3D1S%2FC11H10ClNO3S%2Fc1-2-16-9%2814%296-13-10-7%2812%294-3-5-8%2810%2917-11%2813%2915%2Fh3-5H%2C2%2C6H2%2C1H3,1.27830004692078,1.97800004482269,41.6958999633789,9.0
InChI%3D1S%2FC14H15N3%2Fc1-10-9-13%2811-7-8-11%2917-14%2815-10%2916-12-5-3-2-4-6-12%2Fh2-6%2C9%2C11H%2C7-8H2%2C1H3%2C%28H%2C15%2C16%2C17%29,0.224199995398521,4.17600011825562,20.738899230957,13.0
InChI%3D1S%2FC9H9ClO3%2Fc1-6%289%2811%2912%2913-8-4-2-3-7%2810%295-8%2Fh2-6H%2C1H3%2C%28H%2C11%2C12%29,0.244599997997284,2.35599994659424,23.675500869751,7.0
InChI%3D1S%2FC19H22FN3O%2Fc20-17-8-6-16%287-9-17%2918%2824%294-3-11-22-12-14-23%2815-13-22%2919-5-1-2-10-21-19%2Fh1-2%2C5-10H%2C3-4%2C11-15H2,0.0471000000834465,3.37700009346008,43.0363006591797,8.0
InChI%3D1S%2FC19H23ClN2O2S%2Fc1-2-3-4-5-6-10-13-25-19%2823%2924-16-14-17%2820%2921-22-18%2816%2915-11-8-7-9-12-15%2Fh7-9%2C11-12%2C14H%2C2-6%2C10%2C13H2%2C1H3,-0.113499999046326,8.25100040435791,48.2690010070801,15.0
InChI%3D1S%2FC20H23N3O2%2Fc1-20%282%2C3%2918%2824%2919%2823-14-21-13-22-23%2925-17-11-9-16%2810-12-17%2915-7-5-4-6-8-15%2Fh4-14%2C18-19%2C24H%2C1-3H3,1.03680002689362,6.28900003433228,32.7839012145996,13.0
InChI%3D1S%2FC9H8Cl3NO2S%2Fc10-9%2811%2C12%2916-13-7%2814%295-3-1-2-4-6%285%298%2813%2915%2Fh1-2%2C5-6H%2C3-4H2,3.23449993133545,2.26799988746643,68.1818008422852,5.0
InChI%3D1S%2FC24H46O6%2Fc1-2-3-4-5-6-7-8-9-10-11-12-13-14-15-16-17-22%2827%2929-19-21%2826%2924-23%2828%2920%2825%2918-30-24%2Fh20-21%2C23-26%2C28H%2C2-19H2%2C1H3,-6.03840017318726,7.50799989700317,92.7425003051758,3.0
InChI%3D1S%2FC10H6Cl8%2Fc11-3-1-2-4%285%283%2912%299%2816%297%2814%296%2813%298%282%2C15%2910%289%2C17%2918%2Fh2-5H%2C1H2,4.24259996414185,4.35500001907349,78.1775970458984,2.0
InChI%3D1S%2FC15H13N3O3S%2Fc1-21-15%2819%2918-14-16-12-8-7-11%289-13%2812%2917-14%2922%2820%2910-5-3-2-4-6-10%2Fh2-9H%2C1H3%2C%28H2%2C16%2C17%2C18%2C19%29,0.0502999983727932,2.70199990272522,24.6895999908447,16.0
InChI%3D1S%2FP4%2Fc1-2-3%281%294%281%292,-3.18639993667603,0.0,27.3439998626709,0.0
InChI%3D1S%2FC8H8O3%2Fc1-11-8%2810%296-2-4-7%289%295-3-6%2Fh2-5%2C9H%2C1H3,-0.449099987745285,1.39100003242493,14.5530004501343,10.0
InChI%3D1S%2FC12H14Cl3O4P%2Fc1-3-17-20%2816%2C18-4-2%2919-12%288-13%2910-6-5-9%2814%297-11%2810%2915%2Fh5-8H%2C3-4H2%2C1-2H3,2.41079998016357,4.21000003814697,56.4973983764648,13.0
InChI%3D1S%2FC10Cl12%2Fc11-1-2%2812%297%2817%294%2814%293%2813%2C5%281%2C15%299%287%2C19%2920%296%281%2C16%2910%2821%2C22%298%282%2C4%2918,5.84999990463257,6.35799980163574,92.3588027954102,0.0
InChI%3D1S%2FC14H20N3O5PS%2Fc1-5-19-14%2818%2911-9-17-12%2815-10%2811%294%298-13%2816-17%2922-23%2824%2C20-6-2%2921-7-3%2Fh8-9H%2C5-7H2%2C1-4H3,2.22009992599487,3.32200002670288,63.8932991027832,5.0
InChI%3D1S%2FC14H16ClN5O5S%2Fc1-9-16-12%2819-14%2817-9%2924-2%2918-13%2821%2920-26%2822%2C23%2911-6-4-3-5-10%2811%2925-8-7-15%2Fh3-6H%2C7-8H2%2C1-2H3%2C%28H2%2C16%2C17%2C18%2C19%2C20%2C21%29,-0.417400002479553,2.48699998855591,67.0373992919922,17.0
InChI%3D1S%2FC16H20N2O3%2Fc1-9%282%2916%284%2915%2820%2917-13%2818-16%2912-8-10%283%296-7-11%2812%2914%2819%2921-5%2Fh6-9H%2C1-5H3%2C%28H%2C17%2C18%2C20%29,0.134399995207787,3.88800001144409,53.2338981628418,14.0
InChI%3D1S%2FC16H14Cl2O3%2Fc1-2-21-15%2819%2916%2820%2C11-3-7-13%2817%298-4-11%2912-5-9-14%2818%2910-6-12%2Fh3-10%2C20H%2C2H2%2C1H3,1.00499999523163,4.15899991989136,32.3810005187988,6.0
InChI%3D1S%2FC9H21O2PS3%2Fc1-6-10-12%2813%2C11-7-2%2915-8-14-9%283%2C4%295%2Fh6-8H2%2C1-5H3,3.69370007514954,4.50099992752075,76.9517974853516,4.0
InChI%3D1S%2FC4H6O2%2Fc1-3%282%294%285%296%2Fh1H2%2C2H3%2C%28H%2C5%2C6%29,0.914099991321564,0.39300000667572,21.6485004425049,5.0
InChI%3D1S%2FC4H4O4%2Fc5-3%286%291-2-4%287%298%2Fh1-2H%2C%28H%2C5%2C6%29%28H%2C7%2C8%29,-0.225199997425079,-0.416000008583069,24.6070003509521,8.0
InChI%3D1S%2FC12H19O2PS3%2Fc1-4-10-18-15%2816%2C13-5-2%2914-11-6-8-12%2817-3%299-7-11%2Fh6-9H%2C4-5%2C10H2%2C1-3H3,2.17910003662109,5.82999992370605,62.4460983276367,10.0
InChI%3D1S%2FC9H11ClN2O%2Fc1-12%282%299%2813%2911-8-5-3-7%2810%294-6-8%2Fh3-6H%2C1-2H3%2C%28H%2C11%2C13%29,0.321200013160706,1.91999995708466,26.9515991210938,10.0
InChI%3D1S%2FC8H10N6%2Fc9-3-5-6%2810%2913-8%2814-7%285%2911%2912-4-1-2-4%2Fh4H%2C1-2H2%2C%28H5%2C10%2C11%2C12%2C13%2C14%29,-1.90100002288818,-0.363000005483627,43.7458000183105,6.0
InChI%3D1S%2FC16H17F5N2O2S%2Fc1-7%282%296-8-9%2815%2824%2925-3%2911%2813%2817%2918%2923-12%2816%2819%2C20%2921%2910%288%2914-22-4-5-26-14%2Fh7%2C13H%2C4-6H2%2C1-3H3,3.03150010108948,5.3600001335144,66.2200012207031,11.0
InChI%3D1S%2FC12H4Cl2F6N4OS%2Fc13-5-1-4%2811%2815%2C16%2917%292-6%2814%298%285%2924-10%2822%299%287%283-21%2923-24%2926%2825%2912%2818%2C19%2920%2Fh1-2H%2C22H2,3.60209989547729,2.80999994277954,46.9574012756348,8.0
InChI%3D1S%2FC12H10Cl2F3NO%2Fc13-5-7-6-18%2811%2819%2910%287%2914%299-3-1-2-8%284-9%2912%2815%2C16%2917%2Fh1-4%2C7%2C10H%2C5-6H2,1.51189994812012,4.19199991226196,40.657299041748,9.0
InChI%3D1S%2FC7H5NO3S%2Fc9-7-5-3-1-2-4-6%285%2912%2810%2C11%298-7%2Fh1-4H%2C%28H%2C8%2C9%29,-1.15299999713898,1.26800000667572,16.9179992675781,12.0
InChI%3D1S%2FC14H9Cl5%2Fc15-11-5-1-9%282-6-11%2913%2814%2817%2C18%2919%2910-3-7-12%2816%298-4-10%2Fh1-8%2C13H,3.14249992370605,7.01999998092651,35.7430992126465,6.0
InChI%3D1S%2FC5H4O2%2Fc6-4-5-2-1-3-7-5%2Fh1-4H,-0.346500009298325,1.057000041008,7.91300010681152,7.0
InChI%3D1S%2FCBrN%2Fc2-1-3,0.729499995708466,0.602999985218048,15.3908004760742,1.0
InChI%3D1S%2FC20H23NO3%2Fc1-14-9-8-10-15%282%2919%2814%2921%2816%283%2920%2823%2924-4%2918%2822%2913-17-11-6-5-7-12-17%2Fh5-12%2C16H%2C13H2%2C1-4H3,0.589399993419647,6.00799989700317,44.2047996520996,9.0
InChI%3D1S%2FC12H8Cl2O3S%2Fc13-9-1-5-11%286-2-9%2917-18%2815%2C16%2912-7-3-10%2814%294-8-12%2Fh1-8H,1.0958000421524,3.50699996948242,21.2229995727539,16.0
InChI%3D1S%2FC4H7Br2Cl2O4P%2Fc1-10-13%289%2C11-2%2912-3%285%294%286%2C7%298%2Fh3H%2C1-2H3,2.87529993057251,2.26600003242493,58.2458992004395,5.0
InChI%3D1S%2FC12H15NO3%2Fc1-12%282%297-8-5-4-6-9%2810%288%2916-12%2915-11%2814%2913-3%2Fh4-6H%2C7H2%2C1-3H3%2C%28H%2C13%2C14%29,0.996399998664856,3.06699991226196,35.3858985900879,11.0
InChI%3D1S%2FC10H12N2O3S%2Fc1-7%282%2912-10%2813%298-5-3-4-6-9%288%2911-16%2812%2C14%2915%2Fh3-7%2C11H%2C1-2H3,-1.51909995079041,1.51699995994568,33.7784004211426,13.0
InChI%3D1S%2FC12H15ClNO4PS2%2Fc1-3-16-19%2820%2C17-4-2%2921-8-14-10-6-5-9%2813%297-11%2810%2918-12%2814%2915%2Fh5-7H%2C3-4%2C8H2%2C1-2H3,2.72979998588562,4.19199991226196,64.0662002563477,10.0
InChI%3D1S%2FC9H16N4OS%2Fc1-9%282%2C3%296-11-12-8%2815-6%2913%285%297%2814%2910-4%2Fh1-5H3%2C%28H%2C10%2C14%29,1.94060003757477,2.59899997711182,49.0110015869141,9.0
InChI%3D1S%2FC22H23ClN2O9%2Fc1-21%2833%2911-6%2823%294-5-7%2826%298%2811%2915%2827%299-12%2821%2917%2829%2913-14%2825%282%293%2916%2828%2910%2820%2824%2932%2919%2831%2922%2813%2C34%2918%289%2930%2Fh4-5%2C12-14%2C17%2C26-27%2C29%2C32-34H%2C24H2%2C1-3H3,-3.22429990768433,0.0540000014007092,93.9814987182617,12.0
InChI%3D1S%2FC15H16O2%2Fc1-15%282%2C11-3-7-13%2816%298-4-11%2912-5-9-14%2817%2910-6-12%2Fh3-10%2C16-17H%2C1-2H3,-0.0063999998383224,4.93900012969971,18.7539005279541,7.0
InChI%3D1S%2FC8H10N2O4S%2Fc1-14-8%2811%2910-15%2812%2C13%297-4-2-6%289%293-5-7%2Fh2-5H%2C9H2%2C1H3%2C%28H%2C10%2C11%29,-1.24979996681213,0.880999982357025,28.1881008148193,14.0
InChI%3D1S%2FC16H15F2N3Si%2Fc1-22%2812-21-11-19-10-20-21%2C15-6-2-13%2817%293-7-15%2916-8-4-14%2818%295-9-16%2Fh2-11H%2C12H2%2C1H3,3.13540005683899,4.83199977874756,14.6127996444702,6.0
InChI%3D1S%2FC15H12F3NO4S%2Fc1-24%2821%2C22%2912-6-9%2815%2816%2C17%2918%294-5-10%2812%2913%2820%2911-7-19-23-14%2811%298-2-3-8%2Fh4-8H%2C2-3H2%2C1H3,0.562399983406067,3.25999999046326,39.4444007873535,11.0
InChI%3D1S%2FC2H8NO2PS%2Fc1-5-6%283%2C4%297-2%2Fh1-2H3%2C%28H2%2C3%2C4%29,0.120399996638298,-0.545000016689301,29.9951992034912,4.0
InChI%3D1S%2FC3H8NO5P%2Fc5-3%286%291-4-2-10%287%2C8%299%2Fh4H%2C1-2H2%2C%28H%2C5%2C6%29%28H2%2C7%2C8%2C9%29,-1.36829996109009,-2.67899990081787,30.781099319458,4.0
InChI%3D1S%2F3C6H5.Sn.H%2Fc3%2A1-2-4-6-5-3-1%3B%3B%2Fh3%2A1-5H%3B%3B,,12.1859998703003,,6.0
InChI%3D1S%2FC22H19Cl2NO3%2Fc1-22%282%2917%2812-19%2823%2924%2920%2822%2921%2826%2928-18%2813-25%2914-7-6-10-16%2811-14%2927-15-8-4-3-5-9-15%2Fh3-12%2C17-18%2C20H%2C1-2H3,1.71930003166199,6.90899991989136,59.0901985168457,13.0
InChI%3D1S%2FC7H5N3O6%2Fc1-4-6%289%2813%2914%292-5%288%2811%2912%293-7%284%2910%2815%2916%2Fh2-3H%2C1H3,0.50220000743866,2.56900000572205,14.1595001220703,15.0
InChI%3D1S%2FC12H16ClNOS%2Fc1-3-14%284-2%2912%2815%2916-9-10-5-7-11%2813%298-6-10%2Fh5-8H%2C3-4%2C9H2%2C1-2H3,1.93550002574921,3.51999998092651,45.5448989868164,6.0
InChI%3D1S%2FC14H17ClNO4PS2%2Fc1-3-19-21%2822%2C20-4-2%2923-12%289-15%2916-13%2817%2910-7-5-6-8-11%2810%2914%2816%2918%2Fh5-8%2C12H%2C3-4%2C9H2%2C1-2H3,2.19379997253418,4.58099985122681,71.3122024536133,11.0
InChI%3D1S%2FC8H4O3%2Fc9-7-5-3-1-2-4-6%285%298%2810%2911-7%2Fh1-4H,-0.214599996805191,1.96300005912781,11.2332000732422,11.0
InChI%3D1S%2FC10H19N5S%2Fc1-6-11-7-12-8%2815-10%282%2C3%294%2914-9%2813-7%2916-5%2Fh6H2%2C1-5H3%2C%28H2%2C11%2C12%2C13%2C14%2C15%29,1.9815000295639,1.98599994182587,67.3699035644531,4.0
InChI%3D1S%2FC12H19ClNO3P%2Fc1-12%282%2C3%299-6-7-11%2810%2813%298-9%2917-18%2815%2C14-4%2916-5%2Fh6-8H%2C1-5H3%2C%28H%2C14%2C15%29,1.86269998550415,3.54800009727478,48.2943000793457,11.0
InChI%3D1S%2FC2H2Cl2%2Fc1-2%283%294%2Fh1H2,1.68799996376038,1.93299996852875,20.460599899292,2.0
InChI%3D1S%2FC20H22N4O6S%2Fc1-28-12-17%2825%2921-16-11-14%2831-13-7-5-4-6-8-13%299-10-15%2816%2922-18%2823-19%2826%2929-2%2924-20%2827%2930-3%2Fh4-11H%2C12H2%2C1-3H3%2C%28H%2C21%2C25%29%28H2%2C22%2C23%2C24%2C26%2C27%29,0.659099996089935,4.17000007629395,64.9962005615234,19.0
InChI%3D1S%2FC17H9ClF8N2O4%2Fc18-8-6-7%284-5-11%288%2931-16%2822%2C23%2914%2821%2932-17%2824%2C25%2926%2927-15%2830%2928-13%2829%2912-9%2819%292-1-3-10%2812%2920%2Fh1-6%2C14H%2C%28H2%2C27%2C28%2C29%2C30%29,4.70629978179932,5.88100004196167,43.798900604248,19.0
InChI%3D1S%2FC20H19NO3%2Fc1-16%2823-20-9-5-6-14-21-20%2915-22-17-10-12-19%2813-11-17%2924-18-7-3-2-4-8-18%2Fh2-14%2C16H%2C15H2%2C1H3,-0.44980001449585,6.15700006484985,18.8661003112793,14.0
InChI%3D1S%2FC22H17N3O5%2Fc1-27-13-17%2822%2826%2928-2%2916-8-4-6-10-19%2816%2930-21-11-20%2824-14-25-21%2929-18-9-5-3-7-15%2818%2912-23%2Fh3-11%2C13-14H%2C1-2H3,-0.562900006771088,5.03000020980835,37.0811996459961,28.0
InChI%3D1S%2FC10H9Cl4O4P%2Fc1-16-19%2815%2C17-2%2918-10%285-11%296-3-8%2813%299%2814%294-7%286%2912%2Fh3-5H%2C1-2H3,2.65429997444153,3.46000003814697,53.5253982543945,13.0
InChI%3D1S%2FC7H13N3O3S%2Fc1-8-7%2812%2913-9-5%2814-4%296%2811%2910%282%293%2Fh1-4H3%2C%28H%2C8%2C12%29,0.532599985599518,0.953999996185303,53.7678985595703,9.0
InChI%3D1S%2FC10HCl11%2Fc11-2-1-3%2812%295%2814%294%281%2C13%2910%2820%2C21%297%282%2C16%298%285%2C17%296%282%2C15%299%283%2C18%2919%2Fh1H,5.35629987716675,5.97900009155273,88.0130996704102,0.0
InChI%3D1S%2FC9H7N3S%2Fc1-6-3-2-4-7-8%286%2912-5-10-11-9%2812%2913-7%2Fh2-5H%2C1H3,1.24580001831055,2.41599988937378,16.1935997009277,12.0
InChI%3D1S%2FC10H10ClNO2%2Fc1-7%2813%2912-9-4-2-8%283-5-9%2910%2814%296-11%2Fh2-5H%2C6H2%2C1H3%2C%28H%2C12%2C13%29,0.207000002264977,2.36800003051758,29.4244003295898,11.0
InChI%3D1S%2FC9H7NO%2Fc11-8-5-1-3-7-4-2-6-10-9%287%298%2Fh1-6%2C11H,-0.460299998521805,1.85399997234344,2.56459999084473,11.0
InChI%3D1S%2FC12H13N5O6S2%2Fc1-6-13-10%2816-12%2814-6%2923-3%2915-11%2819%2917-25%2820%2C21%297-4-5-24-8%287%299%2818%2922-2%2Fh4-5H%2C1-3H3%2C%28H2%2C13%2C14%2C15%2C16%2C17%2C19%29,-0.428999990224838,1.04700005054474,70.1602020263672,18.0
InChI%3D1S%2FC3H6N2S%2Fc6-3-4-1-2-5-3%2Fh1-2H2%2C%28H2%2C4%2C5%2C6%29,0.351799994707108,0.122000001370907,26.6289005279541,3.0
InChI%3D1S%2FC48H81NO17%2Fc1-15-35-32%2823-60-45-42%2859-14%2941%2858-13%2938%2854%2928%285%2961-45%2920-25%282%2916-17-33%2851%2926%283%2921-31%2818-19-50%2939%2827%284%2934%2852%2922-36%2853%2962-35%2966-48%2810%2944%2856%2937%2849%2811%2912%2940%2829%286%2964-48%2965-47%289%2924-46%288%2C57%2943%2855%2930%287%2963-47%2Fh16-17%2C19-20%2C26-32%2C34-35%2C37-45%2C52%2C54-57H%2C15%2C18%2C21-24H2%2C1-14H3,-2.47729992866516,1.62100005149841,239.149795532227,6.0
InChI%3D1S%2FC17H17N2%2Fc1-18-16%2814-9-5-3-6-10-14%2913-17%2819%2818%292%2915-11-7-4-8-12-15%2Fh3-13H%2C1-2H3,0.20160000026226,5.8439998626709,30.2336006164551,10.0
InChI%3D1S%2FC7H9NO%2Fc1-9-7-4-2-6%288%293-5-7%2Fh2-5H%2C8H2%2C1H3,-0.801699995994568,1.32200002670288,11.5378999710083,8.0
InChI%3D1S%2FC9H9N3O2%2Fc1-14-9%2813%2912-8-10-6-4-2-3-5-7%286%2911-8%2Fh2-5H%2C1H3%2C%28H2%2C10%2C11%2C12%2C13%29,0.57150000333786,2.30100011825562,15.5243997573853,8.0
InChI%3D1S%2FC14H9Cl5O%2Fc15-11-5-1-9%282-6-11%2913%2820%2C14%2817%2C18%2919%2910-3-7-12%2816%298-4-10%2Fh1-8%2C20H,2.43160009384155,6.1100001335144,37.0377998352051,6.0
InChI%3D1S%2FC12H8Cl6O%2Fc13-8-9%2814%2911%2816%295-3-1-2%286-7%283%2919-6%294%285%2910%288%2C15%2912%2811%2C17%2918%2Fh2-7H%2C1H2,2.33809995651245,3.00500011444092,76.1249008178711,2.0
InChI%3D1S%2FC18H41N7%2Fc19-17%2820%2924-15-11-7-3-1-5-9-13-23-14-10-6-2-4-8-12-16-25-18%2821%2922%2Fh23H%2C1-16H2%2C%28H4%2C19%2C20%2C24%29%28H4%2C21%2C22%2C25%29,-4.76900005340576,4.17799997329712,79.4873962402344,4.0
InChI%3D1S%2FC42H71NO9%2Fc1-10-27-12-11-13-35%2852-38-17-16-34%2843%285%296%2925%284%2949-38%2924%283%2939%2845%2933-21-31-29%2832%2833%2922-37%2844%2951-27%2915-14-26-19-28%2820-30%2826%2931%2950-36-18-23%282%2940%2846-7%2942%2848-9%2941%2836%2947-8%2Fh23-36%2C38%2C40-42H%2C10-22H2%2C1-9H3,-2.57340002059937,5.63000011444092,182.957992553711,3.0
InChI%3D1S%2FC11H21NOS%2Fc1-3-12%2811%2813%2914-4-2%2910-8-6-5-7-9-10%2Fh10H%2C3-9H2%2C1-2H3,-0.310799986124039,2.97699999809265,53.1730003356934,3.0
InChI%3D1S%2FC12H14ClNO2%2Fc1-12%282%298-16-14%2811%2812%2915%297-9-5-3-4-6-10%289%2913%2Fh3-6H%2C7-8H2%2C1-2H3,0.892799973487854,2.45700001716614,37.7252998352051,6.0
InChI%3D1S%2FC24H38O4%2Fc1-5-9-13-19%287-3%2917-27-23%2825%2921-15-11-12-16-22%2821%2924%2826%2928-18-20%288-4%2914-10-6-2%2Fh11-12%2C15-16%2C19-20H%2C5-10%2C13-14%2C17-18H2%2C1-4H3,-1.78279995918274,9.04199981689453,77.5813980102539,12.0
InChI%3D1S%2FC11H12NO4PS2%2Fc1-15-17%2818%2C16-2%2919-7-12-10%2813%298-5-3-4-6-9%288%2911%2812%2914%2Fh3-6H%2C7H2%2C1-2H3,0.810400009155273,2.93300008773804,53.4532012939453,11.0
InChI%3D1S%2FC15H21ClN2O2%2Fc1-4-12-7-6-8-13%285-2%2915%2812%2918%2814%2820%299-16%2910-17-11%283%2919%2Fh6-8H%2C4-5%2C9-10H2%2C1-3H3%2C%28H%2C17%2C19%29,-0.654900014400482,4.04899978637695,56.5177993774414,9.0
InChI%3D1S%2FC10H17N2O4PS%2Fc1-5-8-11-9%2815-6-2%297-10%2812-8%2916-17%2818%2C13-3%2914-4%2Fh7H%2C5-6H2%2C1-4H3,0.966899991035461,3.13499999046326,50.8129005432129,12.0
InChI%3D1S%2FC26H22ClF3N2O3%2Fc1-16%282%2924%2832-22-12-11-18%2814-21%2822%2927%2926%2828%2C29%2930%2925%2833%2935-23%2815-31%2917-7-6-10-20%2813-17%2934-19-8-4-3-5-9-19%2Fh3-14%2C16%2C23-24%2C32H%2C1-2H3,1.47019994258881,8.22000026702881,50.3730010986328,13.0
InChI%3D1S%2FC9H9ClO3%2Fc1-6-4-7%2810%292-3-8%286%2913-5-9%2811%2912%2Fh2-4H%2C5H2%2C1H3%2C%28H%2C11%2C12%29,0.790600001811981,1.94200003147125,24.5181007385254,7.0
InChI%3D1S%2FC8H10%2Fc1-2-8-6-4-3-5-7-8%2Fh3-7H%2C2H2%2C1H3,0.30689999461174,4.9539999961853,10.3505001068115,6.0
InChI%3D1S%2FC6Cl5NO2%2Fc7-1-2%288%294%2810%296%2812%2813%2914%295%2811%293%281%299,3.67490005493164,3.16300010681152,30.9638004302979,9.0
InChI%3D1S%2FC19H23N3%2Fc1-14-6-8-18%2816%283%2910-14%2920-12-22%285%2913-21-19-9-7-15%282%2911-17%2819%294%2Fh6-13H%2C1-5H3,2.09060001373291,6.64300012588501,45.3070983886719,17.0
InChI%3D1S%2FC24H27N3O4%2Fc1-17-21%2822%2827%285%2926-17%2930-20-9-7-6-8-10-20%2915-25-29-16-18-11-13-19%2814-12-18%2923%2828%2931-24%282%2C3%294%2Fh6-15H%2C16H2%2C1-5H3,1.16670000553131,6.91499996185303,55.6208000183105,9.0
InChI%3D1S%2FC25H22ClNO3%2Fc1-17%282%2924%2818-11-13-20%2826%2914-12-18%2925%2828%2930-23%2816-27%2919-7-6-10-22%2815-19%2929-21-8-4-3-5-9-21%2Fh3-15%2C17%2C23-24H%2C1-2H3,0.804899990558624,7.78200006484985,40.937198638916,13.0
InChI%3D1S%2FC24H17N5O7%2Fc1-36-21-10-9-17%2829%2834%2935%2913-20%2821%2926-27-22-18-8-3-2-5-14%2818%2911-19%2823%2822%2930%2924%2831%2925-15-6-4-7-16%2812-15%2928%2832%2933%2Fh2-13%2C30H%2C1H3%2C%28H%2C25%2C31%29,-0.686900019645691,8.08500003814697,24.1284008026123,35.0
InChI%3D1S%2FC19H17ClN4%2Fc20-18-8-6-16%287-9-18%2910-11-19%2812-21%2C13-24-15-22-14-23-24%2917-4-2-1-3-5-17%2Fh1-9%2C14-15H%2C10-11%2C13H2,0.558799982070923,5.86899995803833,31.7756996154785,6.0
InChI%3D1S%2FC7H12ClN5%2Fc1-3-9-6-11-5%288%2912-7%2813-6%2910-4-2%2Fh3-4H2%2C1-2H3%2C%28H2%2C9%2C10%2C11%2C12%2C13%29,0.847299993038177,1.65799999237061,48.8867988586426,7.0
InChI%3D1S%2FC8H6Cl2O3%2Fc9-5-1-2-7%286%2810%293-5%2913-4-8%2811%2912%2Fh1-3H%2C4H2%2C%28H%2C11%2C12%29,0.892899990081787,1.92599999904633,24.6315994262695,7.0
InChI%3D1S%2FC18H24N2O6%2Fc1-3-5-6-7-8-9-11-14-12-15%2819%2822%2923%2918%2816%2813-14%2920%2824%2925%2926-17%2821%2910-4-2%2Fh4%2C10%2C12-13H%2C3%2C5-9%2C11H2%2C1-2H3,-0.998000025749207,7.4689998626709,56.2729988098145,17.0
InChI%3D1S%2FC31H42O2%2Fc1-24%2814-9-10-15-25%282%2918-12-19-28%285%2930%2832%2933-8%2916-11-17-26%283%2921-22-29-27%284%2920-13-23-31%2829%2C6%297%2Fh9-12%2C14-19%2C21-22H%2C13%2C20%2C23H2%2C1-8H3,7.00880002975464,9.92399978637695,151.312805175781,21.0
InChI%3D1S%2FC10H13ClO%2Fc1-10%282%2C3%297-4-5-9%2812%298%2811%296-7%2Fh4-6%2C12H%2C1-3H3,1.84019994735718,3.93499994277954,27.306999206543,7.0
InChI%3D1S%2FC11H18N4O2%2Fc1-7-8%282%2912-10%2814%283%294%2913-9%287%2917-11%2816%2915%285%296%2Fh1-6H3,1.41989994049072,1.23099994659424,45.7122001647949,11.0
InChI%3D1S%2FC5H10N2S2%2Fc1-6-3-7%282%295%288%299-4-6%2Fh3-4H2%2C1-2H3,1.60210001468658,0.778999984264374,45.986198425293,3.0
InChI%3D1S%2FC19H17ClN2O4%2Fc1-3-24-19%2823%2912%282%2925-14-5-7-15%288-6-14%2926-18-11-21-17-10-13%2820%294-9-16%2817%2922-18%2Fh4-12H%2C3H2%2C1-2H3,0.591899991035461,4.4980001449585,34.3574981689453,18.0
InChI%3D1S%2FC6H6Cl6%2Fc7-1-2%288%294%2810%296%2812%295%2811%293%281%299%2Fh1-6H,4.16340017318726,3.83400011062622,54.0810012817383,0.0
InChI%3D1S%2FC12H9Cl%2Fc13-12-8-4-7-11%289-12%2910-5-2-1-3-6-10%2Fh1-9H,0.744300007820129,6.33300018310547,5.61560010910034,12.0
InChI%3D1S%2FC10H12O5%2Fc1-2-3-15-10%2814%296-4-7%2811%299%2813%298%2812%295-6%2Fh4-5%2C11-13H%2C2-3H2%2C1H3,-1.69710004329681,1.10399997234344,27.507999420166,12.0
InChI%3D1S%2FC6H11N2O4PS3%2Fc1-10-5-7-8%286%289%2916-5%294-15-13%2814%2C11-2%2912-3%2Fh4H2%2C1-3H3,2.28909993171692,1.46399998664856,70.3099975585938,4.0