SMILES,day
InChI%3D1S%2FC13H12BrCl2N3O%2Fc14-9-4-13%2820-5-9%2C6-19-8-17-7-18-19%2911-2-1-10%2815%293-12%2811%2916%2Fh1-3%2C7-9H%2C4-6H2,0.811575005870593
InChI%3D1S%2FC12H14N2%2Fc1-13-7-3-11%284-8-13%2912-5-9-14%282%2910-6-12%2Fh3-10H%2C1-2H3,0.574031267727719
InChI%3D1S%2FC12H14N2%2Fc1-13-7-3-11%284-8-13%2912-5-9-14%282%2910-6-12%2Fh3-10H%2C1-2H3,0.406540180433955
InChI%3D1S%2FC14H9Cl5O%2Fc15-11-5-1-9%282-6-11%2913%2820%2C14%2817%2C18%2919%2910-3-7-12%2816%298-4-10%2Fh1-8%2C20H,1.30102999566398
InChI%3D1S%2FC14H9Cl5O%2Fc15-11-5-1-9%282-6-11%2913%2820%2C14%2817%2C18%2919%2910-3-7-12%2816%298-4-10%2Fh1-8%2C20H,0.397940008672038
InChI%3D1S%2FC20H22N4O6S%2Fc1-28-12-17%2825%2921-16-11-14%2831-13-7-5-4-6-8-13%299-10-15%2816%2922-18%2823-19%2826%2929-2%2924-20%2827%2930-3%2Fh4-11H%2C12H2%2C1-3H3%2C%28H%2C21%2C25%29%28H2%2C22%2C23%2C24%2C26%2C27%29,1.60205999132796
InChI%3D1S%2FC10H9Cl4NO2S%2Fc11-9%2812%2910%2813%2C14%2918-15-7%2816%295-3-1-2-4-6%285%298%2815%2917%2Fh1-2%2C5-6%2C9H%2C3-4H2,1.07918124604762
InChI%3D1S%2FC10H9Cl4NO2S%2Fc11-9%2812%2910%2813%2C14%2918-15-7%2816%295-3-1-2-4-6%285%298%2815%2917%2Fh1-2%2C5-6%2C9H%2C3-4H2,1.17609125905568
InChI%3D1S%2FC7H12ClN5%2Fc1-3-9-6-11-5%288%2912-7%2813-6%2910-4-2%2Fh3-4H2%2C1-2H3%2C%28H2%2C9%2C10%2C11%2C12%2C13%29,0.698970004336019
InChI%3D1S%2FC7H12ClN5%2Fc1-3-9-6-11-5%288%2912-7%2813-6%2910-4-2%2Fh3-4H2%2C1-2H3%2C%28H2%2C9%2C10%2C11%2C12%2C13%29,0.724275869600789
InChI%3D1S%2FC8H6Cl2O3%2Fc9-5-1-2-7%286%2810%293-5%2913-4-8%2811%2912%2Fh1-3H%2C4H2%2C%28H%2C11%2C12%29,0.698970004336019
InChI%3D1S%2FC15H12F3NO4S%2Fc1-24%2821%2C22%2912-6-9%2815%2816%2C17%2918%294-5-10%2812%2913%2820%2911-7-19-23-14%2811%298-2-3-8%2Fh4-8H%2C2-3H2%2C1H3,1.30102999566398
InChI%3D1S%2FC16H12ClF4N3O4%2Fc1-2-22%288-10-11%2817%294-3-5-12%2810%2918%2915-13%2823%2825%2926%296-9%2816%2819%2C20%2921%297-14%2815%2924%2827%2928%2Fh3-7H%2C2%2C8H2%2C1H3,1.69897000433602
InChI%3D1S%2FC10H12O%2Fc1-3-4-9-5-7-10%2811-2%298-6-9%2Fh3-8H%2C1-2H3,2.53655844257153
InChI%3D1S%2FC24H38O4%2Fc1-5-9-13-19%287-3%2917-27-23%2825%2921-15-11-12-16-22%2821%2924%2826%2928-18-20%288-4%2914-10-6-2%2Fh11-12%2C15-16%2C19-20H%2C5-10%2C13-14%2C17-18H2%2C1-4H3,2.30102999566398
InChI%3D1S%2FC15H11BrClF3N2O%2Fc1-2-23-8-22-13%289-3-5-10%2817%296-4-9%2911%287-21%2912%2816%2914%2822%2915%2818%2C19%2920%2Fh3-6H%2C2%2C8H2%2C1H3,1.13353890837022
InChI%3D1S%2FC2H3Cl3O2%2Fc3-2%284%2C5%291%286%297%2Fh1%2C6-7H,2.13033376849501
InChI%3D1S%2FC14H16ClN5O5S%2Fc1-9-16-12%2819-14%2817-9%2924-2%2918-13%2821%2920-26%2822%2C23%2911-6-4-3-5-10%2811%2925-8-7-15%2Fh3-6H%2C7-8H2%2C1-2H3%2C%28H2%2C16%2C17%2C18%2C19%2C20%2C21%29,2.34399906905716
InChI%3D1S%2FC19H22FN3O%2Fc20-17-8-6-16%287-9-17%2918%2824%294-3-11-22-12-14-23%2815-13-22%2919-5-1-2-10-21-19%2Fh1-2%2C5-10H%2C3-4%2C11-15H2,2.06069784035361
InChI%3D1S%2FC19H22FN3O%2Fc20-17-8-6-16%287-9-17%2918%2824%294-3-11-22-12-14-23%2815-13-22%2919-5-1-2-10-21-19%2Fh1-2%2C5-10H%2C3-4%2C11-15H2,1.47712125471966
InChI%3D1S%2FC10H14NO5PS%2Fc1-3-14-17%2818%2C15-4-2%2916-10-7-5-9%286-8-10%2911%2812%2913%2Fh5-8H%2C3-4H2%2C1-2H3,0.544068044350276
InChI%3D1S%2FC10H14NO5PS%2Fc1-3-14-17%2818%2C15-4-2%2916-10-7-5-9%286-8-10%2911%2812%2913%2Fh5-8H%2C3-4H2%2C1-2H3,-0.3767507096021
InChI%3D1S%2FC17H14ClF7O2%2Fc1-6-11%2819%2913%2821%297%2814%2822%2912%286%2920%295-27-15%2826%2910-8%2816%2810%2C2%293%294-9%2818%2917%2823%2C24%2925%2Fh4%2C8%2C10H%2C5H2%2C1-3H3,0.662757831681574
InChI%3D1S%2FC14H12FNO3%2Fc1-7-2-3-8-4-9%2815%295-10-12%288%2916%287%296-11%2813%2810%2917%2914%2818%2919%2Fh4-7H%2C2-3H2%2C1H3%2C%28H%2C18%2C19%29,2.60205999132796
InChI%3D1S%2FC13H15N3O3%2Fc1-7%282%2913%283%2912%2819%2915-10%2816-13%299-8%2811%2817%2918%295-4-6-14-9%2Fh4-7H%2C1-3H3%2C%28H%2C17%2C18%29%28H%2C15%2C16%2C19%29,2.69897000433602
InChI%3D1S%2FC9H7N3S%2Fc1-6-3-2-4-7-8%286%2912-5-10-11-9%2812%2913-7%2Fh2-5H%2C1H3,1.49136169383427
InChI%3D1S%2FC2H7O3P%2Fc1-4-6%283%295-2%2Fh6H%2C1-2H3,2.0
InChI%3D1S%2FC16H14Cl2O3%2Fc1-2-21-15%2819%2916%2820%2C11-3-7-13%2817%298-4-11%2912-5-9-14%2818%2910-6-12%2Fh3-10%2C20H%2C2H2%2C1H3,1.26481782300954
InChI%3D1S%2FC12H10O%2Fc13-12-9-5-4-8-11%2812%2910-6-2-1-3-7-10%2Fh1-9%2C13H,3.0
InChI%3D1S%2FC11H15NO2%2Fc1-7-5-10%2814-11%2813%2912-4%296-8%282%299%287%293%2Fh5-6H%2C1-4H3%2C%28H%2C12%2C13%29,1.0
InChI%3D1S%2FC9H16N4OS%2Fc1-9%282%2C3%296-11-12-8%2815-6%2913%285%297%2814%2910-4%2Fh1-5H3%2C%28H%2C10%2C14%29,1.60205999132796
InChI%3D1S%2FC11H15NO2S%2Fc1-7-5-9%2814-11%2813%2912-3%296-8%282%2910%287%2915-4%2Fh5-6H%2C1-4H3%2C%28H%2C12%2C13%29,0.968482948553935
InChI%3D1S%2FC22H28N2O3%2Fc1-14-11-15%282%2913-17%2812-14%2921%2826%2924%2822%284%2C5%296%2923-20%2825%2918-9-8-10-19%2827-7%2916%2818%293%2Fh8-13H%2C1-7H3%2C%28H%2C23%2C25%29,2.61384182187607
InChI%3D1S%2FC6H8N2O%2Fc7-4-1-2-6%289%295%288%293-4%2Fh1-3%2C9H%2C7-8H2,1.39794000867204
InChI%3D1S%2FC14H16ClN3O2%2Fc1-14%282%2C3%2912%2819%2913%2818-9-16-8-17-18%2920-11-6-4-10%2815%295-7-11%2Fh4-9%2C13H%2C1-3H3,1.39794000867204
InChI%3D1S%2FC14H16ClN3O2%2Fc1-14%282%2C3%2912%2819%2913%2818-9-16-8-17-18%2920-11-6-4-10%2815%295-7-11%2Fh4-9%2C13H%2C1-3H3,2.05690485133647
InChI%3D1S%2FC12H10Cl2F3NO%2Fc13-5-7-6-18%2811%2819%2910%287%2914%299-3-1-2-8%284-9%2912%2815%2C16%2917%2Fh1-4%2C7%2C10H%2C5-6H2,0.698970004336019
InChI%3D1S%2FC8H10N2O4S%2Fc1-14-8%2811%2910-15%2812%2C13%297-4-2-6%289%293-5-7%2Fh2-5H%2C9H2%2C1H3%2C%28H%2C10%2C11%29,2.25527250510331
InChI%3D1S%2FC17H9Cl3N4O2%2Fc18-10-3-1-9%282-4-10%2911%287-21%2915-12%2819%295-6-13%2816%2815%2920%2924-17%2826%2923-14%2825%298-22-24%2Fh1-6%2C8%2C11H%2C%28H%2C23%2C25%2C26%29,1.17609125905568
InChI%3D1S%2FC17H9Cl3N4O2%2Fc18-10-3-1-9%282-4-10%2911%287-21%2915-12%2819%295-6-13%2816%2815%2920%2924-17%2826%2923-14%2825%298-22-24%2Fh1-6%2C8%2C11H%2C%28H%2C23%2C25%2C26%29,1.36172783601759
InChI%3D1S%2FC5H5N3O%2Fc6-5%289%294-3-7-1-2-8-4%2Fh1-3H%2C%28H2%2C6%2C9%29,2.89707700320942
InChI%3D1S%2FC7H14NO5P%2Fc1-6%285-7%289%298-2%2913-14%2810%2C11-3%2912-4%2Fh5H%2C1-4H3%2C%28H%2C8%2C9%29,-0.346787486224656
InChI%3D1S%2FC4H6O2%2Fc1-3%282%294%285%296%2Fh1H2%2C2H3%2C%28H%2C5%2C6%29,2.39445168082622
InChI%3D1S%2FC22H18N2O4%2Fc1-22%2816-12-14-19%2815-13-16%2927-18-10-6-3-7-11-18%2920%2825%2924%2821%2826%2928-22%2923-17-8-4-2-5-9-17%2Fh2-15%2C23H%2C1H3,1.22530928172586
InChI%3D1S%2FC19H15ClF3NO7%2Fc1-3-29-17%2825%2910%282%2930-18%2826%2913-9-12%285-7-15%2813%2924%2827%2928%2931-16-8-11%2819%2821%2C22%2923%294-6-14%2816%2920%2Fh4-10H%2C3H2%2C1-2H3,1.69897000433602
InChI%3D1S%2FC10H19O6PS2%2Fc1-5-15-9%2811%297-8%2810%2812%2916-6-2%2919-17%2818%2C13-3%2914-4%2Fh8H%2C5-7H2%2C1-4H3,1.69897000433602
InChI%3D1S%2FC10H19O6PS2%2Fc1-5-15-9%2811%297-8%2810%2812%2916-6-2%2919-17%2818%2C13-3%2914-4%2Fh8H%2C5-7H2%2C1-4H3,2.55630250076729
InChI%3D1S%2FC22H17ClF3N3O7%2Fc1-33-18%2830%2921-10-12-9-13%2823%293-8-16%2812%2917%2821%2927-28%2811-35-21%2919%2831%2929%2820%2832%2934-2%2914-4-6-15%287-5-14%2936-22%2824%2C25%2926%2Fh3-9H%2C10-11H2%2C1-2H3,0.556302500767287
InChI%3D1S%2FC15H17N5O6S%2Fc1-9-16-13%2818-14%2817-9%2926-4%2920%282%2915%2822%2919-27%2823%2C24%2911-8-6-5-7-10%2811%2912%2821%2925-3%2Fh5-8H%2C1-4H3%2C%28H%2C19%2C22%29,1.09691001300806
InChI%3D1S%2FC11H14ClNO%2Fc1-9%282%2913%2811%2814%298-12%2910-6-4-3-5-7-10%2Fh3-7%2C9H%2C8H2%2C1-2H3,1.36172783601759
InChI%3D1S%2FC9H9ClO3%2Fc1-6-4-7%2810%292-3-8%286%2913-5-9%2811%2912%2Fh2-4H%2C5H2%2C1H3%2C%28H%2C11%2C12%29,0.602059991327962
InChI%3D1S%2FC6H9N3O3%2Fc1-5-7-4-6%289%2811%2912%298%285%292-3-10%2Fh4%2C10H%2C2-3H2%2C1H3,2.17609125905568
InChI%3D1S%2FC12H11N%2Fc1-3-7-11%288-4-1%2913-12-9-5-2-6-10-12%2Fh1-10%2C13H,1.49136169383427
InChI%3D1S%2FC12H11N%2Fc1-3-7-11%288-4-1%2913-12-9-5-2-6-10-12%2Fh1-10%2C13H,1.39794000867204
InChI%3D1S%2FC15H15F3N2O2%2Fc1-10%282%2914%2821%2C12-7-19-9-20-8-12%2911-3-5-13%286-4-11%2922-15%2816%2C17%2918%2Fh3-10%2C21H%2C1-2H3,1.08278537031645
InChI%3D1S%2FC19H15ClF3NO7%2Fc1-3-29-17%2825%2910%282%2930-18%2826%2913-9-12%285-6-15%2813%2924%2827%2928%2931-16-7-4-11%288-14%2816%2920%2919%2821%2C22%2923%2Fh4-10H%2C3H2%2C1-2H3,1.69897000433602
InChI%3D1S%2FC15H21ClN2O2%2Fc1-4-12-7-6-8-13%285-2%2915%2812%2918%2814%2820%299-16%2910-17-11%283%2919%2Fh6-8H%2C4-5%2C9-10H2%2C1-3H3%2C%28H%2C17%2C19%29,1.79588001734408
InChI%3D1S%2FC20H33NO%2Fc1-15%2812-21-13-16%282%2922-17%283%2914-21%2911-18-7-9-19%2810-8-18%2920%284%2C5%296%2Fh7-10%2C15-17H%2C11-14H2%2C1-6H3,0.230448921378274
InChI%3D1S%2FC9H13ClN6%2Fc1-4-12-7-13-6%2810%2914-8%2815-7%2916-9%282%2C3%295-11%2Fh4H2%2C1-3H3%2C%28H2%2C12%2C13%2C14%2C15%2C16%29,0.0969100130080564
InChI%3D1S%2FC8H19O2PS3%2Fc1-4-9-11%2812%2C10-5-2%2914-8-7-13-6-3%2Fh4-8H2%2C1-3H3,-1.0
InChI%3D1S%2FC8H19O2PS3%2Fc1-4-9-11%2812%2C10-5-2%2914-8-7-13-6-3%2Fh4-8H2%2C1-3H3,-1.39794000867204
InChI%3D1S%2FC8H19O2PS3%2Fc1-4-9-11%2812%2C10-5-2%2914-8-7-13-6-3%2Fh4-8H2%2C1-3H3,-0.657577319177794
InChI%3D1S%2FC22H28N2O2%2Fc1-7-17-8-10-18%2811-9-17%2920%2825%2923-24%2822%284%2C5%296%2921%2826%2919-13-15%282%2912-16%283%2914-19%2Fh8-14H%2C7H2%2C1-6H3%2C%28H%2C23%2C25%29,1.68124123737559
InChI%3D1S%2FC16H16N2O4%2Fc1-11-5-3-6-12%289-11%2918-16%2820%2922-14-8-4-7-13%2810-14%2917-15%2819%2921-2%2Fh3-10H%2C1-2H3%2C%28H%2C17%2C19%29%28H%2C18%2C20%29,1.39794000867204
InChI%3D1S%2FC18H34O6%2Fc1-2-3-4-5-6-7-8-9-10-11-16%2821%2923-13-15%2820%2918-17%2822%2914%2819%2912-24-18%2Fh14-15%2C17-20%2C22H%2C2-13H2%2C1H3,3.83777776955373
InChI%3D1S%2FC11H20N3O3PS%2Fc1-6-14%287-2%2911-12-9%283%298-10%2813-11%2917-18%2819%2C15-4%2916-5%2Fh8H%2C6-7H2%2C1-5H3,0.397940008672038
InChI%3D1S%2FC11H20N3O3PS%2Fc1-6-14%287-2%2911-12-9%283%298-10%2813-11%2917-18%2819%2C15-4%2916-5%2Fh8H%2C6-7H2%2C1-5H3,1.13987908640124
InChI%3D1S%2FC18H19NO4%2Fc1-13-8-4-7-11-16%2813%2923-12-14-9-5-6-10-15%2814%2917%2819-22-3%2918%2820%2921-2%2Fh4-11H%2C12H2%2C1-3H3,2.57403126772772
InChI%3D1S%2FC18H19NO4%2Fc1-13-8-4-7-11-16%2813%2923-12-14-9-5-6-10-15%2814%2917%2819-22-3%2918%2820%2921-2%2Fh4-11H%2C12H2%2C1-3H3,2.56820172406699
InChI%3D1S%2FC10H17N2O4PS%2Fc1-5-8-11-9%2815-6-2%297-10%2812-8%2916-17%2818%2C13-3%2914-4%2Fh7H%2C5-6H2%2C1-4H3,-0.346787486224656
InChI%3D1S%2FC9H20N2O2%2Fc1-4-8-13-9%2812%2910-6-5-7-11%282%293%2Fh4-8H2%2C1-3H3%2C%28H%2C10%2C12%29,2.83250891270624
InChI%3D1S%2FC10H14N2O5%2Fc13-4-3-11-9-2-1-8%2812%2815%2916%297-10%289%2917-6-5-14%2Fh1-2%2C7%2C11%2C13-14H%2C3-6H2,2.35983548233989
InChI%3D1S%2FC7H5NS2%2Fc9-7-8-5-3-1-2-4-6%285%2910-7%2Fh1-4H%2C%28H%2C8%2C9%29,2.8750612633917
InChI%3D1S%2FC9H6Cl6O3S%2Fc10-5-6%2811%298%2813%294-2-18-19%2816%2917-1-3%284%297%285%2C12%299%288%2C14%2915%2Fh3-4H%2C1-2H2,0.462397997898956
InChI%3D1S%2FC17H18N4O6S%2Fc1-10-7-11%282%2919-16%2818-10%2920-17%2823%2921-28%2824%2C25%2914-6-4-3-5-13%2814%2915%2822%2927-12-8-26-9-12%2Fh3-7%2C12H%2C8-9H2%2C1-2H3%2C%28H2%2C18%2C19%2C20%2C21%2C23%29,1.91907809237607
InChI%3D1S%2FC14H20N3O5PS%2Fc1-5-19-14%2818%2911-9-17-12%2815-10%2811%294%298-13%2816-17%2922-23%2824%2C20-6-2%2921-7-3%2Fh8-9H%2C5-7H2%2C1-4H3,0.602059991327962
InChI%3D1S%2FC7H14N2O2S%2Fc1-7%282%2C12-4%295-9-11-6%2810%298-3%2Fh5H%2C1-4H3%2C%28H%2C8%2C10%29,-1.0
InChI%3D1S%2FC10H16N4O2S%2Fc1-10%282%2C3%297-11-12-8%2817-7%2914-6%2815%295-13%284%299%2814%2916%2Fh6%2C15H%2C5H2%2C1-4H3,1.69897000433602
InChI%3D1S%2FBrHO3%2Fc2-1%283%294%2Fh%28H%2C2%2C3%2C4%29%2Fp-1,0.785329835010767
InChI%3D1S%2FC14H21N3O4%2Fc1-6-9%282%2915-13-11%2816%2818%2919%297-10%2814%283%2C4%295%298-12%2813%2917%2820%2921%2Fh7-9%2C15H%2C6H2%2C1-5H3,1.69897000433602
InChI%3D1S%2FC6H11N2O4PS3%2Fc1-10-5-7-8%286%289%2916-5%294-15-13%2814%2C11-2%2912-3%2Fh4H2%2C1-3H3,0.301029995663981
InChI%3D1S%2FC6H11N2O4PS3%2Fc1-10-5-7-8%286%289%2916-5%294-15-13%2814%2C11-2%2912-3%2Fh4H2%2C1-3H3,-0.0969100130080564
InChI%3D1S%2FC6H11N2O4PS3%2Fc1-10-5-7-8%286%289%2916-5%294-15-13%2814%2C11-2%2912-3%2Fh4H2%2C1-3H3,0.0969100130080564
InChI%3D1S%2FC6H11N2O4PS3%2Fc1-10-5-7-8%286%289%2916-5%294-15-13%2814%2C11-2%2912-3%2Fh4H2%2C1-3H3,0.204119982655925
InChI%3D1S%2FC8H11NO2%2Fc1-10-6-3-4-7%289%298%285-6%2911-2%2Fh3-5H%2C9H2%2C1-2H3,2.44090908206522
InChI%3D1S%2FC3H8O3%2Fc4-1-3%286%292-5%2Fh3-6H%2C1-2H2,3.83777776955373
InChI%3D1S%2FC12H9Cl%2Fc13-12-8-4-7-11%289-12%2910-5-2-1-3-6-10%2Fh1-9H,0.602059991327962
InChI%3D1S%2FC5H10N2S2%2Fc1-6-3-7%282%295%288%299-4-6%2Fh3-4H2%2C1-2H3,1.47712125471966
InChI%3D1S%2FC26H23F2NO4%2Fc1-17%282%2924%2818-11-13-21%2814-12-18%2932-26%2827%2928%2925%2830%2933-23%2816-29%2919-7-6-10-22%2815-19%2931-20-8-4-3-5-9-20%2Fh3-15%2C17%2C23-24%2C26H%2C1-2H3,0.778151250383644
InChI%3D1S%2FC19H21ClN2O%2Fc20-16-12-10-15%2811-13-16%2914-22%2818-8-4-5-9-18%2919%2823%2921-17-6-2-1-3-7-17%2Fh1-3%2C6-7%2C10-13%2C18H%2C4-5%2C8-9%2C14H2%2C%28H%2C21%2C23%29,1.39794000867204
InChI%3D1S%2FC23H22ClF3O2%2Fc1-14-16%2810-7-11-17%2814%2915-8-5-4-6-9-15%2913-29-21%2828%2920-18%2822%2820%2C2%293%2912-19%2824%2923%2825%2C26%2927%2Fh4-12%2C18%2C20H%2C13H2%2C1-3H3,0.698970004336019
InChI%3D1S%2FC23H22ClF3O2%2Fc1-14-16%2810-7-11-17%2814%2915-8-5-4-6-9-15%2913-29-21%2828%2920-18%2822%2820%2C2%293%2912-19%2824%2923%2825%2C26%2927%2Fh4-12%2C18%2C20H%2C13H2%2C1-3H3,0.698970004336019
InChI%3D1S%2FC23H22ClF3O2%2Fc1-14-16%2810-7-11-17%2814%2915-8-5-4-6-9-15%2913-29-21%2828%2920-18%2822%2820%2C2%293%2912-19%2824%2923%2825%2C26%2927%2Fh4-12%2C18%2C20H%2C13H2%2C1-3H3,0.903089986991944
InChI%3D1S%2FC10H5Cl2NO2%2Fc11-6-3-5-1-2-7%2812%298%2810%2814%2915%299%285%2913-4-6%2Fh1-4H%2C%28H%2C14%2C15%29,2.87909587950007
InChI%3D1S%2FC8H8Cl3O3PS%2Fc1-12-15%2816%2C13-2%2914-8-4-6%2810%295%289%293-7%288%2911%2Fh3-4H%2C1-2H3,1.69897000433602
InChI%3D1S%2FC10H13Cl2FN2O2S2%2Fc1-8-4-6-9%287-5-8%2915%2818-10%2811%2C12%2913%2919%2816%2C17%2914%282%293%2Fh4-7H%2C1-3H3,1.25527250510331
InChI%3D1S%2FC12H10%2Fc1-3-7-11%288-4-1%2912-9-5-2-6-10-12%2Fh1-10H,2.39794000867204
InChI%3D1S%2FC12H6Cl4O2S%2Fc13-7-1-3-8%284-2-7%2919%2817%2C18%2912-6-10%2815%299%2814%295-11%2812%2916%2Fh1-6H,2.36172783601759
InChI%3D1S%2FC2H4N4%2Fc3-2-4-1-5-6-2%2Fh1H%2C%28H3%2C3%2C4%2C5%2C6%29,0.397940008672038
InChI%3D1S%2FC2H4N4%2Fc3-2-4-1-5-6-2%2Fh1H%2C%28H3%2C3%2C4%2C5%2C6%29,0.698970004336019
InChI%3D1S%2FC20H23NO3%2Fc1-14-9-8-10-15%282%2919%2814%2921%2816%283%2920%2823%2924-4%2918%2822%2913-17-11-6-5-7-12-17%2Fh5-12%2C16H%2C13H2%2C1-4H3,1.66275783168157
InChI%3D1S%2FC16H23N3OS%2Fc1-12%282%2919-14%2817-16%283%2C4%295%2921-11-18%2815%2819%2920%2913-9-7-6-8-10-13%2Fh6-10%2C12H%2C11H2%2C1-5H3,0.939519252618618
InChI%3D1S%2FC10H19ClNO5P%2Fc1-6-12%287-2%2910%2813%299%2811%298%283%2917-18%2814%2C15-4%2916-5%2Fh6-7H2%2C1-5H3,1.0899051114394
InChI%3D1S%2FC10H19ClNO5P%2Fc1-6-12%287-2%2910%2813%299%2811%298%283%2917-18%2814%2C15-4%2916-5%2Fh6-7H2%2C1-5H3,0.176091259055681
InChI%3D1S%2FC7H6N2O4%2Fc1-5-2-3-6%288%2810%2911%294-7%285%299%2812%2913%2Fh2-4H%2C1H3,1.53147891704226
InChI%3D1S%2FC12H9Cl2NO3%2Fc1-3-12%282%2910%2816%2915%2811%2817%2918-12%299-5-7%2813%294-8%2814%296-9%2Fh3-6H%2C1H2%2C2H3,1.86272752831797
InChI%3D1S%2FC10H10O4%2Fc1-13-9%2811%297-5-3-4-6-8%287%2910%2812%2914-2%2Fh3-6H%2C1-2H3,3.30102999566398
InChI%3D1S%2FC19H25NO4%2Fc1-11%282%299-14-15%2819%2814%2C3%294%2918%2823%2924-10-20-16%2821%2912-7-5-6-8-13%2812%2917%2820%2922%2Fh9%2C14-15H%2C5-8%2C10H2%2C1-4H3,2.39794000867204
InChI%3D1S%2FC16H22O4%2Fc1-3-5-11-19-15%2817%2913-9-7-8-10-14%2813%2916%2818%2920-12-6-4-2%2Fh7-10H%2C3-6%2C11-12H2%2C1-2H3,2.77815125038364
InChI%3D1S%2FC9H12%2Fc1-8%282%299-6-4-3-5-7-9%2Fh3-8H%2C1-2H3,2.66464197555613
InChI%3D1S%2FC9H12%2Fc1-8%282%299-6-4-3-5-7-9%2Fh3-8H%2C1-2H3,2.51982799377572
InChI%3D1S%2FC14H17ClNO4PS2%2Fc1-3-19-21%2822%2C20-4-2%2923-12%289-15%2916-13%2817%2910-7-5-6-8-11%2810%2914%2816%2918%2Fh5-8%2C12H%2C3-4%2C9H2%2C1-2H3,0.397940008672038
InChI%3D1S%2FC6HCl5O%2Fc7-1-2%288%294%2810%296%2812%295%2811%293%281%299%2Fh12H,1.0
InChI%3D1S%2FC19H23ClN2O2S%2Fc1-2-3-4-5-6-10-13-25-19%2823%2924-16-14-17%2820%2921-22-18%2816%2915-11-8-7-9-12-15%2Fh7-9%2C11-12%2C14H%2C2-6%2C10%2C13H2%2C1H3,1.82930377283102
InChI%3D1S%2FC17H21NO2%2Fc1-4-18%285-2%2917%2819%2913%283%2920-16-12-8-10-14-9-6-7-11-15%2814%2916%2Fh6-13H%2C4-5H2%2C1-3H3,2.0
InChI%3D1S%2FC21H22ClNO4%2Fc1-25-19-8-5-16%2813-20%2819%2926-2%2918%2815-3-6-17%2822%297-4-15%2914-21%2824%2923-9-11-27-12-10-23%2Fh3-8%2C13-14H%2C9-12H2%2C1-2H3,1.66558099101795
InChI%3D1S%2FC15H22ClNO2%2Fc1-5-13-8-6-7-11%282%2915%2813%2917%2814%2818%299-16%2912%283%2910-19-4%2Fh6-8%2C12H%2C5%2C9-10H2%2C1-4H3,2.17609125905568
InChI%3D1S%2FC4H7Br2Cl2O4P%2Fc1-10-13%289%2C11-2%2912-3%285%294%286%2C7%298%2Fh3H%2C1-2H3,0.301029995663981
InChI%3D1S%2FC22H18Cl2FNO3%2Fc1-22%282%2915%2811-19%2823%2924%2920%2822%2921%2827%2929-18%2812-26%2913-8-9-16%2825%2917%2810-13%2928-14-6-4-3-5-7-14%2Fh3-11%2C15%2C18%2C20H%2C1-2H3,1.09691001300806
InChI%3D1S%2FC22H18Cl2FNO3%2Fc1-22%282%2915%2811-19%2823%2924%2920%2822%2921%2827%2929-18%2812-26%2913-8-9-16%2825%2917%2810-13%2928-14-6-4-3-5-7-14%2Fh3-11%2C15%2C18%2C20H%2C1-2H3,0.8750612633917
InChI%3D1S%2FC22H18Cl2FNO3%2Fc1-22%282%2915%2811-19%2823%2924%2920%2822%2921%2827%2929-18%2812-26%2913-8-9-16%2825%2917%2810-13%2928-14-6-4-3-5-7-14%2Fh3-11%2C15%2C18%2C20H%2C1-2H3,0.778151250383644
InChI%3D1S%2FC22H18Cl2FNO3%2Fc1-22%282%2915%2811-19%2823%2924%2920%2822%2921%2827%2929-18%2812-26%2913-8-9-16%2825%2917%2810-13%2928-14-6-4-3-5-7-14%2Fh3-11%2C15%2C18%2C20H%2C1-2H3,1.07918124604762
InChI%3D1S%2FC13H13Cl2N3O3%2Fc1-7%282%2916-12%2820%2917-6-11%2819%2918%2813%2817%2921%2910-4-8%2814%293-9%2815%295-10%2Fh3-5%2C7H%2C6H2%2C1-2H3%2C%28H%2C16%2C20%29,1.66275783168157
InChI%3D1S%2FC12H21N2O3PS%2Fc1-6-15-18%2819%2C16-7-2%2917-11-8-10%285%2913-12%2814-11%299%283%294%2Fh8-9H%2C6-7H2%2C1-5H3,0.176091259055681
InChI%3D1S%2FC12H21N2O3PS%2Fc1-6-15-18%2819%2C16-7-2%2917-11-8-10%285%2913-12%2814-11%299%283%294%2Fh8-9H%2C6-7H2%2C1-5H3,0.763427993562937
InChI%3D1S%2FC10H15OPS2%2Fc1-3-11-12%2813%2C4-2%2914-10-8-6-5-7-9-10%2Fh5-9H%2C3-4H2%2C1-2H3,0.198657086954423
InChI%3D1S%2FC10H15OPS2%2Fc1-3-11-12%2813%2C4-2%2914-10-8-6-5-7-9-10%2Fh5-9H%2C3-4H2%2C1-2H3,0.698970004336019
InChI%3D1S%2FC12H13NO2S%2Fc1-9-11%2816-8-7-15-9%2912%2814%2913-10-5-3-2-4-6-10%2Fh2-6H%2C7-8H2%2C1H3%2C%28H%2C13%2C14%29,1.47712125471966
InChI%3D1S%2FC19H22FN3O3%2Fc1-2-21-5-7-22%288-6-21%2917-10-16-13%289-15%2817%2920%2918%2824%2914%2819%2825%2926%2911-23%2816%2912-3-4-12%2Fh9-12H%2C2-8H2%2C1H3%2C%28H%2C25%2C26%29,1.41497334797082
InChI%3D1S%2FC12H12N2%2Fc1-3-7-13-9-10-14-8-4-2-6-12%2814%2911%2813%295-1%2Fh1-8H%2C9-10H2,-0.236572006437063
InChI%3D1S%2FC12H12N2%2Fc1-3-7-13-9-10-14-8-4-2-6-12%2814%2911%2813%295-1%2Fh1-8H%2C9-10H2,-0.244125144327509
InChI%3D1S%2FC17H16Br2O3%2Fc1-11%282%2922-16%2820%2917%2821%2C12-3-7-14%2818%298-4-12%2913-5-9-15%2819%2910-6-13%2Fh3-11%2C21H%2C1-2H3,1.41497334797082
InChI%3D1S%2FC7H13O6P%2Fc1-6%285-7%288%2910-2%2913-14%289%2C11-3%2912-4%2Fh5H%2C1-4H3,-0.455931955649724
InChI%3D1S%2FC15H31N3O2%2Fc1-14%2819%2920-13-11-9-7-5-3-2-4-6-8-10-12-18-15%2816%2917%2Fh2-13H2%2C1H3%2C%28H4%2C16%2C17%2C18%29,1.46239799789896
InChI%3D1S%2FC19H24O3%2Fc1-7-8-13-12%284%2916%2810-15%2813%2920%2922-18%2821%2917-14%289-11%282%293%2919%2817%2C5%296%2Fh1%2C9%2C14%2C16-17H%2C8%2C10H2%2C2-6H3,1.97772360528885
InChI%3D1S%2FC19H20F3NO4%2Fc1-3-4-11-25-18%2824%2913%282%2926-15-6-8-16%289-7-15%2927-17-10-5-14%2812-23-17%2919%2820%2C21%2922%2Fh5-10%2C12-13H%2C3-4%2C11H2%2C1-2H3,0.477121254719662
InChI%3D1S%2FC15H15ClN4O6S%2Fc1-3-26-13%2821%299-6-4-5-7-10%289%2927%2823%2C24%2920-15%2822%2919-14-17-11%2816%298-12%2818-14%2925-2%2Fh4-8H%2C3H2%2C1-2H3%2C%28H2%2C17%2C18%2C19%2C20%2C22%29,2.09691001300806
InChI%3D1S%2FC14H15N5O6S%2Fc1-8-15-12%2818-14%2816-8%2925-3%2917-13%2821%2919-26%2822%2C23%2910-7-5-4-6-9%2810%2911%2820%2924-2%2Fh4-7H%2C1-3H3%2C%28H2%2C15%2C16%2C17%2C18%2C19%2C21%29,2.39794000867204
InChI%3D1S%2FC12H14N2%2Fc13-8-9-14-12-7-3-5-10-4-1-2-6-11%2810%2912%2Fh1-7%2C14H%2C8-9%2C13H2,1.89762709129044
InChI%3D1S%2FC19H14F3NO%2Fc1-23-11-16%2813-6-3-2-4-7-13%2918%2824%2917%2812-23%2914-8-5-9-15%2810-14%2919%2820%2C21%2922%2Fh2-12H%2C1H3,1.39794000867204
InChI%3D1S%2FC19H14F3NO%2Fc1-23-11-16%2813-6-3-2-4-7-13%2918%2824%2917%2812-23%2914-8-5-9-15%2810-14%2919%2820%2C21%2922%2Fh2-12H%2C1H3,1.51188336097887
InChI%3D1S%2FC15H11ClF3NO4%2Fc1-2-23-14-8-10%284-5-12%2814%2920%2821%2922%2924-13-6-3-9%287-11%2813%2916%2915%2817%2C18%2919%2Fh3-8H%2C2H2%2C1H3,1.60205999132796
InChI%3D1S%2FC15H11ClF3NO4%2Fc1-2-23-14-8-10%284-5-12%2814%2920%2821%2922%2924-13-6-3-9%287-11%2813%2916%2915%2817%2C18%2919%2Fh3-8H%2C2H2%2C1H3,1.0
InChI%3D1S%2FC7H4Cl3NO3%2Fc8-3-1-4%289%297%2811-6%283%2910%2914-2-5%2812%2913%2Fh1H%2C2H2%2C%28H%2C12%2C13%29,1.55630250076729
InChI%3D1S%2FC6H8O6%2Fc7-1-2%288%295-3%289%294%2810%296%2811%2912-5%2Fh2%2C5%2C7-10H%2C1H2,3.48444220764241
InChI%3D1S%2FC6H8O6%2Fc7-1-2%288%295-3%289%294%2810%296%2811%2912-5%2Fh2%2C5%2C7-10H%2C1H2,3.1914510144649
InChI%3D1S%2FC7H7NO2%2Fc8-6-4-2-1-3-5%286%297%289%2910%2Fh1-4H%2C8H2%2C%28H%2C9%2C10%29,3.43949059038968
InChI%3D1S%2FC14H16F3N3O4%2Fc1-2-5-18%288-9-3-4-9%2913-11%2819%2821%2922%296-10%2814%2815%2C16%2917%297-12%2813%2920%2823%2924%2Fh6-7%2C9H%2C2-5%2C8H2%2C1H3,0.698970004336019
InChI%3D1S%2FC7H5Cl2FN2O3%2Fc8-3-5%2811%294%289%297%2812-6%283%2910%2915-1-2%2813%2914%2Fh1H2%2C%28H2%2C11%2C12%29%28H%2C13%2C14%29,2.69897000433602
InChI%3D1S%2FC6H6ClN%2Fc7-5-1-3-6%288%294-2-5%2Fh1-4H%2C8H2,0.778151250383644
InChI%3D1S%2FC6H6ClN%2Fc7-5-1-3-6%288%294-2-5%2Fh1-4H%2C8H2,1.09691001300806
InChI%3D1S%2FC2I4%2Fc3-1%284%292%285%296,1.69897000433602
InChI%3D1S%2FC12H14O3%2Fc1-3-14-11%2813%2910-12%282%2C15-10%299-7-5-4-6-8-9%2Fh4-8%2C10H%2C3H2%2C1-2H3,2.24303804868629
InChI%3D1S%2FC22H24N2O8%2Fc1-21%2831%298-5-4-6-11%2825%2912%288%2916%2826%2913-9%2821%297-10-15%2824%282%293%2917%2827%2914%2820%2823%2930%2919%2829%2922%2810%2C32%2918%2813%2928%2Fh4-6%2C9-10%2C15%2C25-26%2C30-32H%2C7%2C23H2%2C1-3H3,2.17609125905568
InChI%3D1S%2FC2H7O3P%2Fc1-2-5-6%283%294%2Fh6H%2C2H2%2C1H3%2C%28H%2C3%2C4%29,2.60205999132796
InChI%3D1S%2FC9H19NOS%2Fc1-4-7-10%288-5-2%299%2811%2912-6-3%2Fh4-8H2%2C1-3H3,0.954242509439325
InChI%3D1S%2FC9H19NOS%2Fc1-4-7-10%288-5-2%299%2811%2912-6-3%2Fh4-8H2%2C1-3H3,1.39794000867204
InChI%3D1S%2FC13H16F3N3O4%2Fc1-7%282%2917%288%283%294%2912-10%2818%2820%2921%295-9%2813%2814%2C15%2916%296-11%2812%2919%2822%2923%2Fh5-8H%2C1-4H3,1.60205999132796
InChI%3D1S%2FC13H16F3N3O4%2Fc1-7%282%2917%288%283%294%2912-10%2818%2820%2921%295-9%2813%2814%2C15%2916%296-11%2812%2919%2822%2923%2Fh5-8H%2C1-4H3,3.0
InChI%3D1S%2FC14H9Cl5%2Fc15-11-5-1-9%282-6-11%2913%2814%2817%2C18%2919%2910-3-7-12%2816%298-4-10%2Fh1-8%2C13H,1.50514997831991
InChI%3D1S%2FC14H9Cl5%2Fc15-11-5-1-9%282-6-11%2913%2814%2817%2C18%2919%2910-3-7-12%2816%298-4-10%2Fh1-8%2C13H,-0.602059991327962
InChI%3D1S%2FC10H12N2O3S%2Fc1-7%282%2912-10%2813%298-5-3-4-6-9%288%2911-16%2812%2C14%2915%2Fh3-7%2C11H%2C1-2H3,1.60205999132796
InChI%3D1S%2FC10H12N2O3S%2Fc1-7%282%2912-10%2813%298-5-3-4-6-9%288%2911-16%2812%2C14%2915%2Fh3-7%2C11H%2C1-2H3,1.54406804435028
InChI%3D1S%2FC23H26O3%2Fc1-16%282%2913-20-21%2823%2820%2C3%294%2922%2824%2925-15-17-9-8-12-19%2814-17%2926-18-10-6-5-7-11-18%2Fh5-14%2C20-21H%2C15H2%2C1-4H3,2.17609125905568
InChI%3D1S%2FC9H9N3O2%2Fc1-14-9%2813%2912-8-10-6-4-2-3-5-7%286%2911-8%2Fh2-5H%2C1H3%2C%28H2%2C10%2C11%2C12%2C13%29,1.8750612633917
InChI%3D1S%2FC12H12ClN5O4S%2Fc1-7-14-10%2817-12%2815-7%2922-2%2916-11%2819%2918-23%2820%2C21%299-6-4-3-5-8%289%2913%2Fh3-6H%2C1-2H3%2C%28H2%2C14%2C15%2C16%2C17%2C18%2C19%29,1.39794000867204
InChI%3D1S%2FC10H12O3%2Fc1-2-7-13-10%2812%298-3-5-9%2811%296-4-8%2Fh3-6%2C11H%2C2%2C7H2%2C1H3,3.17609125905568
InChI%3D1S%2FCCl3F%2Fc2-1%283%2C4%295,2.54282542695918
InChI%3D1S%2FC10H11F3N2O%2Fc1-15%282%299%2816%2914-8-5-3-4-7%286-8%2910%2811%2C12%2913%2Fh3-6H%2C1-2H3%2C%28H%2C14%2C16%29,1.17609125905568
InChI%3D1S%2FC8H19O2PS2%2Fc1-4-7-12-11%289%2C10-6-3%2913-8-5-2%2Fh4-8H2%2C1-3H3,0.431363764158987
InChI%3D1S%2FC12H6F2N2O2%2Fc13-12%2814%2917-10-3-1-2-8%2811%2810%2918-12%299-6-16-5-7%289%294-15%2Fh1-3%2C5-6%2C16H,2.04139268515822
InChI%3D1S%2FC4H10NO3PS%2Fc1-4%286%295-9%287%2C8-2%2910-3%2Fh1-3H3%2C%28H%2C5%2C6%2C7%29,1.54406804435028
InChI%3D1S%2FC4H10NO3PS%2Fc1-4%286%295-9%287%2C8-2%2910-3%2Fh1-3H3%2C%28H%2C5%2C6%2C7%29,0.397940008672038
InChI%3D1S%2FC14H7ClF3NO5%2Fc15-10-5-7%2814%2816%2C17%2918%291-4-12%2810%2924-8-2-3-11%2819%2822%2923%299%286-8%2913%2820%2921%2Fh1-6H%2C%28H%2C20%2C21%29,2.09691001300806
InChI%3D1S%2FC12H11NO2%2Fc1-13-12%2814%2915-11-8-4-6-9-5-2-3-7-10%289%2911%2Fh2-8H%2C1H3%2C%28H%2C13%2C14%29,1.19312459835446
InChI%3D1S%2FC12H11NO2%2Fc1-13-12%2814%2915-11-8-4-6-9-5-2-3-7-10%289%2911%2Fh2-8H%2C1H3%2C%28H%2C13%2C14%29,1.77815125038364
InChI%3D1S%2FC6H5Cl%2Fc7-6-4-2-1-3-5-6%2Fh1-5H,2.07918124604762
InChI%3D1S%2FC24H40O3%2Fc1-15%284-9-22%2826%2927%2919-7-8-20-18-6-5-16-14-17%2825%2910-12-23%2816%2C2%2921%2818%2911-13-24%2819%2C20%293%2Fh15-21%2C25H%2C4-14H2%2C1-3H3%2C%28H%2C26%2C27%29,2.69897000433602
InChI%3D1S%2FC19H18ClN3O4%2Fc1-25-19%2824%2923%2826-2%2917-6-4-3-5-14%2817%2913-27-18-11-12-22%2821-18%2916-9-7-15%2820%298-10-16%2Fh3-12H%2C13H2%2C1-2H3,0.954242509439325
InChI%3D1S%2FC4H8Cl3O4P%2Fc1-10-12%289%2C11-2%293%288%294%285%2C6%297%2Fh3%2C8H%2C1-2H3,1.30102999566398
InChI%3D1S%2FC14H18N4O3%2Fc1-3-4-9-15-13%2819%2918-11-8-6-5-7-10%2811%2916-12%2818%2917-14%2820%2921-2%2Fh5-8H%2C3-4%2C9H2%2C1-2H3%2C%28H%2C15%2C19%29%28H%2C16%2C17%2C20%29,2.06069784035361
InChI%3D1S%2FC14H18N4O3%2Fc1-3-4-9-15-13%2819%2918-11-8-6-5-7-10%2811%2916-12%2818%2917-14%2820%2921-2%2Fh5-8H%2C3-4%2C9H2%2C1-2H3%2C%28H%2C15%2C19%29%28H%2C16%2C17%2C20%29,2.39794000867204
InChI%3D1S%2FC12H13ClF3N3O4%2Fc1-2-4-17%285-3-13%2911-9%2818%2820%2921%296-8%2812%2814%2C15%2916%297-10%2811%2919%2822%2923%2Fh6-7H%2C2-5H2%2C1H3,2.30621050816776
InChI%3D1S%2FC9H13N%2Fc1-6-4-8%283%299%2810%295-7%286%292%2Fh4-5H%2C10H2%2C1-3H3,1.79934054945358
InChI%3D1S%2FCCl2F2%2Fc2-1%283%2C4%295,2.17609125905568
InChI%3D1S%2FC17H12Cl2N2O%2Fc18-14-7-5-12%286-8-14%2917%2822%2C13-9-20-11-21-10-13%2915-3-1-2-4-16%2815%2919%2Fh1-11%2C22H,0.361727836017593
InChI%3D1S%2FC12H14ClNO2%2Fc1-12%282%298-16-14%2811%2812%2915%297-9-5-3-4-6-10%289%2913%2Fh3-6H%2C7-8H2%2C1-2H3,1.33243845991561
InChI%3D1S%2FC19H20FN3O3%2Fc1-21-7-12-4-11%2821%298-22%2812%2917-6-16-13%285-15%2817%2920%2918%2824%2914%2819%2825%2926%299-23%2816%2910-2-3-10%2Fh5-6%2C9-12H%2C2-4%2C7-8H2%2C1H3%2C%28H%2C25%2C26%29,1.69897000433602
InChI%3D1S%2FC17H17N2%2Fc1-18-16%2814-9-5-3-6-10-14%2913-17%2819%2818%292%2915-11-7-4-8-12-15%2Fh3-13H%2C1-2H3,2.09691001300806
InChI%3D1S%2FC10H12O5%2Fc1-2-3-15-10%2814%296-4-7%2811%299%2813%298%2812%295-6%2Fh4-5%2C11-13H%2C2-3H2%2C1H3,2.93651374247889
InChI%3D1S%2FC8H10NO5PS%2Fc1-12-15%2816%2C13-2%2914-8-5-3-7%284-6-8%299%2810%2911%2Fh3-6H%2C1-2H3,-0.602059991327962
InChI%3D1S%2FC16H13ClF3NO4%2Fc1-9%2815%2822%2923-2%2924-11-3-5-12%286-4-11%2925-14-13%2817%297-10%288-21-14%2916%2818%2C19%2920%2Fh3-9H%2C1-2H3,0.0
InChI%3D1S%2FC10H6Cl4O4%2Fc1-17-9%2815%293-5%2811%297%2813%294%2810%2816%2918-2%298%2814%296%283%2912%2Fh1-2H3,2.69897000433602
InChI%3D1S%2FC10H6Cl4O4%2Fc1-17-9%2815%293-5%2811%297%2813%294%2810%2816%2918-2%298%2814%296%283%2912%2Fh1-2H3,1.0
InChI%3D1S%2FC8H11NO2%2Fc9-5-8%2811%296-1-3-7%2810%294-2-6%2Fh1-4%2C8%2C10-11H%2C5%2C9H2,2.39794000867204
InChI%3D1S%2FC15H14O2%2Fc1-2-6-12%287-3-1%2914-8-4-5-9-15%2814%2917-11-13-10-16-13%2Fh1-9%2C13H%2C10-11H2,2.69897000433602
InChI%3D1S%2FC7H8N2O2%2Fc1-5-2-3-6%289%2810%2911%294-7%285%298%2Fh2-4H%2C8H2%2C1H3,0.903089986991944
InChI%3D1S%2FC12H15ClNO4PS2%2Fc1-3-16-19%2820%2C17-4-2%2921-8-14-10-6-5-9%2813%297-11%2810%2918-12%2814%2915%2Fh5-7H%2C3-4%2C8H2%2C1-2H3,0.301029995663981
InChI%3D1S%2FC8H8O3%2Fc1-11-8%2810%296-2-4-7%289%295-3-6%2Fh2-5%2C9H%2C1H3,3.17609125905568
InChI%3D1S%2FC15H24NO4PS%2Fc1-6-18-21%2822%2C16-11%282%293%2920-14-10-8-7-9-13%2814%2915%2817%2919-12%284%295%2Fh7-12H%2C6H2%2C1-5H3%2C%28H%2C16%2C22%29,-0.301029995663981
InChI%3D1S%2FC11H18N4O2%2Fc1-7-8%282%2912-10%2814%283%294%2913-9%287%2917-11%2816%2915%285%296%2Fh1-6H3,1.09691001300806
InChI%3D1S%2FC11H18N4O2%2Fc1-7-8%282%2912-10%2814%283%294%2913-9%287%2917-11%2816%2915%285%296%2Fh1-6H3,1.0899051114394
InChI%3D1S%2FC24H46O6%2Fc1-2-3-4-5-6-7-8-9-10-11-12-13-14-15-16-17-22%2827%2929-19-21%2826%2924-23%2828%2920%2825%2918-30-24%2Fh20-21%2C23-26%2C28H%2C2-19H2%2C1H3,3.85751341477669
InChI%3D1S%2FC5H7N3O2%2Fc1-4-6-3-5%287%284%292%298%289%2910%2Fh3H%2C1-2H3,1.17609125905568
InChI%3D1S%2FC9H13BrN2O2%2Fc1-4-5%282%2912-8%2813%297%2810%296%283%2911-9%2812%2914%2Fh5H%2C4H2%2C1-3H3%2C%28H%2C11%2C14%29,1.79588001734408
InChI%3D1S%2FC22H19Br4NO3%2Fc1-21%282%2917%2819%2823%2922%2824%2C25%2926%2918%2821%2920%2828%2930-16%2812-27%2913-7-6-10-15%2811-13%2929-14-8-4-3-5-9-14%2Fh3-11%2C16-19H%2C1-2H3,0.477121254719662
InChI%3D1S%2FC9H10ClN5O2%2Fc10-8-2-1-7%285-12-8%296-14-4-3-11-9%2814%2913-15%2816%2917%2Fh1-2%2C5H%2C3-4%2C6H2%2C%28H%2C11%2C13%29,1.23044892137827
InChI%3D1S%2FC10HCl11%2Fc11-2-1-3%2812%295%2814%294%281%2C13%2910%2820%2C21%297%282%2C16%298%285%2C17%296%282%2C15%299%283%2C18%2919%2Fh1H,-2.0
InChI%3D1S%2FC12H16N3O3PS%2Fc1-3-16-19%2820%2C17-4-2%2918-12-13-10-15%2814-12%2911-8-6-5-7-9-11%2Fh5-10H%2C3-4H2%2C1-2H3,0.113943352306837
InChI%3D1S%2FC8Cl4N2%2Fc9-5-3%281-13%296%2810%298%2812%297%2811%294%285%292-14,0.602059991327962
InChI%3D1S%2FC9H18N2O2S%2Fc1-9%282%2C3%297%286-14-5%2911-13-8%2812%2910-4%2Fh6H2%2C1-5H3%2C%28H%2C10%2C12%29,0.778151250383644
InChI%3D1S%2FC16H15F2N3Si%2Fc1-22%2812-21-11-19-10-20-21%2C15-6-2-13%2817%293-7-15%2916-8-4-14%2818%295-9-16%2Fh2-11H%2C12H2%2C1H3,0.301029995663981
InChI%3D1S%2FC10H6Cl8%2Fc11-3-1-2-4%285%283%2912%299%2816%297%2814%296%2813%298%282%2C15%2910%289%2C17%2918%2Fh2-5H%2C1H2,-0.568636235841013
InChI%3D1S%2FC10H6Cl8%2Fc11-3-1-2-4%285%283%2912%299%2816%297%2814%296%2813%298%282%2C15%2910%289%2C17%2918%2Fh2-5H%2C1H2,-0.301029995663981
InChI%3D1S%2FC10H6Cl8%2Fc11-3-1-2-4%285%283%2912%299%2816%297%2814%296%2813%298%282%2C15%2910%289%2C17%2918%2Fh2-5H%2C1H2,0.778151250383644
InChI%3D1S%2FC10H6Cl8%2Fc11-3-1-2-4%285%283%2912%299%2816%297%2814%296%2813%298%282%2C15%2910%289%2C17%2918%2Fh2-5H%2C1H2,-0.602059991327962
InChI%3D1S%2FC9H4Cl3NO2S%2Fc10-9%2811%2C12%2916-13-7%2814%295-3-1-2-4-6%285%298%2813%2915%2Fh1-4H,2.69897000433602
InChI%3D1S%2FC9H4Cl3NO2S%2Fc10-9%2811%2C12%2916-13-7%2814%295-3-1-2-4-6%285%298%2813%2915%2Fh1-4H,1.60205999132796
InChI%3D1S%2FC9H4Cl3NO2S%2Fc10-9%2811%2C12%2916-13-7%2814%295-3-1-2-4-6%285%298%2813%2915%2Fh1-4H,1.69897000433602
InChI%3D1S%2FC6H10O%2Fc7-6-4-2-1-3-5-6%2Fh1-5H2,2.95904139232109
InChI%3D1S%2FC17H12ClFN2O%2Fc18-16-4-2-1-3-15%2816%2917%2822%2C13-9-20-11-21-10-13%2912-5-7-14%2819%298-6-12%2Fh1-11%2C22H,0.397940008672038
InChI%3D1S%2FC15H16Cl3N3O2%2Fc1-2-4-20%2815%2822%2921-5-3-19-10-21%296-7-23-14-12%2817%298-11%2816%299-13%2814%2918%2Fh3%2C5%2C8-10H%2C2%2C4%2C6-7H2%2C1H3,0.8750612633917
InChI%3D1S%2FC15H16Cl3N3O2%2Fc1-2-4-20%2815%2822%2921-5-3-19-10-21%296-7-23-14-12%2817%298-11%2816%299-13%2814%2918%2Fh3%2C5%2C8-10H%2C2%2C4%2C6-7H2%2C1H3,0.707570176097936
InChI%3D1S%2FC22H17N3O5%2Fc1-27-13-17%2822%2826%2928-2%2916-8-4-6-10-19%2816%2930-21-11-20%2824-14-25-21%2929-18-9-5-3-7-15%2818%2912-23%2Fh3-11%2C13-14H%2C1-2H3,1.79413935576777
InChI%3D1S%2FC15H17Cl2N3O%2Fc1-15%282%2C3%2914%2821%2913%2820-9-18-8-19-20%296-10-4-5-11%2816%297-12%2810%2917%2Fh4-9%2C14%2C21H%2C1-3H3,1.69897000433602
InChI%3D1S%2FC6H3Cl3N2O2%2Fc7-1-3%2810%292%288%295%289%2911-4%281%296%2812%2913%2Fh%28H2%2C10%2C11%29%28H%2C12%2C13%29,1.77815125038364
InChI%3D1S%2FC9H8Cl3NO2S%2Fc10-9%2811%2C12%2916-13-7%2814%295-3-1-2-4-6%285%298%2813%2915%2Fh1-2%2C5-6H%2C3-4H2,2.0
InChI%3D1S%2FC21H28O2%2Fc1-13%282%2917-11-15%287-9-19%2817%2922%2921%285%2C6%2916-8-10-20%2823%2918%2812-16%2914%283%294%2Fh7-14%2C22-23H%2C1-6H3,1.39794000867204
InChI%3D1S%2FC24H17N5O7%2Fc1-36-21-10-9-17%2829%2834%2935%2913-20%2821%2926-27-22-18-8-3-2-5-14%2818%2911-19%2823%2822%2930%2924%2831%2925-15-6-4-7-16%2812-15%2928%2832%2933%2Fh2-13%2C30H%2C1H3%2C%28H%2C25%2C31%29,3.32221929473392
InChI%3D1S%2FC14H17Cl2N3O%2Fc1-2-3-6-14%2820%2C8-19-10-17-9-18-19%2912-5-4-11%2815%297-13%2812%2916%2Fh4-5%2C7%2C9-10%2C20H%2C2-3%2C6%2C8H2%2C1H3,0.672097857935718
InChI%3D1S%2FC10H13ClO%2Fc1-10%282%2C3%297-4-5-9%2812%298%2811%296-7%2Fh4-6%2C12H%2C1-3H3,2.33445375115093
InChI%3D1S%2FC12H14O4%2Fc1-3-15-11%2813%299-7-5-6-8-10%289%2912%2814%2916-4-2%2Fh5-8H%2C3-4H2%2C1-2H3,3.64689362416774
InChI%3D1S%2FC8H5Cl3O3%2Fc9-4-1-6%2811%297%282-5%284%2910%2914-3-8%2812%2913%2Fh1-2H%2C3H2%2C%28H%2C12%2C13%29,1.0
InChI%3D1S%2FC5H13ClN%2Fc1-7%282%2C3%295-4-6%2Fh4-5H2%2C1-3H3,2.43933269383026
InChI%3D1S%2FC9H9ClO3%2Fc1-6%289%2811%2912%2913-8-4-2-3-7%2810%295-8%2Fh2-6H%2C1H3%2C%28H%2C11%2C12%29,2.0
InChI%3D1S%2FC12H15NO3%2Fc1-12%282%297-8-5-4-6-9%2810%288%2916-12%2915-11%2814%2913-3%2Fh4-6H%2C7H2%2C1-3H3%2C%28H%2C13%2C14%29,0.698970004336019
InChI%3D1S%2FC16H17NO%2Fc1-17%282%2916%2818%2915%2813-9-5-3-6-10-13%2914-11-7-4-8-12-14%2Fh3-12%2C15H%2C1-2H3,1.47712125471966
InChI%3D1S%2FC9H13N%2Fc1-8%2810%297-9-5-3-2-4-6-9%2Fh2-6%2C8H%2C7%2C10H2%2C1H3,0.698970004336019
InChI%3D1S%2FC31H42O2%2Fc1-24%2814-9-10-15-25%282%2918-12-19-28%285%2930%2832%2933-8%2916-11-17-26%283%2921-22-29-27%284%2920-13-23-31%2829%2C6%297%2Fh9-12%2C14-19%2C21-22H%2C13%2C20%2C23H2%2C1-8H3,2.69897000433602
InChI%3D1S%2FC7H5NO3S%2Fc9-7-5-3-1-2-4-6%285%2912%2810%2C11%298-7%2Fh1-4H%2C%28H%2C8%2C9%29,3.55654370848351
InChI%3D1S%2FC8H6Cl2O3%2Fc1-13-7-5%2810%293-2-4%289%296%287%298%2811%2912%2Fh2-3H%2C1H3%2C%28H%2C11%2C12%29,2.06069784035361
InChI%3D1S%2FC17H27NO3S%2Fc1-3-6-14%2818-21-4-2%2917-15%2819%299-13%2810-16%2817%2920%2912-7-5-8-22-11-12%2Fh12-13%2C18H%2C3-11H2%2C1-2H3,1.44715803134222
InChI%3D1S%2FC4H4N2O2%2Fc7-3-1-2-4%288%296-5-3%2Fh1-2H%2C%28H%2C5%2C7%29%28H%2C6%2C8%29,2.69897000433602
InChI%3D1S%2FC14H19NO%2Fc1-5-16-11-6-7-13-12%288-11%2910%282%299-14%283%2C4%2915-13%2Fh6-9%2C15H%2C5H2%2C1-4H3,1.07918124604762
InChI%3D1S%2FC12H9ClF3N3O%2Fc1-17-9-6-18-19%2811%2820%2910%289%2913%298-4-2-3-7%285-8%2912%2814%2C15%2916%2Fh2-6%2C17H%2C1H3,1.27300127206374
InChI%3D1S%2FC12H9ClF3N3O%2Fc1-17-9-6-18-19%2811%2820%2910%289%2913%298-4-2-3-7%285-8%2912%2814%2C15%2916%2Fh2-6%2C17H%2C1H3,1.70969386972779
InChI%3D1S%2FC15H17Cl2N3O2%2Fc1-2-3-12-7-21-15%2822-12%2C8-20-10-18-9-19-20%2913-5-4-11%2816%296-14%2813%2917%2Fh4-6%2C9-10%2C12H%2C2-3%2C7-8H2%2C1H3,1.39794000867204
InChI%3D1S%2FC15H17Cl2N3O2%2Fc1-2-3-12-7-21-15%2822-12%2C8-20-10-18-9-19-20%2913-5-4-11%2816%296-14%2813%2917%2Fh4-6%2C9-10%2C12H%2C2-3%2C7-8H2%2C1H3,1.98227123303957
InChI%3D1S%2FC17H16Cl2O3%2Fc1-11%282%2922-16%2820%2917%2821%2C12-3-7-14%2818%298-4-12%2913-5-9-15%2819%2910-6-13%2Fh3-11%2C21H%2C1-2H3,0.954242509439325
InChI%3D1S%2FC14H20ClNO2%2Fc1-4-11-7-6-8-12%285-2%2914%2811%2916%2810-18-3%2913%2817%299-15%2Fh6-8H%2C4-5%2C9-10H2%2C1-3H3,1.17609125905568
InChI%3D1S%2FC14H20ClNO2%2Fc1-4-11-7-6-8-12%285-2%2914%2811%2916%2810-18-3%2913%2817%299-15%2Fh6-8H%2C4-5%2C9-10H2%2C1-3H3,1.14612803567824
InChI%3D1S%2FC13H11Cl2NO2%2Fc1-12-6-13%2812%2C2%2911%2818%2916%2810%2812%2917%299-4-7%2814%293-8%2815%295-9%2Fh3-5H%2C6H2%2C1-2H3,1.17609125905568
InChI%3D1S%2FC10H5Cl7%2Fc11-4-2-1-3-5%284%299%2815%297%2813%296%2812%298%283%2C14%2910%289%2C16%2917%2Fh1-5H,-0.602059991327962
InChI%3D1S%2FC10H5Cl7%2Fc11-4-2-1-3-5%284%299%2815%297%2813%296%2812%298%283%2C14%2910%289%2C16%2917%2Fh1-5H,-0.42021640338319
InChI%3D1S%2FC9H8Cl2O3%2Fc1-5%289%2812%2913%2914-8-3-2-6%2810%294-7%288%2911%2Fh2-5H%2C1H3%2C%28H%2C12%2C13%29,0.954242509439325
InChI%3D1S%2FC2H6N4S2%2Fc3-1%287%295-6-2%284%298%2Fh%28H3%2C3%2C5%2C7%29%28H3%2C4%2C6%2C8%29,2.97634997900327
InChI%3D1S%2FC48H81NO17%2Fc1-15-35-32%2823-60-45-42%2859-14%2941%2858-13%2938%2854%2928%285%2961-45%2920-25%282%2916-17-33%2851%2926%283%2921-31%2818-19-50%2939%2827%284%2934%2852%2922-36%2853%2962-35%2966-48%2810%2944%2856%2937%2849%2811%2912%2940%2829%286%2964-48%2965-47%289%2924-46%288%2C57%2943%2855%2930%287%2963-47%2Fh16-17%2C19-20%2C26-32%2C34-35%2C37-45%2C52%2C54-57H%2C15%2C18%2C21-24H2%2C1-14H3,2.69897000433602
InChI%3D1S%2FC13H17NO4%2Fc1-3-7-17-12%2815%2910-5-6-11%2814-9-10%2913%2816%2918-8-4-2%2Fh5-6%2C9H%2C3-4%2C7-8H2%2C1-2H3,2.39794000867204
InChI%3D1S%2FC8H10N6%2Fc9-3-5-6%2810%2913-8%2814-7%285%2911%2912-4-1-2-4%2Fh4H%2C1-2H2%2C%28H5%2C10%2C11%2C12%2C13%2C14%29,1.34242268082221
InChI%3D1S%2FC42H71NO9%2Fc1-10-27-12-11-13-35%2852-38-17-16-34%2843%285%296%2925%284%2949-38%2924%283%2939%2845%2933-21-31-29%2832%2833%2922-37%2844%2951-27%2915-14-26-19-28%2820-30%2826%2931%2950-36-18-23%282%2940%2846-7%2942%2848-9%2941%2836%2947-8%2Fh23-36%2C38%2C40-42H%2C10-22H2%2C1-9H3,1.38021124171161
InChI%3D1S%2FC22H23NO3%2Fc1-21%282%2919%2822%2821%2C3%294%2920%2824%2926-18%2814-23%2915-9-8-12-17%2813-15%2925-16-10-6-5-7-11-16%2Fh5-13%2C18-19H%2C1-4H3,1.28891960566173
InChI%3D1S%2FC22H23NO3%2Fc1-21%282%2919%2822%2821%2C3%294%2920%2824%2926-18%2814-23%2915-9-8-12-17%2813-15%2925-16-10-6-5-7-11-16%2Fh5-13%2C18-19H%2C1-4H3,1.39794000867204
InChI%3D1S%2FC7H3Cl2N%2Fc8-6-2-1-3-7%289%295%286%294-10%2Fh1-3H,0.397940008672038
InChI%3D1S%2FC12H8Cl6%2Fc13-8-9%2814%2911%2816%297-5-2-1-4%283-5%296%287%2910%288%2C15%2912%2811%2C17%2918%2Fh1-2%2C4-7H%2C3H2,-2.0
InChI%3D1S%2FC10H6N2OS2%2Fc1-5-2-3-6-7%284-5%2912-9-8%2811-6%2914-10%2813%2915-9%2Fh2-4H%2C1H3,0.8750612633917
InChI%3D1S%2FCHBr2Cl%2Fc2-1%283%294%2Fh1H,1.45484486000851
InChI%3D1S%2FC8H14ClN5%2Fc1-4-10-7-12-6%289%2913-8%2814-7%2911-5%282%293%2Fh5H%2C4H2%2C1-3H3%2C%28H2%2C10%2C11%2C12%2C13%2C14%29,1.39794000867204
InChI%3D1S%2FC16H15Cl3O2%2Fc1-20-13-7-3-11%284-8-13%2915%2816%2817%2C18%2919%2912-5-9-14%2821-2%2910-6-12%2Fh3-10%2C15H%2C1-2H3,2.09691001300806
InChI%3D1S%2FC12H8Cl6O%2Fc13-8-9%2814%2911%2816%295-3-1-2%286-7%283%2919-6%294%285%2910%288%2C15%2912%2811%2C17%2918%2Fh2-7H%2C1H2,-1.30102999566398
InChI%3D1S%2FC12H8Cl6O%2Fc13-8-9%2814%2911%2816%295-3-1-2%286-7%283%2919-6%294%285%2910%288%2C15%2912%2811%2C17%2918%2Fh2-7H%2C1H2,-0.903089986991944
InChI%3D1S%2FC12H8Cl6O%2Fc13-8-9%2814%2911%2816%295-3-1-2%286-7%283%2919-6%294%285%2910%288%2C15%2912%2811%2C17%2918%2Fh2-7H%2C1H2,-1.0
InChI%3D1S%2FC12H8Cl6O%2Fc13-8-9%2814%2911%2816%295-3-1-2%286-7%283%2919-6%294%285%2910%288%2C15%2912%2811%2C17%2918%2Fh2-7H%2C1H2,-0.602059991327962
InChI%3D1S%2FC5H13ClN%2Fc1-7%282%2C3%295-4-6%2Fh4-5H2%2C1-3H3%2Fq%2B1,2.11394335230684
InChI%3D1S%2FC9H17NOS%2Fc1-2-12-9%2811%2910-7-5-3-4-6-8-10%2Fh2-8H2%2C1H3,1.17055505852121
InChI%3D1S%2FC9H17NOS%2Fc1-2-12-9%2811%2910-7-5-3-4-6-8-10%2Fh2-8H2%2C1H3,0.301029995663981
InChI%3D1S%2FC18H24N2O4%2Fc1-6-18%283%2C7-2%2914-11-15%2824-20-14%2919-17%2821%2916-12%2822-4%299-8-10-13%2816%2923-5%2Fh8-11H%2C6-7H2%2C1-5H3%2C%28H%2C19%2C21%29,1.70500795933334
InChI%3D1S%2FC17H26ClNO3S%2Fc1-4-14%2819-22-8-6-7-18%2917-15%2820%2910-13%2811-16%2817%2921%299-12%283%2923-5-2%2Fh6-7%2C12-13%2C19H%2C4-5%2C8-11H2%2C1-3H3,2.0
InChI%3D1S%2FC17H26ClNO3S%2Fc1-4-14%2819-22-8-6-7-18%2917-15%2820%2910-13%2811-16%2817%2921%299-12%283%2923-5-2%2Fh6-7%2C12-13%2C19H%2C4-5%2C8-11H2%2C1-3H3,1.93449845124357
InChI%3D1S%2FC19H26O4S%2Fc1-5-14-21-24%2820%2923-18-9-7-6-8-17%2818%2922-16-12-10-15%2811-13-16%2919%282%2C3%294%2Fh1%2C10-13%2C17-18H%2C6-9%2C14H2%2C2-4H3,2.0
InChI%3D1S%2FC19H26O4S%2Fc1-5-14-21-24%2820%2923-18-9-7-6-8-17%2818%2922-16-12-10-15%2811-13-16%2919%282%2C3%294%2Fh1%2C10-13%2C17-18H%2C6-9%2C14H2%2C2-4H3,1.27875360095283
InChI%3D1S%2FC14H16ClO5PS%2Fc1-4-17-21%2822%2C18-5-2%2920-10-6-7-11-9%283%2913%2815%2914%2816%2919-12%2811%298-10%2Fh6-8H%2C4-5H2%2C1-3H3,-0.0969100130080564
InChI%3D1S%2FC14H16ClO5PS%2Fc1-4-17-21%2822%2C18-5-2%2920-10-6-7-11-9%283%2913%2815%2914%2816%2919-12%2811%298-10%2Fh6-8H%2C4-5H2%2C1-3H3,0.230448921378274
InChI%3D1S%2FC18H16ClNO5%2Fc1-3-22-17%2821%2911%282%2923-13-5-7-14%288-6-13%2924-18-20-15-9-4-12%2819%2910-16%2815%2925-18%2Fh4-11H%2C3H2%2C1-2H3,0.954242509439325
InChI%3D1S%2FC17H20N2S%2Fc1-13%2818%282%293%2912-19-14-8-4-6-10-16%2814%2920-17-11-7-5-9-15%2817%2919%2Fh4-11%2C13H%2C12H2%2C1-3H3,1.22010808804006
InChI%3D1S%2FC28H31N2O3%2Fc1-6-29-23-15-25-21%2813-17%2823%294%2927%2819-11-9-10-12-20%2819%2928%2831%2932-8-3%2922-14-18%285%2924%2830-7-2%2916-26%2822%2933-25%2Fh9-16%2C29-30H%2C6-8H2%2C1-5H3,1.07918124604762
InChI%3D1S%2FC10H15O3PS2%2Fc1-8-7-9%285-6-10%288%2916-4%2913-14%2815%2C11-2%2912-3%2Fh5-7H%2C1-4H3,0.574031267727719
InChI%3D1S%2FC10H15O3PS2%2Fc1-8-7-9%285-6-10%288%2916-4%2913-14%2815%2C11-2%2912-3%2Fh5-7H%2C1-4H3,-0.142667503568732
InChI%3D1S%2FC10H15O3PS2%2Fc1-8-7-9%285-6-10%288%2916-4%2913-14%2815%2C11-2%2912-3%2Fh5-7H%2C1-4H3,-0.346787486224656
InChI%3D1S%2FC5H4O2%2Fc6-4-5-2-1-3-7-5%2Fh1-4H,1.77815125038364
InChI%3D1S%2FC10H5Cl7O%2Fc11-3-1-2%284-5%283%2918-4%299%2815%297%2813%296%2812%298%281%2C14%2910%289%2C16%2917%2Fh1-5H,-0.698970004336019
InChI%3D1S%2FC10H5Cl7O%2Fc11-3-1-2%284-5%283%2918-4%299%2815%297%2813%296%2812%298%281%2C14%2910%289%2C16%2917%2Fh1-5H,-1.60205999132796
InChI%3D1S%2FC9H14O%2Fc1-7-4-8%2810%296-9%282%2C3%295-7%2Fh4H%2C5-6H2%2C1-3H3,2.25285303097989
InChI%3D1S%2FC7H9NO%2Fc1-9-7-4-2-6%288%293-5-7%2Fh2-5H%2C8H2%2C1H3,2.67577834167409
InChI%3D1S%2FC8H18NO4PS2%2Fc1-9-8%2810%294-5-15-6-7-16-14%2811%2C12-2%2913-3%2Fh4-7H2%2C1-3H3%2C%28H%2C9%2C10%29,-0.267606240177031
InChI%3D1S%2FC39H42N3O6S2%2Fc1-5-41%2827-29-9-7-11-37%2825-29%2949%2843%2C44%2945%2935-21-15-32%2816-22-35%2939%2831-13-19-34%2820-14-31%2940%283%294%2933-17-23-36%2824-18-33%2942%286-2%2928-30-10-8-12-38%2826-30%2950%2846%2C47%2948%2Fh7-26H%2C5-6%2C27-28H2%2C1-4H3%2C%28H%2C43%2C44%2C45%29%28H%2C46%2C47%2C48%29,2.85733249643127
InChI%3D1S%2FC5H12NO4P%2Fc1-11%289%2C10%293-2-4%286%295%287%298%2Fh4H%2C2-3%2C6H2%2C1H3%2C%28H%2C7%2C8%29%28H%2C9%2C10%29,0.544068044350276
InChI%3D1S%2FC12H8Cl6O%2Fc13-8-9%2814%293-1-4-5%282%283%297-6%281%2919-7%2911%289%2C16%2912%2817%2C18%2910%284%2C8%2915%2Fh1-8H,-0.154901959985743
InChI%3D1S%2FC9H7NO%2Fc11-8-5-1-3-7-4-2-6-10-9%287%298%2Fh1-6%2C11H,2.15533603746506
InChI%3D1S%2FC20H32N2O3S%2Fc1-6-8-13-22%2814-9-7-2%2926-21%285%2919%2823%2924-17-12-10-11-16-15-20%283%2C4%2925-18%2816%2917%2Fh10-12H%2C6-9%2C13-15H2%2C1-5H3,1.39794000867204
InChI%3D1S%2FC19H30O5%2Fc1-3-5-7-20-8-9-21-10-11-22-14-17-13-19-18%2823-15-24-19%2912-16%2817%296-4-2%2Fh12-13H%2C3-11%2C14-15H2%2C1-2H3,2.39794000867204
InChI%3D1S%2FC19H30O5%2Fc1-3-5-7-20-8-9-21-10-11-22-14-17-13-19-18%2823-15-24-19%2912-16%2817%296-4-2%2Fh12-13H%2C3-11%2C14-15H2%2C1-2H3,2.0
InChI%3D1S%2FC19H26O3%2Fc1-7-8-13-12%284%2916%2810-15%2813%2920%2922-18%2821%2917-14%289-11%282%293%2919%2817%2C5%296%2Fh7%2C9%2C14%2C16-17H%2C1%2C8%2C10H2%2C2-6H3,1.8750612633917
InChI%3D1S%2FC19H26O3%2Fc1-7-8-13-12%284%2916%2810-15%2813%2920%2922-18%2821%2917-14%289-11%282%293%2919%2817%2C5%296%2Fh7%2C9%2C14%2C16-17H%2C1%2C8%2C10H2%2C2-6H3,1.38916608436453
InChI%3D1S%2FC19H26O3%2Fc1-7-8-13-12%284%2916%2810-15%2813%2920%2922-18%2821%2917-14%289-11%282%293%2919%2817%2C5%296%2Fh7%2C9%2C14%2C16-17H%2C1%2C8%2C10H2%2C2-6H3,1.13987908640124
InChI%3D1S%2FC10H14Cl6N4O2%2Fc11-9%2812%2C13%297%2817-5-21%2919-1-2-20%284-3-19%298%2818-6-22%2910%2814%2C15%2916%2Fh5-8H%2C1-4H2%2C%28H%2C17%2C21%29%28H%2C18%2C22%29,2.0
InChI%3D1S%2FC14H24NO4PS3%2Fc1-12%282%2918-20%2821%2C19-13%283%294%2922-11-10-15-23%2816%2C17%2914-8-6-5-7-9-14%2Fh5-9%2C12-13%2C15H%2C10-11H2%2C1-4H3,1.17609125905568
InChI%3D1S%2FC2H2Cl2%2Fc1-2%283%294%2Fh1H2,1.14612803567824
InChI%3D1S%2FC10Cl12%2Fc11-1-2%2812%297%2817%294%2814%293%2813%2C5%281%2C15%299%287%2C19%2920%296%281%2C16%2910%2821%2C22%298%282%2C4%2918,-0.154901959985743
InChI%3D1S%2FC12H27OPS3%2Fc1-4-7-10-15-14%2813%2C16-11-8-5-2%2917-12-9-6-3%2Fh4-12H2%2C1-3H3,0.0969100130080564
InChI%3D1S%2FC5H8O2%2Fc1-3-5%286%297-4-2%2Fh3H%2C1%2C4H2%2C2H3,2.39445168082622
InChI%3D1S%2FC2H6O2%2Fc3-1-2-4%2Fh3-4H%2C1-2H2,2.39794000867204
InChI%3D1S%2FC2H6O2%2Fc3-1-2-4%2Fh3-4H%2C1-2H2,2.60205999132796
InChI%3D1S%2FC2H6O2%2Fc3-1-2-4%2Fh3-4H%2C1-2H2,3.30102999566398
InChI%3D1S%2FC2H6O2%2Fc3-1-2-4%2Fh3-4H%2C1-2H2,2.96378782734556
InChI%3D1S%2FC2H6O2%2Fc3-1-2-4%2Fh3-4H%2C1-2H2,3.0
InChI%3D1S%2FC17H17N3O3%2Fc1-9%282%2917%283%2916%2823%2919-14%2820-17%2913-11%2815%2821%2922%298-10-6-4-5-7-12%2810%2918-13%2Fh4-9H%2C1-3H3%2C%28H%2C21%2C22%29%28H%2C19%2C20%2C23%29,1.30102999566398
InChI%3D1S%2FC12H20N4O2%2Fc1-14%282%2910-13-11%2817%2916%2812%2818%2915%2810%293%299-7-5-4-6-8-9%2Fh9H%2C4-8H2%2C1-3H3,1.69897000433602
InChI%3D1S%2FC15H17ClN4%2Fc1-2-3-8-15%289-17%2C10-20-12-18-11-19-20%2913-4-6-14%2816%297-5-13%2Fh4-7%2C11-12H%2C2-3%2C8%2C10H2%2C1H3,0.992995098431341
InChI%3D1S%2FC15H17ClN4%2Fc1-2-3-8-15%289-17%2C10-20-12-18-11-19-20%2913-4-6-14%2816%297-5-13%2Fh4-7%2C11-12H%2C2-3%2C8%2C10H2%2C1H3,0.991226075692495
InChI%3D1S%2FC11H15NO3%2Fc1-8%282%2914-9-6-4-5-7-10%289%2915-11%2813%2912-3%2Fh4-8H%2C1-3H3%2C%28H%2C12%2C13%29,1.69897000433602
InChI%3D1S%2FC15H11ClO3%2Fc1-19-14%2817%2915%2818%2912-5-3-2-4-10%2812%2911-7-6-9%2816%298-13%2811%2915%2Fh2-8%2C18H%2C1H3,2.17609125905568
InChI%3D1S%2FC2H3ClO2%2Fc3-1-2%284%295%2Fh1H2%2C%28H%2C4%2C5%29,1.47712125471966
InChI%3D1S%2FC14H6Cl2F4N2O2%2Fc15-5-4-8%2812%2820%2910%2816%2911%285%2919%2921-14%2824%2922-13%2823%299-6%2817%292-1-3-7%289%2918%2Fh1-4H%2C%28H2%2C21%2C22%2C23%2C24%29,1.41497334797082
InChI%3D1S%2FC14H6Cl2F4N2O2%2Fc15-5-4-8%2812%2820%2910%2816%2911%285%2919%2921-14%2824%2922-13%2823%299-6%2817%292-1-3-7%289%2918%2Fh1-4H%2C%28H2%2C21%2C22%2C23%2C24%29,1.39794000867204
InChI%3D1S%2FC4H4O4%2Fc5-3%286%291-2-4%287%298%2Fh1-2H%2C%28H%2C5%2C6%29%28H%2C7%2C8%29,3.03382569395331
InChI%3D1S%2FC22H14Cl2I2N2O2%2Fc1-11-6-15%2817%2810-27%2912-2-4-13%2823%295-3-12%2918%2824%299-20%2811%2928-22%2830%2916-7-14%2825%298-19%2826%2921%2816%2929%2Fh2-9%2C17%2C29H%2C1H3%2C%28H%2C28%2C30%29,1.0
InChI%3D1S%2FC20H23N3O2%2Fc1-20%282%2C3%2918%2824%2919%2823-14-21-13-22-23%2925-17-11-9-16%2810-12-17%2915-7-5-4-6-8-15%2Fh4-14%2C18-19%2C24H%2C1-3H3,1.39794000867204
InChI%3D1S%2FC27H20N4O9S2%2Fc32-14-15-13-22%2830-28-20-9-11-23%2841%2835%2C36%2937%2918-7-3-1-5-16%2818%2920%2927%2834%2925%2826%2815%2933%2931-29-21-10-12-24%2842%2838%2C39%2940%2919-8-4-2-6-17%2819%2921%2Fh1-13%2C32-34H%2C14H2%2C%28H%2C35%2C36%2C37%29%28H%2C38%2C39%2C40%29,2.8668778143375
InChI%3D1S%2FC8H10O5%2Fc9-7%2810%295-3-1-2-4%2813-3%296%285%298%2811%2912%2Fh3-6H%2C1-2H2%2C%28H%2C9%2C10%29%28H%2C11%2C12%29,2.06069784035361
InChI%3D1S%2FC18H22N2O2%2Fc1-12%282%2919-10-13%2821%2911-22-17-9-5-8-16-18%2817%2914-6-3-4-7-15%2814%2920-16%2Fh3-9%2C12-13%2C19-21H%2C10-11H2%2C1-2H3,0.845098040014257
InChI%3D1S%2FC17H19NO4%2Fc1-2-20-17%2819%2918-12-13-21-14-8-10-16%2811-9-14%2922-15-6-4-3-5-7-15%2Fh3-11H%2C2%2C12-13H2%2C1H3%2C%28H%2C18%2C19%29,1.0
InChI%3D1S%2FC16H20N2O3%2Fc1-9%282%2916%284%2915%2820%2917-13%2818-16%2912-8-10%283%296-7-11%2812%2914%2819%2921-5%2Fh6-9H%2C1-5H3%2C%28H%2C17%2C18%2C20%29,1.69897000433602
InChI%3D1S%2FC15H16F3N5O4S%2Fc1-9-19-12%2822-14%2820-9%2927-2%2921-13%2824%2923-28%2825%2C26%2911-6-4-3-5-10%2811%297-8-15%2816%2C17%2918%2Fh3-6H%2C7-8H2%2C1-2H3%2C%28H2%2C19%2C20%2C21%2C22%2C23%2C24%29,1.90254677931399
InChI%3D1S%2FC8H8Cl2O2%2Fc1-11-7-3-6%2810%298%2812-2%294-5%287%299%2Fh3-4H%2C1-2H3,2.09691001300806
InChI%3D1S%2FC11H9Cl2NO2%2Fc12-6-1-2-7-16-11%2815%2914-10-5-3-4-9%2813%298-10%2Fh3-5%2C8H%2C6-7H2%2C%28H%2C14%2C15%29,2.65321251377534
InChI%3D1S%2FC14H12Cl2N2O%2Fc1-19-18-14%287-10-3-2-6-17-9-10%2912-5-4-11%2815%298-13%2812%2916%2Fh2-6%2C8-9H%2C7H2%2C1H3,1.65321251377534
InChI%3D1S%2FC13H6Cl6O2%2Fc14-6-2-8%2816%2912%2820%294%2810%286%2918%291-5-11%2819%297%2815%293-9%2817%2913%285%2921%2Fh2-3%2C20-21H%2C1H2,0.698970004336019
InChI%3D1S%2FCHN%2Fc1-2%2Fh1H,1.49136169383427
InChI%3D1S%2FC7H17O2PS3%2Fc1-4-8-10%2811%2C9-5-2%2913-7-12-6-3%2Fh4-7H2%2C1-3H3,-0.795880017344075
InChI%3D1S%2FC13H14F3N3O4%2Fc1-4-17%287-8%282%293%2912-10%2818%2820%2921%295-9%2813%2814%2C15%2916%296-11%2812%2919%2822%2923%2Fh5-6H%2C2%2C4%2C7H2%2C1%2C3H3,1.09691001300806
InChI%3D1S%2FC2H8NO2PS%2Fc1-5-6%283%2C4%297-2%2Fh1-2H3%2C%28H2%2C3%2C4%29,-0.0457574905606751
InChI%3D1S%2FC2H8NO2PS%2Fc1-5-6%283%2C4%297-2%2Fh1-2H3%2C%28H2%2C3%2C4%29,-1.0
InChI%3D1S%2FC2H8NO2PS%2Fc1-5-6%283%2C4%297-2%2Fh1-2H3%2C%28H2%2C3%2C4%29,-0.537602002101044
InChI%3D1S%2FC6H10N6%2Fc7-4-10-5%288%2912-6%2811-4%299-3-1-2-3%2Fh3H%2C1-2H2%2C%28H5%2C7%2C8%2C9%2C10%2C11%2C12%29,1.17609125905568
InChI%3D1S%2FC11H16ClO2PS3%2Fc1-3-13-15%2816%2C14-4-2%2918-9-17-11-7-5-10%2812%296-8-11%2Fh5-8H%2C3-4%2C9H2%2C1-2H3,0.0
InChI%3D1S%2FC14H4N2O2S2%2Fc15-5-9-10%286-16%2920-14-12%2818%298-4-2-1-3-7%288%2911%2817%2913%2814%2919-9%2Fh1-4H,1.0
InChI%3D1S%2FC14H4N2O2S2%2Fc15-5-9-10%286-16%2920-14-12%2818%298-4-2-1-3-7%288%2911%2817%2913%2814%2919-9%2Fh1-4H,0.778151250383644
InChI%3D1S%2FAsH3O4%2Fc2-1%283%2C4%295%2Fh%28H3%2C2%2C3%2C4%2C5%29%2Fp-3,0.795880017344075
InChI%3D1S%2FC6H6O%2Fc7-6-4-2-1-3-5-6%2Fh1-5%2C7H,2.53655844257153
InChI%3D1S%2FCBrN%2Fc2-1-3,2.08635983067475
InChI%3D1S%2FC18H13ClF3NO7%2Fc1-2-28-16%2824%299-29-17%2825%2912-8-11%284-5-14%2812%2923%2826%2927%2930-15-6-3-10%287-13%2815%2919%2918%2820%2C21%2922%2Fh3-8H%2C2%2C9H2%2C1H3,1.39794000867204
InChI%3D1S%2FC20H19NO3%2Fc1-16%2823-20-9-5-6-14-21-20%2915-22-17-10-12-19%2813-11-17%2924-18-7-3-2-4-8-18%2Fh2-14%2C16H%2C15H2%2C1H3,2.14612803567824
InChI%3D1S%2FC19H20O4%2Fc1-2-3-13-22-18%2820%2916-11-7-8-12-17%2816%2919%2821%2923-14-15-9-5-4-6-10-15%2Fh4-12H%2C2-3%2C13-14H2%2C1H3,2.67209785793572
InChI%3D1S%2FC8H10%2Fc1-2-8-6-4-3-5-7-8%2Fh3-7H%2C2H2%2C1H3,2.61066016308988
InChI%3D1S%2FC8H10%2Fc1-2-8-6-4-3-5-7-8%2Fh3-7H%2C2H2%2C1H3,2.46389298898591
InChI%3D1S%2FC18H26O5%2Fc1-12-6-5-9-14%2819%298-4-2-3-7-13-10-15%2820%2911-16%2821%2917%2813%2918%2822%2923-12%2Fh10-12%2C14%2C19-21H%2C2-9H2%2C1H3,-0.698970004336019
InChI%3D1S%2FC19H23N3%2Fc1-14-6-8-18%2816%283%2910-14%2920-12-22%285%2913-21-19-9-7-15%282%2911-17%2819%294%2Fh6-13H%2C1-5H3,1.00860017176192
InChI%3D1S%2FC19H23N3%2Fc1-14-6-8-18%2816%283%2910-14%2920-12-22%285%2913-21-19-9-7-15%282%2911-17%2819%294%2Fh6-13H%2C1-5H3,1.0
InChI%3D1S%2FC15H14Cl2F3N3O3%2Fc1-3-26-13%2824%2910%2817%294-8-5-12%2811%2818%296-9%288%2916%2923-15%2825%2922%2814%2819%2920%297%282%2921-23%2Fh5-6%2C10%2C14H%2C3-4H2%2C1-2H3,1.07918124604762
InChI%3D1S%2FC24H27N3O4%2Fc1-17-21%2822%2827%285%2926-17%2930-20-9-7-6-8-10-20%2915-25-29-16-18-11-13-19%2814-12-18%2923%2828%2931-24%282%2C3%294%2Fh6-15H%2C16H2%2C1-5H3,0.488550716500444
InChI%3D1S%2FC11H13F3N2O3S%2Fc1-6-4-7%282%2910%285-9%286%2915-8%283%2917%2916-20%2818%2C19%2911%2812%2C13%2914%2Fh4-5%2C16H%2C1-3H3%2C%28H%2C15%2C17%29,1.44090908206522
InChI%3D1S%2FC6H10O%2Fc1-4-6%283%2C7%295-2%2Fh1%2C7H%2C5H2%2C2-3H3,1.66275783168157
InChI%3D1S%2FC8H14N4OS%2Fc1-8%282%2C3%295-6%2813%2912%289%297%2814-4%2911-10-5%2Fh9H2%2C1-4H3,1.17609125905568
InChI%3D1S%2FC15H10O7%2Fc16-7-4-10%2819%2912-11%285-7%2922-15%2814%2821%2913%2812%2920%296-1-2-8%2817%299%2818%293-6%2Fh1-5%2C16-19%2C21H,3.30835094858673
InChI%3D1S%2FC8H7N3O5%2Fc1-4-6%288%289%2912%292-5%2810%2813%2914%293-7%284%2911%2815%2916%2Fh2-3H%2C1H3%2C%28H2%2C9%2C12%29,0.795880017344075
InChI%3D1S%2FC10H23O2PS2%2Fc1-6-9%284%2914-13%2811%2C12-8-3%2915-10%285%297-2%2Fh9-10H%2C6-8H2%2C1-5H3,-0.602059991327962
InChI%3D1S%2FC16H12N2O4S%2Fc19-15-9-6-11-10-13%2823%2820%2C21%2922%297-8-14%2811%2916%2815%2918-17-12-4-2-1-3-5-12%2Fh1-10%2C19H%2C%28H%2C20%2C21%2C22%29,2.25527250510331
InChI%3D1S%2FC5H12NO3PS2%2Fc1-6-5%287%294-12-10%2811%2C8-2%299-3%2Fh4H2%2C1-3H3%2C%28H%2C6%2C7%29,-0.602059991327962
InChI%3D1S%2FC5H12NO3PS2%2Fc1-6-5%287%294-12-10%2811%2C8-2%299-3%2Fh4H2%2C1-3H3%2C%28H%2C6%2C7%29,0.698970004336019
InChI%3D1S%2FC3H6N2S%2Fc6-3-4-1-2-5-3%2Fh1-2H2%2C%28H2%2C4%2C5%2C6%29,-0.638272163982407
InChI%3D1S%2FC3H6N2S%2Fc6-3-4-1-2-5-3%2Fh1-2H2%2C%28H2%2C4%2C5%2C6%29,-0.602059991327962
InChI%3D1S%2FC3H6N2S%2Fc6-3-4-1-2-5-3%2Fh1-2H2%2C%28H2%2C4%2C5%2C6%29,0.0969100130080564
InChI%3D1S%2FC10H15N5%2Fc11-9%2812%2915-10%2813%2914-7-6-8-4-2-1-3-5-8%2Fh1-5H%2C6-7H2%2C%28H6%2C11%2C12%2C13%2C14%2C15%29,1.86332286012046
InChI%3D1S%2FC22H42O4%2Fc1-5-9-13-19%287-3%2917-25-21%2823%2915-11-12-16-22%2824%2926-18-20%288-4%2914-10-6-2%2Fh19-20H%2C5-18H2%2C1-4H3,3.17609125905568
InChI%3D1S%2FC6Cl5NO2%2Fc7-1-2%288%294%2810%296%2812%2813%2914%295%2811%293%281%299,2.09691001300806
InChI%3D1S%2FC6Cl5NO2%2Fc7-1-2%288%294%2810%296%2812%2813%2914%295%2811%293%281%299,2.14612803567824
InChI%3D1S%2FC15H13N3O2S%2Fc1-20-15%2819%2918-14-16-12-8-7-11%289-13%2812%2917-14%2921-10-5-3-2-4-6-10%2Fh2-9H%2C1H3%2C%28H2%2C16%2C17%2C18%2C19%29,1.17609125905568
InChI%3D1S%2FC10H7Cl5O%2Fc11-7-1-6%282-8%2812%293-7%299%285-16-9%294-10%2813%2C14%2915%2Fh1-3H%2C4-5H2,1.47712125471966
InChI%3D1S%2FC13H22NO3PS%2Fc1-6-16-18%2815%2C14-10%282%293%2917-12-7-8-13%2819-5%2911%284%299-12%2Fh7-10H%2C6H2%2C1-5H3%2C%28H%2C14%2C15%29,0.176091259055681
InChI%3D1S%2FC13H22NO3PS%2Fc1-6-16-18%2815%2C14-10%282%293%2917-12-7-8-13%2819-5%2911%284%299-12%2Fh7-10H%2C6H2%2C1-5H3%2C%28H%2C14%2C15%29,0.230448921378274
InChI%3D1S%2FC26H22ClF3N2O3%2Fc1-16%282%2924%2832-22-12-11-18%2814-21%2822%2927%2926%2828%2C29%2930%2925%2833%2935-23%2815-31%2917-7-6-10-20%2813-17%2934-19-8-4-3-5-9-19%2Fh3-14%2C16%2C23-24%2C32H%2C1-2H3,0.397940008672038
InChI%3D1S%2FC22H26O3%2Fc1-15%282%2910-19-20%2822%2819%2C3%294%2921%2823%2925-14-17-12-18%2824-13-17%2911-16-8-6-5-7-9-16%2Fh5-10%2C12-13%2C19-20H%2C11%2C14H2%2C1-4H3,2.09691001300806
InChI%3D1S%2FC15H13N3O3S%2Fc1-21-15%2819%2918-14-16-12-8-7-11%289-13%2812%2917-14%2922%2820%2910-5-3-2-4-6-10%2Fh2-9H%2C1H3%2C%28H2%2C16%2C17%2C18%2C19%29,0.301029995663981
InChI%3D1S%2FC10H10ClNO2%2Fc1-7%2813%2912-9-4-2-8%283-5-9%2910%2814%296-11%2Fh2-5H%2C6H2%2C1H3%2C%28H%2C12%2C13%29,3.19865708695442
InChI%3D1S%2FC9H10Cl2N2O%2Fc1-13%282%299%2814%2912-6-3-4-7%2810%298%2811%295-6%2Fh3-5H%2C1-2H3%2C%28H%2C12%2C14%29,0.778151250383644
InChI%3D1S%2FC9H10Cl2N2O%2Fc1-13%282%299%2814%2912-6-3-4-7%2810%298%2811%295-6%2Fh3-5H%2C1-2H3%2C%28H%2C12%2C14%29,0.795880017344075
InChI%3D1S%2FC14H15N3%2Fc1-10-9-13%2811-7-8-11%2917-14%2815-10%2916-12-5-3-2-4-6-12%2Fh2-6%2C9%2C11H%2C7-8H2%2C1H3%2C%28H%2C15%2C16%2C17%29,1.55144999797288
InChI%3D1S%2FC14H20ClNO2%2Fc1-4-12-8-6-7-11%283%2914%2812%2916%2810-18-5-2%2913%2817%299-15%2Fh6-8H%2C4-5%2C9-10H2%2C1-3H3,1.69897000433602
InChI%3D1S%2FC10H14N2O2%2Fc1-3-14-10-5-4-8%286-9%2810%2911%2912-7%282%2913%2Fh4-6H%2C3%2C11H2%2C1-2H3%2C%28H%2C12%2C13%29,3.07371835034612
InChI%3D1S%2FC3H4Cl2O2%2Fc1-3%284%2C5%292%286%297%2Fh1H3%2C%28H%2C6%2C7%29,1.44978684698577
InChI%3D1S%2FC3H4Cl2O2%2Fc1-3%284%2C5%292%286%297%2Fh1H3%2C%28H%2C6%2C7%29,1.69897000433602
InChI%3D1S%2FC12H14Cl3O4P%2Fc1-3-17-20%2816%2C18-4-2%2919-12%288-13%2910-6-5-9%2814%297-11%2810%2915%2Fh5-8H%2C3-4H2%2C1-2H3,0.176091259055681
InChI%3D1S%2FC12H13N5O6S2%2Fc1-6-13-10%2816-12%2814-6%2923-3%2915-11%2819%2917-25%2820%2C21%297-4-5-24-8%287%299%2818%2922-2%2Fh4-5H%2C1-3H3%2C%28H2%2C13%2C14%2C15%2C16%2C17%2C19%29,1.39794000867204
InChI%3D1S%2FC14H18N2O5%2Fc1-21-14%2820%2911%287-9-5-3-2-4-6-9%2916-13%2819%2910%2815%298-12%2817%2918%2Fh2-6%2C10-11H%2C7-8%2C15H2%2C1H3%2C%28H%2C16%2C19%29%28H%2C17%2C18%29,2.16731733474818
InChI%3D1S%2FC10H22O3%2Fc1-4-5-6-12-8-10%283%2913-7-9%282%2911%2Fh9-11H%2C4-8H2%2C1-3H3,2.10720996964787
InChI%3D1S%2FC36H53NO13%2Fc1-21-13-11-9-7-6-8-10-12-14-24%2848-35%285%2931%2842%2929%2837%2930%2841%2922%282%2947-35%2919-34%284%2928%2832%2843%2944%2925%2839%2920-36%2845%2C50-34%2918-23%2838%2917-33%283%2926%2849-33%2915-16-27%2840%2946-21%2Fh6-12%2C14-16%2C21-26%2C28-31%2C38-39%2C41-42%2C45H%2C13%2C17-20%2C37H2%2C1-5H3%2C%28H%2C43%2C44%29,1.85733249643127
InChI%3D1S%2FC31H52O3%2Fc1-21%282%2913-10-14-22%283%2915-11-16-23%284%2917-12-19-31%289%2920-18-28-26%287%2929%2833-27%288%2932%2924%285%2925%286%2930%2828%2934-31%2Fh21-23H%2C10-20H2%2C1-9H3,3.30102999566398
InChI%3D1S%2FC9H17ClN3O3PS%2Fc1-5-14-17%2818%2C15-6-2%2916-9-11-8%2810%2913%2812-9%297%283%294%2Fh7H%2C5-6H2%2C1-4H3,1.09691001300806
InChI%3D1S%2FC8H4O3%2Fc9-7-5-3-1-2-4-6%285%298%2810%2911-7%2Fh1-4H,3.07371835034612
InChI%3D1S%2FC9H5Cl3N4%2Fc10-5-3-1-2-4-6%285%2913-9-15-7%2811%2914-8%2812%2916-9%2Fh1-4H%2C%28H%2C13%2C14%2C15%2C16%29,0.0606978403536116
InChI%3D1S%2FC15H18ClN3O%2Fc1-15%282%2C3%2914%2820%2913%2819-10-17-9-18-19%298-11-4-6-12%2816%297-5-11%2Fh4-10%2C14%2C20H%2C1-3H3,1.5956064348656
InChI%3D1S%2FC11H15NO2%2Fc1-7-5-8%282%299%283%2910%286-7%2914-11%2813%2912-4%2Fh5-6H%2C1-4H3%2C%28H%2C12%2C13%29,1.77232170672292
InChI%3D1S%2FC25H22ClNO3%2Fc1-17%282%2924%2818-11-13-20%2826%2914-12-18%2925%2828%2930-23%2816-27%2919-7-6-10-22%2815-19%2929-21-8-4-3-5-9-21%2Fh3-15%2C17%2C23-24H%2C1-2H3,1.39794000867204
InChI%3D1S%2FC2H6ClO3P%2Fc3-1-2-7%284%2C5%296%2Fh1-2H2%2C%28H2%2C4%2C5%2C6%29,2.17609125905568
InChI%3D1S%2FC2H6ClO3P%2Fc3-1-2-7%284%2C5%296%2Fh1-2H2%2C%28H2%2C4%2C5%2C6%29,2.64933485871214
InChI%3D1S%2FC2H6ClO3P%2Fc3-1-2-7%284%2C5%296%2Fh1-2H2%2C%28H2%2C4%2C5%2C6%29,1.07918124604762
InChI%3D1S%2FC12H19O2PS3%2Fc1-4-10-18-15%2816%2C13-5-2%2914-11-6-8-12%2817-3%299-7-11%2Fh6-9H%2C4-5%2C10H2%2C1-3H3,1.06069784035361
InChI%3D1S%2FC3H8NO5P%2Fc5-3%286%291-4-2-10%287%2C8%299%2Fh4H%2C1-2H2%2C%28H%2C5%2C6%29%28H2%2C7%2C8%2C9%29,3.0
InChI%3D1S%2FC3H8NO5P%2Fc5-3%286%291-4-2-10%287%2C8%299%2Fh4H%2C1-2H2%2C%28H%2C5%2C6%29%28H2%2C7%2C8%2C9%29,2.47712125471966
InChI%3D1S%2FC10H14O2%2Fc1-10%282%2C3%298-6-7%2811%294-5-9%288%2912%2Fh4-6%2C11-12H%2C1-3H3,2.35218251811136
InChI%3D1S%2FC6H7N3O2%2Fc7-4-1-2-5%288%296%283-4%299%2810%2911%2Fh1-3H%2C7-8H2,1.93951925261862
InChI%3D1S%2FC12H8Cl2O3S%2Fc13-9-1-5-11%286-2-9%2917-18%2815%2C16%2912-7-3-10%2814%294-8-12%2Fh1-8H,0.397940008672038
InChI%3D1S%2F3C6H5.Sn.H%2Fc3%2A1-2-4-6-5-3-1%3B%3B%2Fh3%2A1-5H%3B%3B,-0.522878745280338
InChI%3D1S%2FC18H26O2%2Fc1-13%282%2918-10-9-17%284%2C20-18%2916%2811-18%2919-12-15-8-6-5-7-14%2815%293%2Fh5-8%2C13%2C16H%2C9-12H2%2C1-4H3,2.17609125905568
InChI%3D1S%2FC6H12N2S4%2Fc1-7%282%295%289%2911-12-6%2810%298%283%294%2Fh1-4H3,1.17609125905568
InChI%3D1S%2FC6H12N2S4%2Fc1-7%282%295%289%2911-12-6%2810%298%283%294%2Fh1-4H3,1.06069784035361
InChI%3D1S%2FC6H12N2S4%2Fc1-7%282%295%289%2911-12-6%2810%298%283%294%2Fh1-4H3,0.737987326333431
InChI%3D1S%2FC6H12N2S4%2Fc1-7%282%295%289%2911-12-6%2810%298%283%294%2Fh1-4H3,1.07918124604762
InChI%3D1S%2FC12H18N2O2%2Fc1-8-6-10%2816-12%2815%2913-3%297-9%282%2911%288%2914%284%295%2Fh6-7H%2C1-5H3%2C%28H%2C13%2C15%29,0.176091259055681
InChI%3D1S%2FC7H6N2O4%2Fc8-6-3-4%289%2812%2913%291-2-5%286%297%2810%2911%2Fh1-3H%2C8H2%2C%28H%2C10%2C11%29,3.07371835034612
InChI%3D1S%2FC14H14Cl2N2O%2Fc1-2-7-19-14%289-18-6-5-17-10-18%2912-4-3-11%2815%298-13%2812%2916%2Fh2-6%2C8%2C10%2C14H%2C1%2C7%2C9H2,1.60205999132796
InChI%3D1S%2FC14H14Cl2N2O%2Fc1-2-7-19-14%289-18-6-5-17-10-18%2912-4-3-11%2815%298-13%2812%2916%2Fh2-6%2C8%2C10%2C14H%2C1%2C7%2C9H2,1.17609125905568
InChI%3D1S%2FC2H3Cl%2Fc1-2-3%2Fh2H%2C1H2,0.113943352306837
InChI%3D1S%2FC10H7NO2%2Fc12-11%2813%2910-7-3-5-8-4-1-2-6-9%288%2910%2Fh1-7H,2.21748394421391
InChI%3D1S%2FC9H8N4OS%2Fc14-9%2812-8-6-10-13-15-8%2911-7-4-2-1-3-5-7%2Fh1-6H%2C%28H2%2C11%2C12%2C14%29,1.47712125471966
InChI%3D1S%2FC6Cl6%2Fc7-1-2%288%294%2810%296%2812%295%2811%293%281%299,-0.537602002101044
InChI%3D1S%2FC15H12F4N4O7S%2Fc1-28-11%2824%297-4-2-3-5-8%287%2931%2826%2C27%2923-15%2825%2922-14-20-9%2829-12%2816%2917%296-10%2821-14%2930-13%2818%2919%2Fh2-6%2C12-13H%2C1H3%2C%28H2%2C20%2C21%2C22%2C23%2C25%29,2.14612803567824
InChI%3D1S%2FC23H19ClF3NO3%2Fc1-22%282%2917%2812-19%2824%2923%2825%2C26%2927%2920%2822%2921%2829%2931-18%2813-28%2914-7-6-10-16%2811-14%2930-15-8-4-3-5-9-15%2Fh3-12%2C17-18%2C20H%2C1-2H3,1.09691001300806
InChI%3D1S%2FC6H4Cl2%2Fc7-5-1-2-6%288%294-3-5%2Fh1-4H,2.47712125471966
InChI%3D1S%2FC9H7Cl3O3%2Fc1-4%289%2813%2914%2915-8-3-6%2811%295%2810%292-7%288%2912%2Fh2-4H%2C1H3%2C%28H%2C13%2C14%29,0.939519252618618
InChI%3D1S%2FC19H17ClN2O4%2Fc1-3-24-19%2823%2912%282%2925-14-5-7-15%288-6-14%2926-18-11-21-17-10-13%2820%294-9-16%2817%2922-18%2Fh4-12H%2C3H2%2C1-2H3,0.568201724066995
InChI%3D1S%2FC6H13N%2Fc7-6-4-2-1-3-5-6%2Fh6H%2C1-5%2C7H2,1.76715586608218
InChI%3D1S%2FC6H13N%2Fc7-6-4-2-1-3-5-6%2Fh6H%2C1-5%2C7H2,1.77815125038364
InChI%3D1S%2FC7H10N2O4S%2Fc1-5-4-6%288%292-3-7%285%299-13-14%2810%2C11%2912%2Fh2-4%2C9H%2C8H2%2C1H3%2C%28H%2C10%2C11%2C12%29,2.26481782300954
InChI%3D1S%2FC10H10O4%2Fc1-13-9%2811%297-3-5-8%286-4-7%2910%2812%2914-2%2Fh3-6H%2C1-2H3,2.09691001300806
InChI%3D1S%2FC15H10ClF3N2O6S%2Fc1-28%2825%2C26%2920-14%2822%2910-7-9%283-4-12%2810%2921%2823%2924%2927-13-5-2-8%286-11%2813%2916%2915%2817%2C18%2919%2Fh2-7H%2C1H3%2C%28H%2C20%2C22%29,1.69897000433602
InChI%3D1S%2FC25H28O3%2Fc1-4-27-22-15-13-21%2814-16-22%2925%282%2C3%2919-26-18-20-9-8-12-24%2817-20%2928-23-10-6-5-7-11-23%2Fh5-17H%2C4%2C18-19H2%2C1-3H3,1.41497334797082
InChI%3D1S%2FC6H4Cl2N2O2%2Fc7-4-1-3%2810%2811%2912%292-5%288%296%284%299%2Fh1-2H%2C9H2,2.17609125905568
InChI%3D1S%2FC6H4Cl2N2O2%2Fc7-4-1-3%2810%2811%2912%292-5%288%296%284%299%2Fh1-2H%2C9H2,2.38021124171161
InChI%3D1S%2FC16H18N4O7S%2Fc1-25-12-8-13%2826-2%2918-15%2817-12%2919-16%2822%2920-28%2823%2C24%299-10-6-4-5-7-11%2810%2914%2821%2927-3%2Fh4-8H%2C9H2%2C1-3H3%2C%28H2%2C17%2C18%2C19%2C20%2C22%29,2.48995847942483
InChI%3D1S%2FCClN%2Fc2-1-3,1.84509804001426
InChI%3D1S%2FC15H12F2N3Si%2Fc16-12-1-5-14%286-2-12%2921%2811-20-10-18-9-19-20%2915-7-3-13%2817%294-8-15%2Fh1-10H%2C11H2,0.361727836017593
InChI%3D1S%2FC8H8%2Fc1-2-8-6-4-3-5-7-8%2Fh2-7H%2C1H2,1.32221929473392
InChI%3D1S%2FC8H8%2Fc1-2-8-6-4-3-5-7-8%2Fh2-7H%2C1H2,2.45484486000851
InChI%3D1S%2FC8H8%2Fc1-2-8-6-4-3-5-7-8%2Fh2-7H%2C1H2,2.60205999132796
InChI%3D1S%2FC16H22ClNO3%2Fc1-4-12-8-7-9-13%285-2%2916%2812%2918%2814%2819%2910-17%2911-15%2820%2921-6-3%2Fh7-9H%2C4-6%2C10-11H2%2C1-3H3,1.69897000433602
InChI%3D1S%2FC12H15N3O2S%2Fc1-3-6-18-8-4-5-9-10%287-8%2914-11%2813-9%2915-12%2816%2917-2%2Fh4-5%2C7H%2C3%2C6H2%2C1-2H3%2C%28H2%2C13%2C14%2C15%2C16%29,1.30102999566398
InChI%3D1S%2FC9H10Cl2N2O2%2Fc1-13%2815-2%299%2814%2912-6-3-4-7%2810%298%2811%295-6%2Fh3-5H%2C1-2H3%2C%28H%2C12%2C14%29,0.795880017344075
InChI%3D1S%2FC9H10Cl2N2O2%2Fc1-13%2815-2%299%2814%2912-6-3-4-7%2810%298%2811%295-6%2Fh3-5H%2C1-2H3%2C%28H%2C12%2C14%29,0.397940008672038
InChI%3D1S%2FC10H20O%2Fc1-7%282%299-5-4-8%283%296-10%289%2911%2Fh7-11H%2C4-6H2%2C1-3H3,2.77305469336426
InChI%3D1S%2FC9H11Cl3NO3PS%2Fc1-3-14-17%2818%2C15-4-2%2916-9-7%2811%295-6%2810%298%2812%2913-9%2Fh5H%2C3-4H2%2C1-2H3,1.0
InChI%3D1S%2FC9H11Cl3NO3PS%2Fc1-3-14-17%2818%2C15-4-2%2916-9-7%2811%295-6%2810%298%2812%2913-9%2Fh5H%2C3-4H2%2C1-2H3,0.0
InChI%3D1S%2FC17H16F3NO2%2Fc1-11%282%2923-13-7-5-6-12%2810-13%2921-16%2822%2914-8-3-4-9-15%2814%2917%2818%2C19%2920%2Fh3-11H%2C1-2H3%2C%28H%2C21%2C22%29,2.69897000433602
InChI%3D1S%2FC17H16F3NO2%2Fc1-11%282%2923-13-7-5-6-12%2810-13%2921-16%2822%2914-8-3-4-9-15%2814%2917%2818%2C19%2920%2Fh3-11H%2C1-2H3%2C%28H%2C21%2C22%29,1.93951925261862
InChI%3D1S%2FC14H9ClF2N2O2%2Fc15-8-4-6-9%287-5-8%2918-14%2821%2919-13%2820%2912-10%2816%292-1-3-11%2812%2917%2Fh1-7H%2C%28H2%2C18%2C19%2C20%2C21%29,0.903089986991944
InChI%3D1S%2FC14H9ClF2N2O2%2Fc15-8-4-6-9%287-5-8%2918-14%2821%2919-13%2820%2912-10%2816%292-1-3-11%2812%2917%2Fh1-7H%2C%28H2%2C18%2C19%2C20%2C21%29,0.89209460269048
InChI%3D1S%2FC14H9ClF2N2O2%2Fc15-8-4-6-9%287-5-8%2918-14%2821%2919-13%2820%2912-10%2816%292-1-3-11%2812%2917%2Fh1-7H%2C%28H2%2C18%2C19%2C20%2C21%29,0.845098040014257
InChI%3D1S%2FC10H19N5S%2Fc1-6-11-7-12-8%2815-10%282%2C3%294%2914-9%2813-7%2916-5%2Fh6H2%2C1-5H3%2C%28H2%2C11%2C12%2C13%2C14%2C15%29,1.17609125905568
InChI%3D1S%2FC15H21NO4%2Fc1-10-7-6-8-11%282%2914%2810%2916%2813%2817%299-19-4%2912%283%2915%2818%2920-5%2Fh6-8%2C12H%2C9H2%2C1-5H3,1.79588001734408
InChI%3D1S%2FC11H15N3O2%2Fc1-12-11%2815%2916-10-6-4-5-9%287-10%2913-8-14%282%293%2Fh4-8H%2C1-3H3%2C%28H%2C12%2C15%29,1.09691001300806
InChI%3D1S%2FC12H19ClNO3P%2Fc1-12%282%2C3%299-6-7-11%2810%2813%298-9%2917-18%2815%2C14-4%2916-5%2Fh6-8H%2C1-5H3%2C%28H%2C14%2C15%29,0.602059991327962
InChI%3D1S%2FC19H17ClN4%2Fc20-18-8-6-16%287-9-18%2910-11-19%2812-21%2C13-24-15-22-14-23-24%2917-4-2-1-3-5-17%2Fh1-9%2C14-15H%2C10-11%2C13H2,1.60205999132796
InChI%3D1S%2FC19H17ClN4%2Fc20-18-8-6-16%287-9-18%2910-11-19%2812-21%2C13-24-15-22-14-23-24%2917-4-2-1-3-5-17%2Fh1-9%2C14-15H%2C10-11%2C13H2,1.47712125471966
InChI%3D1S%2FC15H11ClF3NO4%2Fc1-8%2814%2821%2922%2923-10-2-4-11%285-3-10%2924-13-12%2816%296-9%287-20-13%2915%2817%2C18%2919%2Fh2-8H%2C1H3%2C%28H%2C21%2C22%29,-1.0
InChI%3D1S%2FC9H9Cl2NO%2Fc1-2-9%2813%2912-6-3-4-7%2810%298%2811%295-6%2Fh3-5H%2C2H2%2C1H3%2C%28H%2C12%2C13%29,1.30102999566398
InChI%3D1S%2FC9H9Cl2NO%2Fc1-2-9%2813%2912-6-3-4-7%2810%298%2811%295-6%2Fh3-5H%2C2H2%2C1H3%2C%28H%2C12%2C13%29,1.88081359228079
InChI%3D1S%2FC20H19F3N2O4%2Fc1-13%2814-8-6-9-16%2811-14%2920%2821%2C22%2923%2924-29-12-15-7-4-5-10-17%2815%2918%2825-28-3%2919%2826%2927-2%2Fh4-11H%2C12H2%2C1-3H3,1.77815125038364
InChI%3D1S%2FC11H19N3O%2Fc1-4-6-7-9-8%283%2913-11%2812-5-2%2914-10%289%2915%2Fh4-7H2%2C1-3H3%2C%28H2%2C12%2C13%2C14%2C15%29,1.39794000867204
InChI%3D1S%2FC9H22O4P2S4%2Fc1-5-10-14%2816%2C11-6-2%2918-9-19-15%2817%2C12-7-3%2913-8-4%2Fh5-9H2%2C1-4H3,0.301029995663981
InChI%3D1S%2FC10H16Cl3NOS%2Fc1-6%282%2914%287%283%294%2910%2815%2916-5-8%2811%299%2812%2913%2Fh6-7H%2C5H2%2C1-4H3,1.09691001300806
InChI%3D1S%2FC14H8Cl2N4%2Fc15-11-7-3-1-5-9%2811%2913-17-19-14%2820-18-13%2910-6-2-4-8-12%2810%2916%2Fh1-8H,1.30102999566398
InChI%3D1S%2FC14H8Cl2N4%2Fc15-11-7-3-1-5-9%2811%2913-17-19-14%2820-18-13%2910-6-2-4-8-12%2810%2916%2Fh1-8H,1.2380461031288
InChI%3D1S%2FC12H18N4O6S%2Fc1-7%282%2914%288%283%294%2912-10%2815%2817%2918%295-9%2823%2813%2C21%2922%296-11%2812%2916%2819%2920%2Fh5-8H%2C1-4H3%2C%28H2%2C13%2C21%2C22%29,1.56655533088306
InChI%3D1S%2FC12H18N4O6S%2Fc1-7%282%2914%288%283%294%2912-10%2815%2817%2918%295-9%2823%2813%2C21%2922%296-11%2812%2916%2819%2920%2Fh5-8H%2C1-4H3%2C%28H2%2C13%2C21%2C22%29,1.65321251377534
InChI%3D1S%2FC21H20Cl2O3%2Fc1-21%282%2917%2812-18%2822%2923%2919%2821%2920%2824%2925-13-14-7-6-10-16%2811-14%2926-15-8-4-3-5-9-15%2Fh3-12%2C17%2C19H%2C13H2%2C1-2H3,1.39794000867204
InChI%3D1S%2FC16H22ClN3O%2Fc1-15%282%2C3%2916%2821%2C10-20-12-18-11-19-20%299-8-13-4-6-14%2817%297-5-13%2Fh4-7%2C11-12%2C21H%2C8-10H2%2C1-3H3,1.20139712432045
InChI%3D1S%2FC12H11Cl2N3O2%2Fc13-9-1-2-10%2811%2814%295-9%2912%2818-3-4-19-12%296-17-8-15-7-16-17%2Fh1-2%2C5%2C7-8H%2C3-4%2C6H2,1.0
InChI%3D1S%2FC9H12NO5PS%2Fc1-7-6-8%284-5-9%287%2910%2811%2912%2915-16%2817%2C13-2%2914-3%2Fh4-6H%2C1-3H3,-0.337242168318426
InChI%3D1S%2FC11H21NOS%2Fc1-3-12%2811%2813%2914-4-2%2910-8-6-5-7-9-10%2Fh10H%2C3-9H2%2C1-2H3,0.477121254719662
InChI%3D1S%2FCHBrCl2%2Fc2-1%283%294%2Fh1H,2.11394335230684
InChI%3D1S%2FC6H3Cl4N%2Fc7-5-3-1-2-4%2811-5%296%288%2C9%2910%2Fh1-3H,0.0
InChI%3D1S%2FC10H18N4O4S3%2Fc1-7%2819-5%2911-17-9%2815%2913%283%2921-14%284%2910%2816%2918-12-8%282%2920-6%2Fh1-6H3,1.0
InChI%3D1S%2FC8H8O3%2Fc1-11-8%2810%296-4-2-3-5-7%286%299%2Fh2-5%2C9H%2C1H3,2.55630250076729
InChI%3D1S%2FCHCl3%2Fc2-1%283%294%2Fh1H,1.77815125038364
InChI%3D1S%2FC12H14N4O2S%2Fc1-8-7-9%282%2915-12%2814-8%2916-19%2817%2C18%2911-5-3-10%2813%294-6-11%2Fh3-7H%2C13H2%2C1-2H3%2C%28H%2C14%2C15%2C16%29,1.51851393987789
InChI%3D1S%2FC15H16F5NO2S2%2Fc1-6%282%295-7-8%2813%2822%2924-3%2910%2812%2816%2917%2921-11%2815%2818%2C19%2920%299%287%2914%2823%2925-4%2Fh6%2C12H%2C5H2%2C1-4H3,0.559906625036112
InChI%3D1S%2FC6H6Cl6%2Fc7-1-2%288%294%2810%296%2812%295%2811%293%281%299%2Fh1-6H,0.698970004336019
InChI%3D1S%2FC6H6Cl6%2Fc7-1-2%288%294%2810%296%2812%295%2811%293%281%299%2Fh1-6H,0.662757831681574
InChI%3D1S%2FC6H6Cl6%2Fc7-1-2%288%294%2810%296%2812%295%2811%293%281%299%2Fh1-6H,0.672097857935718
InChI%3D1S%2FC6H6Cl6%2Fc7-1-2%288%294%2810%296%2812%295%2811%293%281%299%2Fh1-6H,0.903089986991944
InChI%3D1S%2FC6H6Cl6%2Fc7-1-2%288%294%2810%296%2812%295%2811%293%281%299%2Fh1-6H,0.602059991327962
InChI%3D1S%2FC17H21ClN2O2S%2Fc1-11-15%2812-7-9-13%2818%2910-8-12%2923-17%2822%2920%2811%2916%2821%2919-14-5-3-2-4-6-14%2Fh7-11%2C14-15H%2C2-6H2%2C1H3%2C%28H%2C19%2C21%29,2.20411998265593
InChI%3D1S%2FC7H10N4O3%2Fc1-3-9-7%2813%2910-6%2812%295%284-8%2911-14-2%2Fh3H2%2C1-2H3%2C%28H2%2C9%2C10%2C12%2C13%29,1.48144262850231
InChI%3D1S%2FC15H16O2%2Fc1-15%282%2C11-3-7-13%2816%298-4-11%2912-5-9-14%2817%2910-6-12%2Fh3-10%2C16-17H%2C1-2H3,1.69897000433602
InChI%3D1S%2FC9H16ClN5%2Fc1-5%282%2911-8-13-7%2810%2914-9%2815-8%2912-6%283%294%2Fh5-6H%2C1-4H3%2C%28H2%2C11%2C12%2C13%2C14%2C15%29,1.69897000433602
InChI%3D1S%2FC22H19Br2NO3%2Fc1-22%282%2917%2812-19%2823%2924%2920%2822%2921%2826%2928-18%2813-25%2914-7-6-10-16%2811-14%2927-15-8-4-3-5-9-15%2Fh3-12%2C17-18%2C20H%2C1-2H3,0.397940008672038
InChI%3D1S%2FC13H17F3N4O4%2Fc1-3-5-18%286-4-2%2911-9%2819%2821%2922%297-8%2813%2814%2C15%2916%2910%2817%2912%2811%2920%2823%2924%2Fh7H%2C3-6%2C17H2%2C1-2H3,1.46834733041216
InChI%3D1S%2FC11H12NO4PS2%2Fc1-15-17%2818%2C16-2%2919-7-12-10%2813%298-5-3-4-6-9%288%2911%2812%2914%2Fh3-6H%2C7H2%2C1-2H3,1.30102999566398
InChI%3D1S%2FC11H12NO4PS2%2Fc1-15-17%2818%2C16-2%2919-7-12-10%2813%298-5-3-4-6-9%288%2911%2812%2914%2Fh3-6H%2C7H2%2C1-2H3,0.954242509439325
InChI%3D1S%2FC6H7NO%2Fc7-5-1-3-6%288%294-2-5%2Fh1-4%2C8H%2C7H2,2.83632411570675
InChI%3D1S%2FC11H10ClNO3S%2Fc1-2-16-9%2814%296-13-10-7%2812%294-3-5-8%2810%2917-11%2813%2915%2Fh3-5H%2C2%2C6H2%2C1H3,1.09691001300806
InChI%3D1S%2FC14H18N2O4%2Fc1-10-5-4-6-11%282%2913%2810%2916%2812%2817%299-19-3%2915-7-8-20-14%2815%2918%2Fh4-6H%2C7-9H2%2C1-3H3,1.69897000433602
InChI%3D1S%2FC14H17Cl2NO2%2Fc1-14%287-3-2-4-8-14%2913%2819%2917-9-5-6-10%2818%2912%2816%2911%289%2915%2Fh5-6%2C18H%2C2-4%2C7-8H2%2C1H3%2C%28H%2C17%2C19%29,2.46538285144842
InChI%3D1S%2FC8H10O%2Fc1-6-3-4-8%289%295-7%286%292%2Fh3-5%2C9H%2C1-2H3,1.14612803567824
InChI%3D1S%2FC13H11N3%2Fc14-10-3-1-8-5-9-2-4-11%2815%297-13%289%2916-12%288%296-10%2Fh1-7H%2C14-15H2,1.67209785793572
InChI%3D1S%2FC9H11BrN2O2%2Fc1-12%2814-2%299%2813%2911-8-5-3-7%2810%294-6-8%2Fh3-6H%2C1-2H3%2C%28H%2C11%2C13%29,1.09691001300806
InChI%3D1S%2FC8H14O4%2Fc1-5-4-8%2811-6%282%299%2912-7%283%2910-5%2Fh5%2C7-8H%2C4H2%2C1-3H3,2.09691001300806
InChI%3D1S%2FC7H16N%2Fc1-8%282%296-4-3-5-7-8%2Fh3-7H2%2C1-2H3,2.17609125905568
InChI%3D1S%2FC2H2Cl4%2Fc3-1%284%292%285%296%2Fh1-2H,2.03342375548695
InChI%3D1S%2FC5H10N2O2S%2Fc1-4%2810-3%297-9-5%288%296-2%2Fh1-3H3%2C%28H%2C6%2C8%29,1.0
InChI%3D1S%2FC5H10N2O2S%2Fc1-4%2810-3%297-9-5%288%296-2%2Fh1-3H3%2C%28H%2C6%2C8%29,1.30102999566398
InChI%3D1S%2FC14H18ClN3O2%2Fc1-14%282%2C3%2912%2819%2913%2818-9-16-8-17-18%2920-11-6-4-10%2815%295-7-11%2Fh4-9%2C12-13%2C19H%2C1-3H3,1.39794000867204
InChI%3D1S%2FC14H18ClN3O2%2Fc1-14%282%2C3%2912%2819%2913%2818-9-16-8-17-18%2920-11-6-4-10%2815%295-7-11%2Fh4-9%2C12-13%2C19H%2C1-3H3,2.02118929906994
InChI%3D1S%2FC22H19Cl2NO3%2Fc1-22%282%2917%2812-19%2823%2924%2920%2822%2921%2826%2928-18%2813-25%2914-7-6-10-16%2811-14%2927-15-8-4-3-5-9-15%2Fh3-12%2C17-18%2C20H%2C1-2H3,1.8750612633917
InChI%3D1S%2FC22H19Cl2NO3%2Fc1-22%282%2917%2812-19%2823%2924%2920%2822%2921%2826%2928-18%2813-25%2914-7-6-10-16%2811-14%2927-15-8-4-3-5-9-15%2Fh3-12%2C17-18%2C20H%2C1-2H3,1.69897000433602
InChI%3D1S%2FC10H12N3O3PS2%2Fc1-15-17%2818%2C16-2%2919-7-13-10%2814%298-5-3-4-6-9%288%2911-12-13%2Fh3-6H%2C7H2%2C1-2H3,-0.443697499232713
InChI%3D1S%2FC10H12N3O3PS2%2Fc1-15-17%2818%2C16-2%2919-7-13-10%2814%298-5-3-4-6-9%288%2911-12-13%2Fh3-6H%2C7H2%2C1-2H3,0.352182518111362
InChI%3D1S%2FC10H12N3O3PS2%2Fc1-15-17%2818%2C16-2%2919-7-13-10%2814%298-5-3-4-6-9%288%2911-12-13%2Fh3-6H%2C7H2%2C1-2H3,0.41161970596323
InChI%3D1S%2FC11H23NOS%2Fc1-6-14-11%2813%2912%287-9%282%293%298-10%284%295%2Fh9-10H%2C6-8H2%2C1-5H3,2.0
InChI%3D1S%2FC16H17F5N2O2S%2Fc1-7%282%296-8-9%2815%2824%2925-3%2911%2813%2817%2918%2923-12%2816%2819%2C20%2921%2910%288%2914-22-4-5-26-14%2Fh7%2C13H%2C4-6H2%2C1-3H3,1.64542226934909
InChI%3D1S%2FC6H3N3O6%2Fc10-7%2811%294-1-5%288%2812%2913%293-6%282-4%299%2814%2915%2Fh1-3H,1.12417805547468
InChI%3D1S%2FC4H7Cl2O4P%2Fc1-8-11%287%2C9-2%2910-3-4%285%296%2Fh3H%2C1-2H3,0.361727836017593
InChI%3D1S%2FC4H7Cl2O4P%2Fc1-8-11%287%2C9-2%2910-3-4%285%296%2Fh3H%2C1-2H3,0.332438459915605
InChI%3D1S%2FC25H24F6N4%2Fc1-23%282%2915-32-22%2833-16-23%2935-34-21%2813-7-17-3-9-19%2810-4-17%2924%2826%2C27%2928%2914-8-18-5-11-20%2812-6-18%2925%2829%2C30%2931%2Fh3-14H%2C15-16H2%2C1-2H3%2C%28H2%2C32%2C33%2C35%29,0.698970004336019
InChI%3D1S%2FP4%2Fc1-2-3%281%294%281%292,3.16790781000148
InChI%3D1S%2FC3H4Cl2%2Fc4-2-1-3-5%2Fh1-2H%2C3H2,0.707570176097936
InChI%3D1S%2FC49H73NO14%2Fc1-25%282%2943-28%285%2917-18-48%2864-43%2923-35-20-34%2863-48%2916-15-27%284%2944%2826%283%2913-12-14-33-24-57-46-42%2852%2929%286%2919-36%2847%2853%2960-35%2949%2833%2C46%2954%2961-40-22-38%2856-11%2945%2831%288%2959-40%2962-39-21-37%2855-10%2941%2830%287%2958-39%2950-32%289%2951%2Fh12-15%2C17-19%2C25-26%2C28%2C30-31%2C34-46%2C52%2C54H%2C16%2C20-24H2%2C1-11H3%2C%28H%2C50%2C51%29,0.0
InChI%3D1S%2FC49H73NO14%2Fc1-25%282%2943-28%285%2917-18-48%2864-43%2923-35-20-34%2863-48%2916-15-27%284%2944%2826%283%2913-12-14-33-24-57-46-42%2852%2929%286%2919-36%2847%2853%2960-35%2949%2833%2C46%2954%2961-40-22-38%2856-11%2945%2831%288%2959-40%2962-39-21-37%2855-10%2941%2830%287%2958-39%2950-32%289%2951%2Fh12-15%2C17-19%2C25-26%2C28%2C30-31%2C34-46%2C52%2C54H%2C16%2C20-24H2%2C1-11H3%2C%28H%2C50%2C51%29,0.397940008672038
InChI%3D1S%2FC7H5N3O6%2Fc1-4-6%289%2813%2914%292-5%288%2811%2912%293-7%284%2910%2815%2916%2Fh2-3H%2C1H3,0.301029995663981
InChI%3D1S%2FC17H29NO3S%2Fc1-5-8-14%2818-21-6-2%2917-15%2819%2910-13%2811-16%2817%2920%299-12%284%2922-7-3%2Fh12-13%2C17H%2C5-11H2%2C1-4H3,1.21906033244886
InChI%3D1S%2FC19H34O3%2Fc1-15%282%2922-18%2820%2914-17%284%2911-8-10-16%283%2912-9-13-19%285%2C6%2921-7%2Fh8%2C11%2C14-16H%2C9-10%2C12-13H2%2C1-7H3,1.66275783168157
InChI%3D1S%2FC9H11ClN2O%2Fc1-12%282%299%2813%2911-8-5-3-7%2810%294-6-8%2Fh3-6H%2C1-2H3%2C%28H%2C11%2C13%29,2.09691001300806
InChI%3D1S%2FCH2Cl2%2Fc2-1-3%2Fh1H2,1.69897000433602
InChI%3D1S%2FCH2Cl2%2Fc2-1-3%2Fh1H2,1.72082058177034
InChI%3D1S%2FC10H9Cl4O4P%2Fc1-16-19%2815%2C17-2%2918-10%285-11%296-3-8%2813%299%2814%294-7%286%2912%2Fh3-5H%2C1-2H3,2.0
InChI%3D1S%2FC10H9Cl4O4P%2Fc1-16-19%2815%2C17-2%2918-10%285-11%296-3-8%2813%299%2814%294-7%286%2912%2Fh3-5H%2C1-2H3,1.69897000433602
InChI%3D1S%2FC8H10O%2Fc1-6-4-3-5-7%282%298%286%299%2Fh3-5%2C9H%2C1-2H3,0.778151250383644
InChI%3D1S%2FC15H18Cl2N2O3%2Fc1-8%282%2921-12-7-11%289%2816%296-10%2812%2917%2919-14%2820%2922-13%2818-19%2915%283%2C4%295%2Fh6-8H%2C1-5H3,0.698970004336019
InChI%3D1S%2FC12H4Cl2F6N4OS%2Fc13-5-1-4%2811%2815%2C16%2917%292-6%2814%298%285%2924-10%2822%299%287%283-21%2923-24%2926%2825%2912%2818%2C19%2920%2Fh1-2H%2C22H2,-1.22184874961636
InChI%3D1S%2FC17H9ClF8N2O4%2Fc18-8-6-7%284-5-11%288%2931-16%2822%2C23%2914%2821%2932-17%2824%2C25%2926%2927-15%2830%2928-13%2829%2912-9%2819%292-1-3-10%2812%2920%2Fh1-6%2C14H%2C%28H2%2C27%2C28%2C29%2C30%29,1.55630250076729
InChI%3D1S%2FC18H41N7%2Fc19-17%2820%2924-15-11-7-3-1-5-9-13-23-14-10-6-2-4-8-12-16-25-18%2821%2922%2Fh23H%2C1-16H2%2C%28H4%2C19%2C20%2C24%29%28H4%2C21%2C22%2C25%29,1.27875360095283
InChI%3D1S%2FC6H11NO%2Fc8-6-4-2-1-3-5-7-6%2Fh1-5H2%2C%28H%2C7%2C8%29,2.09691001300806
InChI%3D1S%2FC7H7Cl3NO3PS%2Fc1-12-15%2816%2C13-2%2914-7-5%289%293-4%288%296%2810%2911-7%2Fh3H%2C1-2H3,0.477121254719662
InChI%3D1S%2FC11H10Cl2F2N4O3S%2Fc1-5-16-19%2811%2820%2918%285%2910%2814%2915%299-4-8%2817-23%282%2C21%2922%296%2812%293-7%289%2913%2Fh3-4%2C10%2C17H%2C1-2H3,1.82607480270083
InChI%3D1S%2FC6H10O4S2%2Fc1-5-6%282%2912%289%2C10%294-3-11%285%2C7%298%2Fh3-4H2%2C1-2H3,1.0
InChI%3D1S%2FC10H12ClNO2%2Fc1-7%282%2914-10%2813%2912-9-5-3-4-8%2811%296-9%2Fh3-7H%2C1-2H3%2C%28H%2C12%2C13%29,2.69897000433602
InChI%3D1S%2FC10H12ClNO2%2Fc1-7%282%2914-10%2813%2912-9-5-3-4-8%2811%296-9%2Fh3-7H%2C1-2H3%2C%28H%2C12%2C13%29,3.0
InChI%3D1S%2FC12H16ClNOS%2Fc1-3-14%284-2%2912%2815%2916-9-10-5-7-11%2813%298-6-10%2Fh5-8H%2C3-4%2C9H2%2C1-2H3,0.698970004336019
InChI%3D1S%2FC14H16O6%2Fc1-3-18-12%2815%299-20-14%2817%2911-8-6-5-7-10%2811%2913%2816%2919-4-2%2Fh5-8H%2C3-4%2C9H2%2C1-2H3,3.39794000867204
InChI%3D1S%2FC3H6N6O6%2Fc10-7%2811%294-1-5%288%2812%2913%293-6%282-4%299%2814%2915%2Fh1-3H2,0.176091259055681
InChI%3D1S%2FC10H7N3S%2Fc1-2-4-8-7%283-1%2912-10%2813-8%299-5-14-6-11-9%2Fh1-6H%2C%28H%2C12%2C13%29,0.301029995663981
InChI%3D1S%2FC10H7N3S%2Fc1-2-4-8-7%283-1%2912-10%2813-8%299-5-14-6-11-9%2Fh1-6H%2C%28H%2C12%2C13%29,1.60205999132796
InChI%3D1S%2FC10H7N3S%2Fc1-2-4-8-7%283-1%2912-10%2813-8%299-5-14-6-11-9%2Fh1-6H%2C%28H%2C12%2C13%29,1.47712125471966
InChI%3D1S%2FC7H13N3O3S%2Fc1-8-7%2812%2913-9-5%2814-4%296%2811%2910%282%293%2Fh1-4H3%2C%28H%2C8%2C12%29,0.698970004336019
InChI%3D1S%2FC12H14N4O4S2%2Fc1-19-11%2817%2915-9%2821%2913-7-5-3-4-6-8%287%2914-10%2822%2916-12%2818%2920-2%2Fh3-6H%2C1-2H3%2C%28H2%2C13%2C15%2C17%2C21%29%28H2%2C14%2C16%2C18%2C22%29,1.50514997831991
InChI%3D1S%2FCH2O%2Fc1-2%2Fh1H2,1.91381385238372
InChI%3D1S%2FC9H21O2PS3%2Fc1-6-10-12%2813%2C11-7-2%2915-8-14-9%283%2C4%295%2Fh6-8H2%2C1-5H3,-1.30102999566398
InChI%3D1S%2FC9H21O2PS3%2Fc1-6-10-12%2813%2C11-7-2%2915-8-14-9%283%2C4%295%2Fh6-8H2%2C1-5H3,0.301029995663981
InChI%3D1S%2FC9H21O2PS3%2Fc1-6-10-12%2813%2C11-7-2%2915-8-14-9%283%2C4%295%2Fh6-8H2%2C1-5H3,-1.22184874961636
InChI%3D1S%2FC18H24N2O6%2Fc1-3-5-6-7-8-9-11-14-12-15%2819%2822%2923%2918%2816%2813-14%2920%2824%2925%2926-17%2821%2910-4-2%2Fh4%2C10%2C12-13H%2C3%2C5-9%2C11H2%2C1-2H3,1.69897000433602
InChI%3D1S%2FC18H24N2O6%2Fc1-3-5-6-7-8-9-11-14-12-15%2819%2822%2923%2918%2816%2813-14%2920%2824%2925%2926-17%2821%2910-4-2%2Fh4%2C10%2C12-13H%2C3%2C5-9%2C11H2%2C1-2H3,1.80617997398389
InChI%3D1S%2FC22H23ClN2O9%2Fc1-21%2833%2911-6%2823%294-5-7%2826%298%2811%2915%2827%299-12%2821%2917%2829%2913-14%2825%282%293%2916%2828%2910%2820%2824%2932%2919%2831%2922%2813%2C34%2918%289%2930%2Fh4-5%2C12-14%2C17%2C26-27%2C29%2C32-34H%2C24H2%2C1-3H3,3.7160033436348