SMILES,HeavyBonds,SO2Groups,LogP,HBA1,NumberOfAtoms,HeteroCycles,AromaticBonds,HBA2,FractionRotatableBonds,RotatableBonds,KierShape1,AliphaticOHGroups,KierShape2,NumberOfBonds,KierShape3,ZagrebIndex1,PolarSurfaceArea,MolarRefractivity,NumberOfHal,MolecularWeight
InChI%3D1S%2FC4H5Cl%2Fc1-3-4%282%295%2Fh3H%2C1-2H2,4.0,0.0,1.9249,0.0,5.0,0.0,0.0,0.0,0.25,1.0,5.0,0.0,2.25,4.0,4.0,16.0,0.0,25.19,1.0,83.496997833252
InChI%3D1S%2FC3H5Br2Cl%2Fc4-1-3%285%292-6%2Fh3H%2C1-2H2,5.0,0.0,2.3836,0.0,6.0,0.0,0.0,0.0,0.4,2.0,6.0,0.0,3.2,5.0,3.0,20.0,0.0,37.229,3.0,231.293996810913
InChI%3D1S%2FC11H11N5%2Fc1-6-5-13-7-3-4-8-10%289%287%2914-6%2915-11%2812%2916%288%292%2Fh3-5H%2C1-2H3%2C%28H2%2C12%2C15%29,18.0,0.0,1.2375,3.0,16.0,2.0,15.0,4.0,0.0,0.0,11.1111111111111,0.0,4.03292181069959,18.0,1.76454293628809,90.0,70.35,60.9574,0.0,202.155996322632
InChI%3D1S%2FC11H14O2%2Fc1-4-5-9-6-7-10%2812-2%2911%288-9%2913-3%2Fh4%2C6-8H%2C1%2C5H2%2C2-3H3,13.0,0.0,2.4323,2.0,13.0,0.0,6.0,2.0,0.307692307692308,4.0,11.0769230769231,0.0,5.671875,13.0,3.0,58.0,18.46,53.447,0.0,164.118995666504
InChI%3D1S%2FC3H6ClNO%2Fc1-5%282%293%284%296%2Fh1-2H3,5.0,0.0,0.9068,2.0,6.0,0.0,0.0,2.0,0.2,1.0,6.0,0.0,2.22222222222222,5.0,3.0,22.0,20.31,24.936,1.0,101.491997718811
InChI%3D1S%2FC6H7N3O%2Fc7-9-6%2810%295-2-1-3-8-4-5%2Fh1-4H%2C7H2%2C%28H%2C9%2C10%29,10.0,0.0,0.2599,4.0,10.0,1.0,6.0,4.0,0.1,1.0,8.1,1.0,4.0,10.0,2.28571428571429,44.0,71.5,37.5902,0.0,130.085997581482
InChI%3D1S%2FC13H14N2%2Fc14-12-5-1-10%282-6-12%299-11-3-7-13%2815%298-4-11%2Fh1-8H%2C9%2C14-15H2,16.0,0.0,2.4418,2.0,15.0,0.0,12.0,2.0,0.125,2.0,11.484375,0.0,5.36507936507936,16.0,3.5,74.0,52.04,64.5148,0.0,184.156995773315
InChI%3D1S%2FC5H4O2%2Fc6-4-5-2-1-3-7-5%2Fh1-4H,7.0,0.0,1.0921,1.0,7.0,1.0,5.0,2.0,0.142857142857143,1.0,5.14285714285714,0.0,2.34375,7.0,1.18518518518519,30.0,30.21,24.0955,0.0,92.0529975891113
InChI%3D1S%2FC14H13N3O3%2Fc1-20-13-8-10%282-3-12%2813%2918%299-16-17-14%2819%2911-4-6-15-7-5-11%2Fh2-9%2C16H%2C1H3%2C%28H%2C17%2C19%29,21.0,0.0,0.869100000000001,6.0,20.0,1.0,6.0,6.0,0.238095238095238,5.0,16.3718820861678,0.0,8.44444444444444,21.0,5.05785123966942,96.0,80.32,72.1609,0.0,258.17199420929
InChI%3D1S%2FC13H18Cl2N2O2%2Fc14-5-7-17%288-6-15%2911-3-1-10%282-4-11%299-12%2816%2913%2818%2919%2Fh1-4%2C12H%2C5-9%2C16H2%2C%28H%2C18%2C19%29,19.0,0.0,-0.1265,2.0,19.0,0.0,6.0,3.0,0.421052631578947,8.0,17.0526315789474,0.0,9.03125,19.0,5.87755102040816,86.0,71.01,78.3026,2.0,287.06099319458
InChI%3D1S%2FC24H38O4%2Fc1-5-9-13-19%287-3%2917-27-23%2825%2921-15-11-12-16-22%2821%2924%2826%2928-18-20%288-4%2914-10-6-2%2Fh11-12%2C15-16%2C19-20H%2C5-10%2C13-14%2C17-18H2%2C1-4H3,28.0,0.0,6.43300000000001,4.0,28.0,0.0,6.0,4.0,0.571428571428571,16.0,26.0357142857143,0.0,15.7889273356401,28.0,10.0535395597858,124.0,52.6,113.619,0.0,352.259990692139
InChI%3D1S%2FC4H4O%2Fc1-2-4-5-3-1%2Fh1-4H,5.0,0.0,1.2796,0.0,5.0,1.0,5.0,1.0,0.0,0.0,3.2,0.0,1.44,5.0,0.64,20.0,13.14,18.708,0.0,64.0429983139038
InChI%3D1S%2FC20H12%2Fc1-2-7-17-15%284-1%2912-16-9-8-13-5-3-6-14-10-11-18%2817%2920%2816%2919%2813%2914%2Fh1-12H,24.0,0.0,5.7372,0.0,20.0,0.0,24.0,0.0,0.0,0.0,12.5347222222222,0.0,4.75,24.0,1.82082644628099,120.0,0.0,87.652,0.0,240.219993591309
InChI%3D1S%2FC5H5N%2Fc1-2-4-6-5-3-1%2Fh1-5H,6.0,0.0,1.0816,1.0,6.0,1.0,6.0,1.0,0.0,0.0,4.16666666666667,0.0,2.22222222222222,6.0,1.33333333333333,24.0,12.89,24.237,0.0,74.0619983673096
InChI%3D1S%2FC8H11N%2Fc1-6-3-4-7%282%298%289%295-6%2Fh3-5H%2C9H2%2C1-2H3,9.0,0.0,1.8856,1.0,9.0,0.0,6.0,1.0,0.0,0.0,7.11111111111111,0.0,2.72222222222222,9.0,1.70414201183432,42.0,26.02,40.3284,0.0,110.094997406006
InChI%3D1S%2FC18H22ClNO%2Fc1-16%2815-21-18-10-6-3-7-11-18%2920%2813-12-19%2914-17-8-4-2-5-9-17%2Fh2-11%2C16H%2C12-15H2%2C1H3,22.0,0.0,2.7778,1.0,21.0,0.0,12.0,1.0,0.363636363636364,8.0,17.3553719008264,0.0,9.9039780521262,22.0,6.328125,98.0,13.67,90.2287,1.0,281.656992912292
InChI%3D1S%2FC24H29ClO4%2Fc1-12%2826%2924%2829-13%282%2927%298-6-16-14-10-20%2825%2919-11-21%2828%2915-9-18%2815%2923%2819%2C4%2917%2814%295-7-22%2816%2C24%293%2Fh10-11%2C14-18H%2C5-9H2%2C1-4H3,33.0,0.0,4.6076,4.0,29.0,0.0,0.0,4.0,0.0909090909090909,3.0,20.8778696051423,0.0,6.50892857142857,33.0,2.44421487603306,178.0,60.44,108.953,1.0,387.712989807129
InChI%3D1S%2FC7H16O2%2Fc1-6%288%295-9-7%282%2C3%294%2Fh6%2C8H%2C5H2%2C1-4H3,8.0,0.0,1.1823,2.0,9.0,0.0,0.0,2.0,0.375,3.0,9.0,1.0,3.2396694214876,8.0,8.0,38.0,29.46,37.3858,0.0,116.074996948242
InChI%3D1S%2FC2H3ClO%2Fc3-1-2-4%2Fh2H%2C1H2,3.0,0.0,0.4241,1.0,4.0,0.0,0.0,1.0,0.333333333333333,1.0,4.0,0.0,3.0,3.0,4.0,10.0,17.07,16.784,1.0,75.4739980697632
InChI%3D1S%2FC2HCl5%2Fc3-1%284%292%285%2C6%297%2Fh1H,6.0,0.0,3.1603,0.0,7.0,0.0,0.0,0.0,0.166666666666667,1.0,7.0,0.0,1.85185185185185,6.0,2.66666666666667,30.0,0.0,35.784,5.0,201.286994934082
InChI%3D1S%2FC16H19ClN4O2S%2Fc1-10-4-3-5-12%2811%2810%292%2919-14-8-13%2817%2920-16%2821-14%2924-9-15%2823%2918-6-7-22%2Fh3-5%2C8%2C22H%2C6-7%2C9H2%2C1-2H3%2C%28H%2C18%2C23%29%28H%2C19%2C20%2C21%29,25.0,0.0,2.9532,6.0,24.0,1.0,12.0,6.0,0.24,6.0,20.3136,2.0,10.2222222222222,25.0,6.68244575936884,116.0,119.16,97.4773,1.0,347.721994400024
InChI%3D1S%2FC2H6N2O%2Fc1-2%285%294-3%2Fh3H2%2C1H3%2C%28H%2C4%2C5%29,4.0,0.0,-0.1635,3.0,5.0,0.0,0.0,3.0,0.0,0.0,5.0,1.0,2.25,4.0,4.0,16.0,58.61,19.9252,0.0,68.0349988937378
InChI%3D1S%2FC8H11N%2Fc1-6-3-4-8%289%297%282%295-6%2Fh3-5H%2C9H2%2C1-2H3,9.0,0.0,1.8856,1.0,9.0,0.0,6.0,1.0,0.0,0.0,7.11111111111111,0.0,2.72222222222222,9.0,1.70414201183432,42.0,26.02,40.3284,0.0,110.094997406006
InChI%3D1S%2FC39H59Cl2NO2%2Fc1-27%282%297-6-8-28%283%2934-15-16-35-33-14-11-30-26-32%2817-19-38%2830%2C4%2936%2833%2918-20-39%2834%2C35%295%2944-37%2843%2925-29-9-12-31%2813-10-29%2942%2823-21-40%2924-22-41%2Fh9-13%2C27-28%2C32-36H%2C6-8%2C14-26H2%2C1-5H3,48.0,0.0,10.4663,3.0,44.0,0.0,6.0,3.0,0.291666666666667,14.0,35.3107638888889,0.0,15.48,48.0,7.84765625,236.0,29.54,186.725,2.0,585.339984893799
InChI%3D1S%2FC10H12O2%2Fc1-2-3-8-4-5-9-10%286-8%2912-7-11-9%2Fh4-6H%2C2-3%2C7H2%2C1H3,13.0,0.0,2.3678,2.0,12.0,1.0,6.0,2.0,0.153846153846154,2.0,8.59171597633136,0.0,3.80622837370242,13.0,1.8595041322314,60.0,18.46,46.56,0.0,152.107995986938
InChI%3D1S%2FC14H7Br2NO2%2Fc15-8-5-9%2816%2912%2817%2911-10%288%2913%2818%296-3-1-2-4-7%286%2914%2811%2919%2Fh1-5H%2C17H2,21.0,0.0,3.5692,3.0,19.0,0.0,12.0,3.0,0.0,0.0,13.9591836734694,0.0,5.080078125,21.0,2.08601177003169,106.0,60.16,79.5614,2.0,373.966993331909
InChI%3D1S%2FC7H10N2O%2Fc1-10-7-3-2-5%288%294-6%287%299%2Fh2-4H%2C8-9H2%2C1H3,10.0,0.0,0.8596,3.0,10.0,0.0,6.0,3.0,0.1,1.0,8.1,0.0,3.40828402366864,10.0,1.99111111111111,46.0,61.27,41.8188,0.0,128.089997291565
InChI%3D1S%2FC7H7NO2%2Fc1-6-4-2-3-5-7%286%298%289%2910%2Fh2-5H%2C1H3,10.0,0.0,2.4264,2.0,10.0,0.0,6.0,0.0,0.1,1.0,8.1,0.0,3.40828402366864,10.0,1.99111111111111,46.0,45.82,40.001,0.0,130.081996917725
InChI%3D1S%2FC3H9O4P%2Fc1-5-8%284%2C6-2%297-3%2Fh1-3H3,7.0,0.0,1.0337,4.0,8.0,0.0,0.0,4.0,0.428571428571429,3.0,8.0,0.0,3.11111111111111,7.0,2.22222222222222,32.0,54.57,28.6335,0.0,131.002998352051
InChI%3D1S%2FC6H13NO3S%2Fc8-11%289%2C10%297-6-4-2-1-3-5-6%2Fh6-7H%2C1-5H2%2C%28H%2C8%2C9%2C10%29,11.0,2.0,1.4497,3.0,11.0,0.0,0.0,4.0,0.181818181818182,2.0,9.09090909090909,0.0,3.6,11.0,3.78698224852071,52.0,77.61,39.7501,0.0,166.136998176575
InChI%3D1S%2FC8H12%2Fc1-2-8-6-4-3-5-7-8%2Fh2-4%2C8H%2C1%2C5-7H2,8.0,0.0,2.5287,0.0,8.0,0.0,0.0,0.0,0.125,1.0,6.125,0.0,3.11111111111111,8.0,1.8,34.0,0.0,36.678,0.0,96.0879974365234
InChI%3D1S%2FC10Cl12%2Fc11-1-2%2812%297%2817%294%2814%293%2813%2C5%281%2C15%299%287%2C19%2920%296%281%2C16%2910%2821%2C22%298%282%2C4%2918,26.0,0.0,6.223,0.0,22.0,0.0,0.0,0.0,0.0,0.0,14.3520710059172,0.0,2.33333333333333,26.0,0.478710002519526,172.0,0.0,97.546,12.0,545.545986175537
InChI%3D1S%2FC17H13N3O3%2Fc1-11-6-8-14%2815%2810-11%2920%2822%2923%2918-19-17-13-5-3-2-4-12%2813%297-9-16%2817%2921%2Fh2-10%2C18H%2C1H3,25.0,0.0,3.8385,5.0,23.0,0.0,12.0,3.0,0.12,3.0,17.8112,0.0,7.92,25.0,4.15879017013232,120.0,87.28,90.6437,0.0,294.204993247986
InChI%3D1S%2FC8H9NO2%2Fc1-6%2810%299-7-2-4-8%2811%295-3-7%2Fh2-5%2C11H%2C1H3%2C%28H%2C9%2C10%29,11.0,0.0,2.0001,3.0,11.0,0.0,6.0,3.0,0.0909090909090909,1.0,9.09090909090909,1.0,4.13265306122449,11.0,3.26530612244898,50.0,52.82,43.5046,0.0,142.09299659729
InChI%3D1S%2FC11H7N3O3%2Fc15-14%2816%2911-5-4-9%2817-11%298-7-12-10-3-1-2-6-13%288%2910%2Fh1-7H,19.0,0.0,3.0257,3.0,17.0,3.0,15.0,3.0,0.105263157894737,2.0,12.0554016620499,0.0,4.93827160493827,19.0,2.29072315558802,92.0,76.26,61.716,0.0,222.138995170593
InChI%3D1S%2FC4H8N4O2%2Fc9-5-7-1-2-8%286-10%294-3-7%2Fh1-4H2,10.0,0.0,-0.1574,6.0,10.0,1.0,0.0,6.0,0.2,2.0,8.1,0.0,4.0,10.0,2.28571428571429,44.0,65.34,30.2964,0.0,136.069997787476
InChI%3D1S%2FC10H9Cl4NO2S%2Fc11-9%2812%2910%2813%2C14%2918-15-7%2816%295-3-1-2-4-6%285%298%2815%2917%2Fh1-2%2C5-6%2C9H%2C3-4H2,19.0,0.0,3.4588,4.0,18.0,1.0,0.0,4.0,0.157894736842105,3.0,14.409972299169,0.0,5.17479191438763,19.0,2.65927977839335,96.0,62.68,72.5092,4.0,339.993993759155
InChI%3D1S%2FC3H5Cl3%2Fc4-1-3%286%292-5%2Fh3H%2C1-2H2,5.0,0.0,2.0714,0.0,6.0,0.0,0.0,0.0,0.4,2.0,6.0,0.0,3.2,5.0,3.0,20.0,0.0,31.081,3.0,142.391996383667
InChI%3D1S%2FCH6N2%2Fc1-3-2%2Fh3H%2C2H2%2C1H3,2.0,0.0,-0.9205,2.0,3.0,0.0,0.0,2.0,0.0,0.0,3.0,0.0,2.0,2.0,0.0,6.0,38.05,13.2471,0.0,40.0249996185303
InChI%3D1S%2FC6HCl5O%2Fc7-1-2%288%294%2810%296%2812%295%2811%293%281%299%2Fh12H,12.0,0.0,4.6592,1.0,12.0,0.0,6.0,1.0,0.0,0.0,10.0833333333333,0.0,3.39506172839506,12.0,1.5625,60.0,20.23,53.1568,5.0,265.329993247986
InChI%3D1S%2FC7H14N2O%2Fc1-7%282%294-5-8-9%283%296-10%2Fh5-7H%2C4H2%2C1-3H3,9.0,0.0,1.1065,3.0,10.0,0.0,0.0,3.0,0.444444444444444,4.0,10.0,0.0,5.76,9.0,7.0,38.0,32.67,41.774,0.0,128.089997291565
InChI%3D1S%2FC13H16F3N3O4%2Fc1-3-5-17%286-4-2%2912-10%2818%2820%2921%297-9%2813%2814%2C15%2916%298-11%2812%2919%2822%2923%2Fh7-8H%2C3-6H2%2C1-2H3,23.0,0.0,5.1946,5.0,23.0,0.0,6.0,1.0,0.347826086956522,8.0,21.0434782608696,0.0,8.90909090909091,23.0,5.5,112.0,94.88,81.883,3.0,319.153991699219
InChI%3D1S%2FCHCl3%2Fc2-1%283%294%2Fh1H,3.0,0.0,1.9864,0.0,4.0,0.0,0.0,0.0,0.0,0.0,4.0,0.0,1.33333333333333,3.0,0.0,12.0,0.0,21.347,3.0,118.369997024536
InChI%3D1S%2FC8H14ClNS2%2Fc1-4-10%285-2%298%2811%2912-6-7%283%299%2Fh3-6H2%2C1-2H3,11.0,0.0,3.0988,3.0,12.0,0.0,0.0,3.0,0.545454545454545,6.0,12.0,0.0,6.50887573964497,11.0,5.32544378698225,48.0,60.63,62.97,1.0,209.681999206543
InChI%3D1S%2FCH4N2O%2Fc2-3-1-4%2Fh1H%2C2H2%2C%28H%2C3%2C4%29,3.0,0.0,-0.5536,3.0,4.0,0.0,0.0,3.0,0.0,0.0,4.0,1.0,3.0,3.0,4.0,10.0,58.61,15.3082,0.0,56.0239992141724
InChI%3D1S%2FC9H10O2%2Fc1-8%2810%2911-7-9-5-3-2-4-6-9%2Fh2-6H%2C7H2%2C1H3,11.0,0.0,1.7497,2.0,11.0,0.0,6.0,2.0,0.272727272727273,3.0,9.09090909090909,0.0,4.79289940828402,11.0,3.78698224852071,48.0,26.3,41.912,0.0,140.096996307373
InChI%3D1S%2FC7H15Cl2N2O2P%2Fc8-2-5-11%286-3-9%2914%2812%2910-4-1-7-13-14%2Fh1-7H2%2C%28H%2C10%2C12%29,14.0,0.0,2.2128,4.0,14.0,1.0,0.0,4.0,0.357142857142857,5.0,12.0714285714286,0.0,5.77777777777778,14.0,3.27272727272727,64.0,51.38,56.6374,2.0,245.968996047974
InChI%3D1S%2FC6H12N2O3%2Fc1-8%282%297-5%289%293-4-6%2810%2911%2Fh3-4H2%2C1-2H3%2C%28H%2C7%2C9%29%28H%2C10%2C11%29,10.0,0.0,-1.0504,4.0,11.0,0.0,0.0,5.0,0.4,4.0,11.0,1.0,5.625,10.0,7.90123456790123,44.0,75.96,38.6783,0.0,148.076996803284
InChI%3D1S%2FC12HBr9%2Fc13-2-1-3%2814%296%2815%297%2816%294%282%295-8%2817%2910%2819%2912%2821%2911%2820%299%285%2918%2Fh1H,22.0,0.0,10.2161,0.0,21.0,0.0,12.0,0.0,0.0454545454545455,1.0,17.3553719008264,0.0,6.24567474048443,22.0,2.8125,112.0,0.0,121.178,9.0,863.267990112305
InChI%3D1S%2FC4H8Cl2O2%2Fc5-3-7-1-2-8-4-6%2Fh1-4H2,7.0,0.0,1.4122,2.0,8.0,0.0,0.0,2.0,0.714285714285714,5.0,8.0,0.0,7.0,7.0,7.2,26.0,18.46,33.344,2.0,150.947996139526
InChI%3D1S%2FC11H17N3O4%2Fc1-12-10-3-2-9%288-11%2810%2914%2817%2918%2913%284-6-15%295-7-16%2Fh2-3%2C8%2C12%2C15-16H%2C4-7H2%2C1H3,18.0,0.0,0.9507,6.0,18.0,0.0,6.0,4.0,0.388888888888889,7.0,16.0555555555556,2.0,8.22684310018904,18.0,4.56599286563615,82.0,101.55,71.1953,0.0,238.137994766235
InChI%3D1S%2FC6H4ClNO2%2Fc7-5-3-1-2-4-6%285%298%289%2910%2Fh1-4H,10.0,0.0,2.7714,2.0,10.0,0.0,6.0,0.0,0.1,1.0,8.1,0.0,3.40828402366864,10.0,1.99111111111111,46.0,45.82,40.274,1.0,153.523996353149
InChI%3D1S%2FC6H8N2%2Fc7-8-6-4-2-1-3-5-6%2Fh1-5%2C8H%2C7H2,8.0,0.0,0.9722,2.0,8.0,0.0,6.0,2.0,0.125,1.0,6.125,0.0,3.11111111111111,8.0,1.8,34.0,38.05,34.2521,0.0,100.079998016357
InChI%3D1S%2FC8H18N2O%2Fc1-3-5-7-10%289-11%298-6-4-2%2Fh3-8H2%2C1-2H3,10.0,0.0,2.57,3.0,11.0,0.0,0.0,3.0,0.7,7.0,11.0,0.0,8.1,10.0,6.4,40.0,32.67,47.184,0.0,140.10099697113
InChI%3D1S%2FC9H12N2O2%2Fc1-7%2813%2910-11-9-4-2-8%286-12%293-5-9%2Fh2-5%2C11-12H%2C6H2%2C1H3%2C%28H%2C10%2C13%29,13.0,0.0,1.4822,4.0,13.0,0.0,6.0,4.0,0.230769230769231,3.0,11.0769230769231,2.0,5.671875,13.0,4.1522491349481,58.0,64.85,51.7253,0.0,168.110996246338
InChI%3D1S%2FC2F4%2Fc3-1%284%292%285%296,5.0,0.0,1.991,0.0,6.0,0.0,0.0,0.0,0.0,0.0,6.0,0.0,2.22222222222222,5.0,3.0,22.0,0.0,11.458,4.0,100.013996124268
InChI%3D1S%2FC7H8O2%2Fc1-9-7-4-2-6%288%293-5-7%2Fh2-5%2C8H%2C1H3,9.0,0.0,1.4008,2.0,9.0,0.0,6.0,2.0,0.111111111111111,1.0,7.11111111111111,0.0,3.2396694214876,9.0,2.0,40.0,29.46,34.6588,0.0,116.074996948242
InChI%3D1S%2FC9H4Cl3NO2S%2Fc10-9%2811%2C12%2916-13-7%2814%295-3-1-2-4-6%285%298%2813%2915%2Fh1-4H,17.0,0.0,3.1964,4.0,16.0,1.0,6.0,4.0,0.117647058823529,2.0,12.4567474048443,0.0,4.3491124260355,17.0,2.48828125,86.0,62.68,62.6032,3.0,292.5299949646
InChI%3D1S%2FC18H23NO6%2Fc1-3-12-8-11%282%2918%2823%2C10-20%2917%2822%2924-9-13-4-6-19-7-5-14%2815%2813%2919%2925-16%2812%2921%2Fh3-4%2C14-15%2C20%2C23H%2C2%2C5-10H2%2C1H3,27.0,0.0,0.2374,6.0,25.0,3.0,0.0,6.0,0.037037037037037,1.0,19.7530864197531,2.0,7.935,27.0,3.70408163265306,134.0,97.5,87.1925,0.0,326.198991775513
InChI%3D1S%2FC3H7NO2%2Fc1-2-6-3%284%295%2Fh2H2%2C1H3%2C%28H2%2C4%2C5%29,5.0,0.0,0.5157,3.0,6.0,0.0,0.0,3.0,0.4,2.0,6.0,1.0,3.2,5.0,5.33333333333333,20.0,53.31,21.9815,0.0,82.0379981994629
InChI%3D1S%2FC3H3N%2Fc1-2-3-4%2Fh2H%2C1H2,3.0,0.0,0.69598,1.0,4.0,0.0,0.0,1.0,0.0,0.0,4.0,0.0,3.0,3.0,4.0,10.0,23.79,15.81,0.0,50.0399990081787
InChI%3D1S%2FC2H2Cl4%2Fc3-1%284%292%285%296%2Fh1-2H,5.0,0.0,2.5938,0.0,6.0,0.0,0.0,0.0,0.2,1.0,6.0,0.0,2.22222222222222,5.0,3.0,22.0,0.0,30.988,4.0,165.833995819092
InChI%3D1S%2FC2H8N2%2Fc1-3-4-2%2Fh3-4H%2C1-2H3,3.0,0.0,-0.6598,2.0,4.0,0.0,0.0,2.0,0.333333333333333,1.0,4.0,0.0,3.0,3.0,4.0,10.0,24.06,18.1194,0.0,52.0359992980957
InChI%3D1S%2FC20H14O4%2Fc21-15-9-5-13%286-10-15%2920%2814-7-11-16%2822%2912-8-14%2918-4-2-1-3-17%2818%2919%2823%2924-20%2Fh1-12%2C21-22H,27.0,0.0,3.5601,4.0,24.0,1.0,18.0,4.0,0.0740740740740741,2.0,17.4156378600823,0.0,6.9575,27.0,3.02140309155767,134.0,66.76,87.9531,0.0,304.215991973877
InChI%3D1S%2FC7H8N2O%2Fc8-9-7%2810%296-4-2-1-3-5-6%2Fh1-5H%2C8H2%2C%28H%2C9%2C10%29,10.0,0.0,0.8649,3.0,10.0,0.0,6.0,3.0,0.1,1.0,8.1,1.0,4.0,10.0,2.28571428571429,44.0,58.61,39.7952,0.0,128.089997291565
InChI%3D1S%2FC15H13NO2%2Fc1-10%2817%2916%2818%2913-6-7-15-12%289-13%298-11-4-2-3-5-14%2811%2915%2Fh2-7%2C9%2C18H%2C8H2%2C1H3,20.0,0.0,3.1085,2.0,18.0,0.0,12.0,3.0,0.1,2.0,13.005,0.0,5.17479191438763,20.0,2.4,98.0,43.37,71.211,0.0,226.169994354248
InChI%3D1S%2FC6H4Cl3N%2Fc7-3-1-4%288%296%2810%295%289%292-3%2Fh1-2H%2C10H2,10.0,0.0,3.229,1.0,10.0,0.0,6.0,1.0,0.0,0.0,8.1,0.0,2.93877551020408,10.0,1.75,48.0,26.02,45.8844,3.0,192.431995391846
InChI%3D1S%2FC9H13N%2Fc1-6-4-8%283%299%2810%295-7%286%292%2Fh4-5H%2C10H2%2C1-3H3,10.0,0.0,2.194,1.0,10.0,0.0,6.0,1.0,0.0,0.0,8.1,0.0,2.93877551020408,10.0,1.75,48.0,26.02,45.0654,0.0,122.105997085571
InChI%3D1S%2FC6Cl5NO2%2Fc7-1-2%288%294%2810%296%2812%2813%2914%295%2811%293%281%299,14.0,0.0,5.385,2.0,14.0,0.0,6.0,0.0,0.0714285714285714,1.0,12.0714285714286,0.0,4.24489795918367,14.0,2.02040816326531,70.0,45.82,60.314,5.0,295.33599281311
InChI%3D1S%2FC2HCl3%2Fc3-1-2%284%295%2Fh1H,4.0,0.0,2.5017,0.0,5.0,0.0,0.0,0.0,0.0,0.0,5.0,0.0,2.25,4.0,4.0,16.0,0.0,25.642,3.0,130.380996704102
InChI%3D1S%2FC6H12Br2O4%2Fc7-1-3%289%295%2811%296%2812%294%2810%292-8%2Fh3-6%2C9-12H%2C1-2H2,11.0,0.0,-0.7802,4.0,12.0,0.0,0.0,4.0,0.454545454545455,5.0,12.0,4.0,5.61224489795918,11.0,3.515625,50.0,80.92,51.6152,2.0,295.869995117188
InChI%3D1S%2FC15H13NO%2Fc1-10%2817%2916-13-6-7-15-12%289-13%298-11-4-2-3-5-14%2811%2915%2Fh2-7%2C9H%2C8H2%2C1H3%2C%28H%2C16%2C17%29,19.0,0.0,3.8657,2.0,17.0,0.0,12.0,2.0,0.0526315789473684,1.0,12.0554016620499,1.0,4.93827160493827,19.0,2.41975308641975,92.0,32.59,70.0818,0.0,210.170994758606
InChI%3D1S%2FC6H12Cl2O%2Fc1-5%283-7%299-6%282%294-8%2Fh5-6H%2C3-4H2%2C1-2H3,8.0,0.0,2.2576,1.0,9.0,0.0,0.0,1.0,0.5,4.0,9.0,0.0,4.83950617283951,8.0,4.5,34.0,9.23,41.449,2.0,158.970995903015
InChI%3D1S%2FC8H12N4O5%2Fc9-7-10-2-12%288%2816%2911-7%296-5%2815%294%2814%293%281-13%2917-6%2Fh2-6%2C13-15H%2C1H2%2C%28H2%2C9%2C11%2C16%29,18.0,0.0,-2.9253,8.0,17.0,2.0,6.0,9.0,0.111111111111111,2.0,13.4320987654321,3.0,5.32544378698225,18.0,2.56,88.0,144.71,50.5509,0.0,232.110995292664
InChI%3D1S%2FC12H12N2O2%2Fc13-9-3-1-7%285-11%289%2915%298-2-4-10%2814%2912%2816%296-8%2Fh1-6%2C15-16H%2C13-14H2,17.0,0.0,1.9292,4.0,16.0,0.0,12.0,4.0,0.0588235294117647,1.0,12.4567474048443,0.0,5.10416666666667,17.0,2.83111111111111,82.0,92.5,64.0324,0.0,204.143995285034
InChI%3D1S%2FC12H17NO3%2Fc1-3-16-11-6-4-10%285-7-11%2913-12%2815%298-9%282%2914%2Fh4-7%2C9%2C14H%2C3%2C8H2%2C1-2H3%2C%28H%2C13%2C15%29,16.0,0.0,1.7947,4.0,16.0,0.0,6.0,4.0,0.375,6.0,14.0625,1.0,7.35,16.0,5.77777777777778,72.0,58.56,62.5385,0.0,206.135994911194
InChI%3D1S%2FC12H13N3O%2Fc13-8-1-3-9%284-2-8%2916-10-5-6-11%2814%2912%2815%297-10%2Fh1-7H%2C13-15H2,17.0,0.0,2.2255,4.0,16.0,0.0,12.0,4.0,0.117647058823529,2.0,12.4567474048443,0.0,5.55765595463138,17.0,3.49519890260631,80.0,87.29,66.1952,0.0,202.151995658875
InChI%3D1S%2FC12H4Cl4O2%2Fc13-5-1-9-10%282-6%285%2914%2918-12-4-8%2816%297%2815%293-11%2812%2917-9%2Fh1-4H,20.0,0.0,6.1982,2.0,18.0,1.0,12.0,2.0,0.0,0.0,13.005,0.0,4.83555555555556,20.0,2.4,100.0,18.46,73.072,4.0,317.94199180603
InChI%3D1S%2FC10Cl10O%2Fc11-2-1%2821%293%2812%296%2815%294%282%2C13%298%2817%295%282%2C14%297%283%2C16%299%286%2C18%2910%288%2C19%2920,25.0,0.0,4.6182,1.0,21.0,0.0,0.0,1.0,0.0,0.0,13.44,0.0,2.22222222222222,25.0,0.45,164.0,17.07,88.116,10.0,490.638987541199
InChI%3D1S%2FC26H34O6%2Fc1-25%282%2C23%2827%2928%2914-8-16-31-20-12-13-22%2821%2818-20%2919-10-6-5-7-11-19%2932-17-9-15-26%283%2C4%2924%2829%2930%2Fh5-7%2C10-13%2C18H%2C8-9%2C14-17H2%2C1-4H3%2C%28H%2C27%2C28%29%28H%2C29%2C30%29,33.0,0.0,3.2238,4.0,32.0,0.0,12.0,6.0,0.393939393939394,13.0,28.2387511478421,0.0,13.1852551984877,33.0,9.29156283374867,158.0,98.72,120.285,0.0,408.279989242554
InChI%3D1S%2FC7H9N%2Fc1-6-4-2-3-5-7%286%298%2Fh2-5H%2C8H2%2C1H3,8.0,0.0,1.5772,1.0,8.0,0.0,6.0,1.0,0.0,0.0,6.125,0.0,2.52,8.0,1.48760330578512,36.0,26.02,35.5914,0.0,98.0839977264404
InChI%3D1S%2FC7H5Cl2NO2%2Fc8-3-1-4%287%2811%2912%296%289%295%2810%292-3%2Fh1-2H%2C10H2%2C%28H%2C11%2C12%29,12.0,0.0,0.9391,2.0,12.0,0.0,6.0,3.0,0.0833333333333333,1.0,10.0833333333333,0.0,3.80622837370242,12.0,2.25,58.0,66.15,45.8914,2.0,200.987995147705
InChI%3D1S%2FC6H6O2%2Fc7-5-3-1-2-4-6%285%298%2Fh1-4%2C7-8H,8.0,0.0,1.0978,2.0,8.0,0.0,6.0,2.0,0.0,0.0,6.125,0.0,2.52,8.0,1.48760330578512,36.0,40.46,29.7716,0.0,104.063997268677
InChI%3D1S%2FC6H7N3O2%2Fc7-4-1-2-5%288%296%283-4%299%2810%2911%2Fh1-3H%2C7-8H2,11.0,0.0,1.2824,4.0,11.0,0.0,6.0,2.0,0.0909090909090909,1.0,9.09090909090909,0.0,3.6,11.0,2.21453287197232,52.0,97.86,44.0888,0.0,146.084997177124
InChI%3D1S%2FC7H9N3O%2Fc8-7%2811%2910-9-6-4-2-1-3-5-6%2Fh1-5%2C9H%2C%28H3%2C8%2C10%2C11%29,11.0,0.0,1.0959,4.0,11.0,0.0,6.0,4.0,0.272727272727273,3.0,9.09090909090909,1.0,4.79289940828402,11.0,3.78698224852071,48.0,68.14,43.5559,0.0,142.096997261047
InChI%3D1S%2FC6H6N6O%2Fc1-12%2811-13%296-4-5%288-2-7-4%299-3-10-6%2Fh2-3H%2C1H3%2C%28H%2C7%2C8%2C9%2C10%29,14.0,0.0,0.4705,6.0,13.0,2.0,10.0,6.0,0.142857142857143,2.0,9.55102040816327,0.0,4.02216066481994,14.0,1.77514792899408,66.0,87.13,45.8817,0.0,172.106997489929
InChI%3D1S%2FC16H11N3O6%2Fc1-18-8-12%2816%2821%2922%2914%2820%2911-6-3-9%2817-15%2811%2918%292-4-10-5-7-13%2825-10%2919%2823%2924%2Fh2-8H%2C1H3%2C%28H%2C21%2C22%29,27.0,0.0,1.4918,5.0,25.0,3.0,16.0,6.0,0.148148148148148,4.0,19.7530864197531,0.0,8.34714003944773,27.0,4.46597462514418,132.0,133.98,88.459,0.0,330.190992355347
InChI%3D1S%2FC4H9NO%2Fc1-3-4%282%295-6%2Fh6H%2C3H2%2C1-2H3,5.0,0.0,1.2465,2.0,6.0,0.0,0.0,2.0,0.2,1.0,6.0,0.0,3.2,5.0,3.0,20.0,32.59,25.1865,0.0,78.0499982833862
InChI%3D1S%2FC9H11NO2%2Fc1-2-12-8-6-4-3-5-7%288%299%2810%2911%2Fh3-6H%2C2H2%2C1H3%2C%28H2%2C10%2C11%29,12.0,0.0,1.9687,3.0,12.0,0.0,6.0,3.0,0.25,3.0,10.0833333333333,1.0,4.88888888888889,12.0,2.77777777777778,54.0,53.31,47.0685,0.0,154.103996276855
InChI%3D1S%2FC8H13NO2%2Fc1-9-5-3-4-7%286-9%298%2810%2911-2%2Fh4H%2C3%2C5-6H2%2C1-2H3,11.0,0.0,0.5734,2.0,11.0,1.0,0.0,2.0,0.181818181818182,2.0,9.09090909090909,0.0,4.13265306122449,11.0,2.5,50.0,30.74,40.9559,0.0,142.09299659729
InChI%3D1S%2FC8H10N2S%2Fc1-2-7-5-6%288%289%2911%293-4-10-7%2Fh3-5H%2C2H2%2C1H3%2C%28H2%2C9%2C11%29,11.0,0.0,1.8992,3.0,11.0,1.0,6.0,3.0,0.181818181818182,2.0,9.09090909090909,0.0,4.13265306122449,11.0,2.5,50.0,75.54,49.4297,0.0,156.168998718262
InChI%3D1S%2FC12H10N2O%2Fc15-14-12-8-6-11%287-9-12%2913-10-4-2-1-3-5-10%2Fh1-9%2C13H,16.0,0.0,3.8281,3.0,15.0,0.0,12.0,2.0,0.1875,3.0,11.484375,0.0,5.915,16.0,3.5,72.0,41.46,61.6217,0.0,188.144995689392
InChI%3D1S%2FC6H7ClN2%2Fc7-4-1-2-5%288%296%289%293-4%2Fh1-3H%2C8-9H2,9.0,0.0,1.5044,2.0,9.0,0.0,6.0,2.0,0.0,0.0,7.11111111111111,0.0,2.72222222222222,9.0,1.70414201183432,42.0,52.04,40.2768,1.0,135.532997131348
InChI%3D1S%2FC6H11NO2%2Fc1-3-5-6%284-2%297%288%299%2Fh5H%2C3-4H2%2C1-2H3,8.0,0.0,2.4902,2.0,9.0,0.0,0.0,0.0,0.375,3.0,9.0,0.0,4.83950617283951,8.0,3.55555555555556,34.0,45.82,37.827,0.0,118.070997238159
InChI%3D1S%2FC3H6O2%2Fc4-1-3-2-5-3%2Fh3-4H%2C1-2H2,5.0,0.0,-0.6225,2.0,5.0,1.0,0.0,2.0,0.2,1.0,3.2,1.0,1.0,5.0,0.326530612244898,22.0,32.76,16.8258,0.0,68.0309982299805
InChI%3D1S%2FC24H36O5%2Fc1-5-15%283%2924%2827%2929-21-11-14%282%2910-17-7-6-16%284%2920%2823%2817%2921%299-8-19-12-18%2825%2913-22%2826%2928-19%2Fh6-7%2C10%2C14-16%2C18-21%2C23%2C25H%2C5%2C8-9%2C11-13H2%2C1-4H3,31.0,0.0,4.19550000000001,5.0,29.0,1.0,0.0,5.0,0.225806451612903,7.0,23.6586888657648,1.0,10.5433884297521,31.0,6.03571428571429,150.0,72.83,110.8378,0.0,368.258990287781
InChI%3D1S%2FC6H4F4N2%2Fc7-1-2%288%295%2811%294%2810%296%2812%293%281%299%2Fh11-12H2,12.0,0.0,1.4074,2.0,12.0,0.0,6.0,2.0,0.0,0.0,10.0833333333333,0.0,3.39506172839506,12.0,1.5625,60.0,52.04,35.0988,4.0,176.071994781494
InChI%3D1S%2FC7H6N2O4%2Fc1-5-2-3-6%288%2810%2911%294-7%285%299%2812%2913%2Fh2-4H%2C1H3,13.0,0.0,2.8578,4.0,13.0,0.0,6.0,0.0,0.153846153846154,2.0,11.0769230769231,0.0,4.48148148148148,13.0,2.72108843537415,62.0,91.64,48.823,0.0,176.086996078491
InChI%3D1S%2FC5H8%2Fc1-4-5%282%293%2Fh4H%2C1-2H2%2C3H3,4.0,0.0,1.7485,0.0,5.0,0.0,0.0,0.0,0.25,1.0,5.0,0.0,2.25,4.0,4.0,16.0,0.0,25.011,0.0,60.0549983978271
InChI%3D1S%2FC15H11ClN2O2%2Fc16-10-6-7-12-11%288-10%2913%289-4-2-1-3-5-9%2918-15%2820%2914%2819%2917-12%2Fh1-8%2C15%2C20H%2C%28H%2C17%2C19%29,22.0,0.0,1.9686,4.0,20.0,1.0,12.0,4.0,0.0454545454545455,1.0,14.9173553719008,2.0,6.40582726326743,22.0,3.27662105889352,106.0,65.18,73.646,1.0,275.629993438721
InChI%3D1S%2FC4H6N2%2Fc1-4-5-2-3-6-4%2Fh2-3H%2C1H3%2C%28H%2C5%2C6%29,6.0,0.0,0.7181,1.0,6.0,1.0,5.0,1.0,0.0,0.0,4.16666666666667,0.0,1.63265306122449,6.0,0.979591836734694,26.0,28.68,23.3247,0.0,76.0579986572266
InChI%3D1S%2FC14H19NO2%2Fc1-17-14%2816%2913%2811-7-3-2-4-8-11%2912-9-5-6-10-15-12%2Fh2-4%2C7-8%2C12-13%2C15H%2C5-6%2C9-10H2%2C1H3,18.0,0.0,2.6283,2.0,17.0,1.0,6.0,2.0,0.222222222222222,4.0,13.4320987654321,0.0,6.80529300567108,18.0,3.48444444444444,82.0,42.91,65.2496,0.0,214.158994674683
InChI%3D1S%2FC4H7Cl2O4P%2Fc1-8-11%287%2C9-2%2910-3-4%285%296%2Fh3H%2C1-2H3,10.0,0.0,2.6804,4.0,11.0,0.0,0.0,4.0,0.4,4.0,11.0,0.0,4.79289940828402,10.0,4.44444444444444,46.0,54.57,42.4985,2.0,213.919996261597
InChI%3D1S%2FC6H11IO3%2Fc1-4%287%296-9-3-5%282-8%2910-6%2Fh4-6%2C8H%2C2-3H2%2C1H3,10.0,0.0,0.5437,3.0,10.0,1.0,0.0,3.0,0.2,2.0,8.1,1.0,3.40828402366864,10.0,1.99111111111111,46.0,38.69,45.1808,1.0,246.966996192932
InChI%3D1S%2FC6H6O4%2Fc7-2-4-1-5%288%296%289%293-10-4%2Fh1%2C3%2C7%2C9H%2C2H2,10.0,0.0,-0.1623,3.0,10.0,1.0,6.0,4.0,0.1,1.0,8.1,1.0,3.40828402366864,10.0,1.99111111111111,46.0,70.67,32.5656,0.0,136.061996459961
InChI%3D1S%2FC12H14N2O2%2Fc1-2-12%289-6-4-3-5-7-9%2910%2815%2913-8-14-11%2812%2916%2Fh3-7H%2C2%2C8H2%2C1H3%2C%28H%2C13%2C15%29%28H%2C14%2C16%29,17.0,0.0,1.0897,4.0,16.0,1.0,6.0,4.0,0.117647058823529,2.0,12.4567474048443,2.0,5.10416666666667,17.0,2.08,82.0,65.18,57.788,0.0,204.143995285034
InChI%3D1S%2FC7H5Cl3%2Fc8-7%289%2C10%296-4-2-1-3-5-6%2Fh1-5H,10.0,0.0,3.5133,0.0,10.0,0.0,6.0,0.0,0.1,1.0,8.1,0.0,2.93877551020408,10.0,2.28571428571429,48.0,0.0,45.679,3.0,190.435995101929
InChI%3D1S%2FC2H5NO%2Fc1-2%283%294%2Fh1H3%2C%28H2%2C3%2C4%29,3.0,0.0,0.5416,2.0,4.0,0.0,0.0,2.0,0.0,0.0,4.0,1.0,1.33333333333333,3.0,0.0,12.0,44.08,16.0295,0.0,54.0279989242554
InChI%3D1S%2FC2H8N2O%2Fc3-4-1-2-5%2Fh4-5H%2C1-3H2,4.0,0.0,-1.558,3.0,5.0,0.0,0.0,3.0,0.5,2.0,5.0,1.0,4.0,4.0,4.0,14.0,58.28,19.2759,0.0,68.0349988937378
InChI%3D1S%2FC6H8O%2Fc1-2-3-4-5-6-7%2Fh2-6H%2C1H3,6.0,0.0,1.3176,1.0,7.0,0.0,0.0,1.0,0.333333333333333,2.0,7.0,0.0,6.0,6.0,6.0,22.0,17.07,30.018,0.0,88.0649976730347
InChI%3D1S%2FC12H8Cl6O%2Fc13-8-9%2814%2911%2816%295-3-1-2%286-7%283%2919-6%294%285%2910%288%2C15%2912%2811%2C17%2918%2Fh2-7H%2C1H2,23.0,0.0,4.4814,1.0,19.0,1.0,0.0,1.0,0.0,0.0,11.6370510396975,0.0,2.68698347107438,23.0,0.757396449704142,134.0,12.53,77.575,6.0,372.848990440369
InChI%3D1S%2FC14H8Cl4%2Fc15-11-5-1-9%282-6-11%2913%2814%2817%2918%2910-3-7-12%2816%298-4-10%2Fh1-8H,19.0,0.0,6.1879,0.0,18.0,0.0,12.0,0.0,0.105263157894737,2.0,14.409972299169,0.0,6.43786982248521,19.0,3.75,90.0,0.0,80.632,4.0,309.965991973877
InChI%3D1S%2FC13H19NO4S%2Fc1-3-9-14%2810-4-2%2919%2817%2C18%2912-7-5-11%286-8-12%2913%2815%2916%2Fh5-8H%2C3-4%2C9-10H2%2C1-2H3%2C%28H%2C15%2C16%29,19.0,2.0,1.9416,4.0,19.0,0.0,6.0,5.0,0.368421052631579,7.0,17.0526315789474,0.0,7.69526627218935,19.0,4.5,90.0,85.89,70.844,0.0,266.212995529175
InChI%3D1S%2FC3H6O%2Fc1-3-2-4-3%2Fh3H%2C2H2%2C1H3,4.0,0.0,0.4051,1.0,4.0,1.0,0.0,1.0,0.0,0.0,2.25,0.0,0.48,4.0,0.16,18.0,12.53,15.414,0.0,52.0319986343384
InChI%3D1S%2FC10H12O%2Fc1-3-4-9-5-7-10%2811-2%298-6-9%2Fh3%2C5-8H%2C1%2C4H2%2C2H3,11.0,0.0,2.4237,1.0,11.0,0.0,6.0,1.0,0.272727272727273,3.0,9.09090909090909,0.0,4.79289940828402,11.0,2.84444444444444,48.0,9.23,46.895,0.0,136.108996391296
InChI%3D1S%2FC6H12N2%2Fc1-3-5-7-8-6-4-2%2Fh3-4%2C7-8H%2C1-2%2C5-6H2,7.0,0.0,0.4526,2.0,8.0,0.0,0.0,2.0,0.714285714285714,5.0,8.0,0.0,7.0,7.0,7.2,26.0,24.06,36.3994,0.0,100.079998016357
InChI%3D1S%2FC30H22O12%2Fc1-5-3-7%2831%299-11%2819%285%2933%2927%2841%2929-13-14-24%2838%2917%2829%2926%2840%2916-22%2836%2910-8%2832%294-6%282%2920%2834%2912%2810%2928%2842%2930%2814%2C16%2918%2823%2813%2937%2925%2839%2915%2829%2921%289%2935%2Fh3-4%2C13-14%2C17-18%2C23-24%2C31-38H%2C1-2H3,49.0,0.0,1.1088,12.0,42.0,0.0,12.0,12.0,0.0,0.0,29.4052478134111,4.0,8.86965927528394,49.0,2.84879474068663,270.0,230.12,137.6294,0.0,552.317985534668
InChI%3D1S%2FC12H15N3O5%2Fc13-9%2812%2819%2920%295-6-10%2816%2915-14-8-3-1-7%282-4-8%2911%2817%2918%2Fh1-4%2C9%2C14H%2C5-6%2C13H2%2C%28H%2C15%2C16%29%28H%2C17%2C18%29%28H%2C19%2C20%29,20.0,0.0,-2.5259,5.0,20.0,0.0,6.0,7.0,0.35,7.0,18.05,1.0,9.10650887573964,20.0,7.02551020408163,92.0,152.52,68.8831,0.0,266.147994041443
InChI%3D1S%2FC16H14Cl2O3%2Fc1-2-21-15%2819%2916%2820%2C11-3-7-13%2817%298-4-11%2912-5-9-14%2818%2910-6-12%2Fh3-10%2C20H%2C2H2%2C1H3,22.0,0.0,3.7924,3.0,21.0,0.0,12.0,3.0,0.227272727272727,5.0,17.3553719008264,1.0,7.51300728407908,22.0,3.85484830458061,106.0,46.53,82.5358,2.0,311.078991889954
InChI%3D1S%2FC12H5Cl5%2Fc13-8-3-1-2-6%2810%288%2915%297-4-5-9%2814%2912%2817%2911%287%2916%2Fh1-5H,18.0,0.0,6.6206,0.0,17.0,0.0,12.0,0.0,0.0555555555555556,1.0,13.4320987654321,0.0,5.32544378698225,18.0,2.56,88.0,0.0,76.928,5.0,321.396991729736
InChI%3D1S%2FC2H5N%2Fc1-2-3-1%2Fh3H%2C1-2H2,3.0,0.0,0.1326,0.0,3.0,1.0,0.0,0.0,0.0,0.0,1.33333333333333,0.0,0.222222222222222,3.0,0.0,12.0,16.61,11.2786,0.0,38.0289993286133
InChI%3D1S%2FC3H5Cl%2Fc1-2-3-4%2Fh2-3H%2C1H3,3.0,0.0,1.7588,0.0,4.0,0.0,0.0,0.0,0.0,0.0,4.0,0.0,3.0,3.0,4.0,10.0,0.0,20.667,1.0,71.4859981536865
InChI%3D1S%2FC3H5ClO%2Fc1-3%284%292-5%2Fh2-3H%2C1H3,4.0,0.0,0.8126,1.0,5.0,0.0,0.0,1.0,0.25,1.0,5.0,0.0,2.25,4.0,4.0,16.0,17.07,21.379,1.0,87.4849977493286
InChI%3D1S%2FC5H10N2O%2Fc8-6-7-4-2-1-3-5-7%2Fh1-5H2,8.0,0.0,1.0916,3.0,8.0,1.0,0.0,3.0,0.125,1.0,6.125,0.0,3.11111111111111,8.0,1.8,34.0,32.67,28.9992,0.0,104.067997932434
InChI%3D1S%2FC6H12N3PS%2Fc11-10%287-1-2-7%2C8-3-4-8%299-5-6-9%2Fh1-6H2,13.0,0.0,0.622,4.0,11.0,3.0,0.0,4.0,0.230769230769231,3.0,6.50887573964497,0.0,1.83673469387755,13.0,0.587695133149679,68.0,50.93,42.5706,0.0,177.128000259399
InChI%3D1S%2FC17H17ClO3%2Fc1-17%282%2C16%2819%2920%2921-11-12-3-5-13%286-4-12%2914-7-9-15%2818%2910-8-14%2Fh3-10H%2C11H2%2C1-2H3%2C%28H%2C19%2C20%29,22.0,0.0,3.0521,2.0,21.0,0.0,12.0,3.0,0.227272727272727,5.0,17.3553719008264,0.0,7.51300728407908,22.0,5.0,106.0,49.36,81.4495,1.0,287.636992454529
InChI%3D1S%2FC2H3Cl%2Fc1-2-3%2Fh2H%2C1H2,2.0,0.0,1.3687,0.0,3.0,0.0,0.0,0.0,0.0,0.0,3.0,0.0,2.0,2.0,0.0,6.0,0.0,16.05,1.0,59.4749984741211
InChI%3D1S%2FC2H5Cl%2Fc1-2-3%2Fh2H2%2C1H3,2.0,0.0,1.2451,0.0,3.0,0.0,0.0,0.0,0.0,0.0,3.0,0.0,2.0,2.0,0.0,6.0,0.0,16.394,1.0,59.4749984741211
InChI%3D1S%2FC2H5Br%2Fc1-2-3%2Fh2H2%2C1H3,2.0,0.0,1.4012,0.0,3.0,0.0,0.0,0.0,0.0,0.0,3.0,0.0,2.0,2.0,0.0,6.0,0.0,19.468,1.0,103.925998687744
InChI%3D1S%2FC11H11N3O3%2Fc12-10%2815%296-9-11%2816%2917-13-14%289%297-8-4-2-1-3-5-8%2Fh1-5H%2C6-7H2%2C%28H2-%2C12%2C13%2C15%2C16%29%2Fp%2B1,18.0,0.0,1.5889,4.0,17.0,1.0,11.0,6.0,0.222222222222222,4.0,13.4320987654321,1.0,6.25,18.0,3.72889417360285,84.0,95.27,60.1683,0.0,222.138995170593
InChI%3D1S%2FC7H9N%2Fc1-6-3-2-4-7%288%295-6%2Fh2-5H%2C8H2%2C1H3,8.0,0.0,1.5772,1.0,8.0,0.0,6.0,1.0,0.0,0.0,6.125,0.0,2.52,8.0,1.8,36.0,26.02,35.5914,0.0,98.0839977264404
InChI%3D1S%2FC3H6Cl2%2Fc1-3%285%292-4%2Fh3H%2C2H2%2C1H3,4.0,0.0,1.8525,0.0,5.0,0.0,0.0,0.0,0.25,1.0,5.0,0.0,2.25,4.0,4.0,16.0,0.0,26.035,2.0,106.938997268677
InChI%3D1S%2FC12H12N2O%2Fc13-9-1-5-11%286-2-9%2915-12-7-3-10%2814%294-8-12%2Fh1-8H%2C13-14H2,16.0,0.0,2.6433,3.0,15.0,0.0,12.0,3.0,0.125,2.0,11.484375,0.0,5.36507936507936,16.0,3.5,74.0,61.27,61.7828,0.0,188.144995689392
InChI%3D1S%2FC7H6O%2Fc8-6-7-4-2-1-3-5-7%2Fh1-6H,8.0,0.0,1.4991,1.0,8.0,0.0,6.0,1.0,0.125,1.0,6.125,0.0,3.11111111111111,8.0,1.8,34.0,17.07,31.8295,0.0,100.0759973526
InChI%3D1S%2FC10H8Cl8%2Fc1-4-7%282-11%2C3-12%299%2816%296%2814%295%2813%298%284%2C15%2910%289%2C17%2918%2Fh5-6H%2C1-3H2,19.0,0.0,5.3777,0.0,18.0,0.0,0.0,0.0,0.105263157894737,2.0,14.409972299169,0.0,3.55265306122449,19.0,1.03198065036281,108.0,0.0,83.9,8.0,403.733989715576
InChI%3D1S%2FC22H28O3%2Fc1-4-22%2825-14%282%2923%2912-10-20-19-7-5-15-13-16%2824%296-8-17%2815%2918%2819%299-11-21%2820%2C22%293%2Fh1%2C13%2C17-20H%2C5-12H2%2C2-3H3,28.0,0.0,4.0633,3.0,25.0,0.0,0.0,3.0,0.0714285714285714,2.0,18.3673469387755,0.0,6.55785123966942,28.0,2.74934911242604,144.0,43.37,95.423,0.0,312.238991737366
InChI%3D1S%2FC7H10N2OS%2Fc1-2-3-5-4-6%2810%299-7%2811%298-5%2Fh4H%2C2-3H2%2C1H3%2C%28H2%2C8%2C9%2C10%2C11%29,11.0,0.0,1.4234,4.0,11.0,1.0,6.0,4.0,0.181818181818182,2.0,9.09090909090909,0.0,4.13265306122449,11.0,2.84444444444444,50.0,84.81,44.9438,0.0,160.156998634338
InChI%3D1S%2FC24H51O4P%2Fc1-7-13-16-22%2810-4%2919-26-29%2825%2C27-20-23%2811-5%2917-14-8-2%2928-21-24%2812-6%2918-15-9-3%2Fh22-24H%2C7-21H2%2C1-6H3,28.0,0.0,8.7935,4.0,29.0,0.0,0.0,4.0,0.75,21.0,29.0,0.0,18.7438016528926,28.0,14.6049382716049,122.0,54.57,125.3805,0.0,383.233991622925
InChI%3D1S%2FC8H14O2%2Fc1-4-5-10-8%289%296-7%282%293%2Fh4%2C7H%2C1%2C5-6H2%2C2-3H3,9.0,0.0,1.7617,2.0,10.0,0.0,0.0,2.0,0.555555555555556,5.0,10.0,0.0,5.76,9.0,7.0,38.0,26.3,40.611,0.0,128.085996627808
InChI%3D1S%2FC10H9Cl7%2Fc1-4-6%282%2C3%298%2813%295%2811%297%284%2C12%299%2814%2C15%2910%288%2C16%2917%2Fh5H%2C1H2%2C2-3H3,18.0,0.0,5.5064,0.0,17.0,0.0,0.0,0.0,0.0,0.0,13.4320987654321,0.0,2.77777777777778,18.0,0.871111111111111,108.0,0.0,78.604,7.0,368.280990600586
InChI%3D1S%2FC10H6Cl8%2Fc11-3-1-2-4%285%283%2912%299%2816%297%2814%296%2813%298%282%2C15%2910%289%2C17%2918%2Fh2-5H%2C1H2,20.0,0.0,5.6828,0.0,18.0,0.0,0.0,0.0,0.0,0.0,13.005,0.0,3.17896274653031,20.0,0.998959417273673,114.0,0.0,81.216,8.0,403.733989715576
InChI%3D1S%2FC12H9N%2Fc1-3-7-11-9%285-1%2910-6-2-4-8-12%2810%2913-11%2Fh1-8%2C13H,15.0,0.0,3.3211,0.0,13.0,1.0,15.0,0.0,0.0,0.0,8.32,0.0,3.29251700680272,15.0,1.33333333333333,72.0,15.79,55.8047,0.0,158.138996124268
InChI%3D1S%2FC13H11ClO%2Fc14-12-6-7-13%2815%2911%289-12%298-10-4-2-1-3-5-10%2Fh1-7%2C9%2C15H%2C8H2,16.0,0.0,3.6364,1.0,15.0,0.0,12.0,1.0,0.125,2.0,11.484375,0.0,5.36507936507936,16.0,3.2256,74.0,20.23,62.3648,1.0,207.594994544983
InChI%3D1S%2FC8H11NO%2Fc1-6-3-4-8%2810-2%297%289%295-6%2Fh3-5H%2C9H2%2C1-2H3,10.0,0.0,1.5858,2.0,10.0,0.0,6.0,2.0,0.1,1.0,8.1,0.0,3.40828402366864,10.0,1.99111111111111,46.0,35.25,42.1434,0.0,126.093997001648
InChI%3D1S%2FC4H8N2O%2Fc1-3-5-6%282%294-7%2Fh3-4H%2C1-2H3,6.0,0.0,0.0803,3.0,7.0,0.0,0.0,3.0,0.333333333333333,2.0,7.0,0.0,4.16666666666667,6.0,3.84,24.0,32.67,27.993,0.0,92.0569982528687
InChI%3D1S%2FC4H8O%2Fc1-2-4-5-3-1%2Fh1-4H2,5.0,0.0,0.7968,1.0,5.0,1.0,0.0,1.0,0.0,0.0,3.2,0.0,1.44,5.0,0.64,20.0,9.23,20.053,0.0,64.0429983139038
InChI%3D1S%2FC19H20N2O2%2Fc1-2-3-14-17-18%2822%2920%2815-10-6-4-7-11-15%2921%2819%2817%2923%2916-12-8-5-9-13-16%2Fh4-13%2C17H%2C2-3%2C14H2%2C1H3,25.0,0.0,3.9178,4.0,23.0,1.0,12.0,4.0,0.2,5.0,17.8112,0.0,8.39273356401384,25.0,3.81944444444444,118.0,40.62,84.4714,0.0,288.220993041992
InChI%3D1S%2FC18H16N2O7S2%2Fc1-10-3-6-15%2811%282%297-10%2919-20-17-14-9-13%2828%2822%2C23%2924%295-4-12%2814%298-16%2818%2817%2921%2929%2825%2C26%2927%2Fh3-9%2C19H%2C1-2H3%2C%28H%2C22%2C23%2C24%29%28H%2C25%2C26%2C27%29,31.0,4.0,3.6541,7.0,29.0,0.0,12.0,9.0,0.129032258064516,4.0,23.6586888657648,0.0,8.859375,31.0,5.43751795461074,158.0,172.62,103.2505,0.0,420.338994026184
InChI%3D1S%2FC6H10N6O%2Fc1-12%282%2911-10-6-4%285%287%2913%298-3-9-6%2Fh3H%2C1-2H3%2C%28H2%2C7%2C13%29%28H%2C8%2C9%29,13.0,0.0,0.0689000000000001,6.0,13.0,1.0,5.0,6.0,0.230769230769231,3.0,11.0769230769231,0.0,5.0242214532872,13.0,3.32409972299169,60.0,99.73,45.3086,0.0,172.106997489929
InChI%3D1S%2FC10H12O2%2Fc1-3-10%2811%298-4-6-9%2812-2%297-5-8%2Fh3-7%2C10-11H%2C1H2%2C2H3,12.0,0.0,1.9146,2.0,12.0,0.0,6.0,2.0,0.25,3.0,10.0833333333333,1.0,4.88888888888889,12.0,2.77777777777778,54.0,29.46,48.1508,0.0,152.107995986938
InChI%3D1S%2FC12H19N3O%2Fc1-9%282%2915-12%2816%2911-6-4-10%285-7-11%298-14-13-3%2Fh4-7%2C9%2C13-14H%2C8H2%2C1-3H3%2C%28H%2C15%2C16%29,16.0,0.0,1.0488,4.0,16.0,0.0,6.0,4.0,0.375,6.0,14.0625,0.0,7.35,16.0,5.26446280991736,72.0,53.16,64.9436,0.0,202.151995658875
InChI%3D1S%2FC19H30O5%2Fc1-3-5-7-20-8-9-21-10-11-22-14-17-13-19-18%2823-15-24-19%2912-16%2817%296-4-2%2Fh12-13H%2C3-11%2C14-15H2%2C1-2H3,25.0,0.0,3.7177,5.0,24.0,1.0,6.0,5.0,0.52,13.0,20.3136,0.0,12.3688888888889,25.0,7.42439737034332,110.0,46.15,92.762,0.0,308.203991889954
InChI%3D1S%2FC22H42O4%2Fc1-5-9-13-19%287-3%2917-25-21%2823%2915-11-12-16-22%2824%2926-18-20%288-4%2914-10-6-2%2Fh19-20H%2C5-18H2%2C1-4H3,25.0,0.0,6.06600000000001,4.0,26.0,0.0,0.0,4.0,0.76,19.0,26.0,0.0,18.3673469387755,25.0,15.7526753864447,106.0,52.6,106.998,0.0,328.237991333008
InChI%3D1S%2FC14H16N2%2Fc1-9-7-11%283-5-13%289%2915%2912-4-6-14%2816%2910%282%298-12%2Fh3-8H%2C15-16H2%2C1-2H3,17.0,0.0,3.1348,2.0,16.0,0.0,12.0,2.0,0.0588235294117647,1.0,12.4567474048443,0.0,5.10416666666667,17.0,2.83111111111111,82.0,52.04,70.1768,0.0,196.167995452881
InChI%3D1S%2FC5H8O2%2Fc1-3-5%286%297-4-2%2Fh3H%2C1%2C4H2%2C2H3,6.0,0.0,0.7355,2.0,7.0,0.0,0.0,2.0,0.5,3.0,7.0,0.0,4.16666666666667,6.0,3.84,24.0,26.3,26.83,0.0,92.0529975891113
InChI%3D1S%2FC6H4Cl2%2Fc7-5-1-2-6%288%294-3-5%2Fh1-4H,8.0,0.0,2.9934,0.0,8.0,0.0,6.0,0.0,0.0,0.0,6.125,0.0,2.52,8.0,1.8,36.0,0.0,36.462,2.0,142.971996307373
InChI%3D1S%2FC4H12N2%2Fc1-2-3-4-6-5%2Fh6H%2C2-5H2%2C1H3,5.0,0.0,0.2498,2.0,6.0,0.0,0.0,2.0,0.6,3.0,6.0,0.0,5.0,5.0,5.33333333333333,18.0,38.05,27.0981,0.0,76.0579986572266
InChI%3D1S%2FC5H6O2%2Fc6-4-5-2-1-3-7-5%2Fh1-3%2C6H%2C4H2,7.0,0.0,0.7719,1.0,7.0,1.0,5.0,2.0,0.142857142857143,1.0,5.14285714285714,1.0,2.34375,7.0,1.18518518518519,30.0,33.37,24.6308,0.0,92.0529975891113
InChI%3D1S%2FC6H15NO3%2Fc8-4-1-7%282-5-9%293-6-10%2Fh8-10H%2C1-6H2,9.0,0.0,-3.1518,3.0,10.0,0.0,0.0,3.0,0.666666666666667,6.0,10.0,3.0,7.11111111111111,9.0,5.53086419753086,36.0,65.13,38.9551,0.0,134.069996833801
InChI%3D1S%2FC4H8Cl2O%2Fc5-1-3-7-4-2-6%2Fh1-4H2,6.0,0.0,1.4806,1.0,7.0,0.0,0.0,1.0,0.666666666666667,4.0,7.0,0.0,6.0,6.0,6.0,22.0,9.23,32.259,2.0,134.948996543884
InChI%3D1S%2FC18H12O6%2Fc1-21-11-7-12-13%288-5-6-22-18%288%2924-12%2917-15%2811%2916%2820%2914-9%2819%293-2-4-10%2814%2923-17%2Fh2-8%2C18-19H%2C1H3,28.0,0.0,3.0064,5.0,24.0,3.0,16.0,6.0,0.0357142857142857,1.0,16.1938775510204,0.0,6.02055164954029,28.0,2.33333333333333,142.0,78.13,85.5888,0.0,312.19199180603
InChI%3D1S%2FC6H4ClNO2%2Fc7-5-1-3-6%284-2-5%298%289%2910%2Fh1-4H,10.0,0.0,2.7714,2.0,10.0,0.0,6.0,0.0,0.1,1.0,8.1,0.0,3.40828402366864,10.0,2.28571428571429,46.0,45.82,40.274,1.0,153.523996353149
InChI%3D1S%2FC15H12N2O2%2Fc18-13-15%2817-14%2819%2916-13%2C11-7-3-1-4-8-11%2912-9-5-2-6-10-12%2Fh1-10H%2C%28H2%2C16%2C17%2C18%2C19%29,21.0,0.0,1.6855,4.0,19.0,1.0,12.0,4.0,0.0952380952380952,2.0,13.9591836734694,2.0,5.78,21.0,2.49215792320173,102.0,65.18,68.174,0.0,240.17699432373
InChI%3D1S%2FC10H10N2%2Fc11-9-5-1-3-7-8%289%294-2-6-10%287%2912%2Fh1-6H%2C11-12H2,13.0,0.0,2.0042,2.0,12.0,0.0,11.0,2.0,0.0,0.0,8.59171597633136,0.0,3.39506172839506,13.0,1.5625,62.0,52.04,52.7728,0.0,148.123996734619
InChI%3D1S%2FC8H6N4O4S%2Fc13-4-9-11-8-10-5%283-17-8%296-1-2-7%2816-6%2912%2814%2915%2Fh1-4H%2C%28H%2C9%2C13%29%28H%2C10%2C11%29,18.0,0.0,2.7477,6.0,17.0,2.0,10.0,6.0,0.222222222222222,4.0,13.4320987654321,1.0,6.25,18.0,3.48444444444444,84.0,144.71,63.3815,0.0,248.178997039795
InChI%3D1S%2FC11H16N4O4%2Fc16-8-4-14%285-9%2817%2912-8%292-1-3-15-6-10%2818%2913-11%2819%297-15%2Fh1-7H2%2C%28H%2C12%2C16%2C17%29%28H%2C13%2C18%2C19%29,20.0,0.0,-1.8507,6.0,19.0,2.0,0.0,6.0,0.2,4.0,15.39,2.0,7.1358024691358,20.0,5.12,94.0,108.2,59.5068,0.0,252.144994735718
InChI%3D1S%2FC10H14N2O2%2Fc1-3-14-10-5-4-8%286-9%2810%2911%2912-7%282%2913%2Fh4-6H%2C3%2C11H2%2C1-2H3%2C%28H%2C12%2C13%29,14.0,0.0,2.2754,4.0,14.0,0.0,6.0,4.0,0.214285714285714,3.0,12.0714285714286,1.0,5.77777777777778,14.0,3.96,64.0,67.84,57.4212,0.0,180.121995925903
InChI%3D1S%2FC6H8N2O%2Fc7-4-1-2-6%289%295%288%293-4%2Fh1-3%2C9H%2C7-8H2,9.0,0.0,0.5566,3.0,9.0,0.0,6.0,3.0,0.0,0.0,7.11111111111111,0.0,2.72222222222222,9.0,1.70414201183432,42.0,72.27,36.9316,0.0,116.078997612
InChI%3D1S%2FC7H6O3%2Fc8-5-1-2-6-7%283-5%2910-4-9-6%2Fh1-3%2C8H%2C4H2,11.0,0.0,1.1209,3.0,10.0,1.0,6.0,3.0,0.0,0.0,6.69421487603306,0.0,2.56,11.0,1.2409972299169,52.0,38.69,34.2298,0.0,132.073996543884
InChI%3D1S%2FC10H10O2%2Fc1-2-3-8-4-5-9-10%286-8%2912-7-11-9%2Fh2%2C4-6H%2C1%2C3%2C7H2,13.0,0.0,2.1438,2.0,12.0,1.0,6.0,2.0,0.153846153846154,2.0,8.59171597633136,0.0,3.80622837370242,13.0,1.8595041322314,60.0,18.46,46.466,0.0,152.107995986938
InChI%3D1S%2FC7H8N2O3%2Fc1-12-7-3-2-5%289%2810%2911%294-6%287%298%2Fh2-4H%2C8H2%2C1H3,12.0,0.0,1.7088,4.0,12.0,0.0,6.0,2.0,0.166666666666667,2.0,10.0833333333333,0.0,4.296875,12.0,2.49307479224377,56.0,81.07,46.2284,0.0,160.087996482849
InChI%3D1S%2FC10H9N%2Fc11-10-6-5-8-3-1-2-4-9%288%297-10%2Fh1-7H%2C11H2,12.0,0.0,2.422,1.0,11.0,0.0,11.0,1.0,0.0,0.0,7.63888888888889,0.0,3.1640625,12.0,1.6,56.0,26.02,48.3604,0.0,134.116996765137
InChI%3D1S%2FC8H8O%2Fc1-2-4-7%285-3-1%298-6-9-8%2Fh1-5%2C8H%2C6H2,10.0,0.0,1.7579,1.0,9.0,1.0,6.0,1.0,0.1,1.0,5.76,0.0,2.31952662721893,10.0,0.996539792387543,46.0,12.53,35.135,0.0,112.086997032166
InChI%3D1S%2FC2H3F%2Fc1-2-3%2Fh2H%2C1H2,2.0,0.0,1.0994,0.0,3.0,0.0,0.0,0.0,0.0,0.0,3.0,0.0,2.0,2.0,0.0,6.0,0.0,11.305,1.0,43.019998550415
InChI%3D1S%2FC15H24O%2Fc1-10-8-11%2814%282%2C3%294%2913%2816%2912%289-10%2915%285%2C6%297%2Fh8-9%2C16H%2C1-7H3,16.0,0.0,4.2956,1.0,16.0,0.0,6.0,1.0,0.125,2.0,14.0625,0.0,4.3491124260355,16.0,3.25,84.0,20.23,70.2438,0.0,196.163994789124
InChI%3D1S%2FC24H12O2%2Fc25-23-17-7-3-1-5-13%2817%2915-9-11-20-22-16%2810-12-19%2823%2921%2815%2922%2914-6-2-4-8-18%2814%2924%2820%2926%2Fh1-12H,31.0,0.0,5.2626,2.0,26.0,0.0,23.0,2.0,0.0,0.0,16.9094693028096,0.0,6.25,31.0,2.29362880886427,158.0,34.14,101.685,0.0,320.261991500854
InChI%3D1S%2FC8H18O%2Fc1-3-5-6-8%284-2%297-9%2Fh8-9H%2C3-7H2%2C1-2H3,8.0,0.0,2.1951,1.0,9.0,0.0,0.0,1.0,0.625,5.0,9.0,1.0,6.125,8.0,4.5,32.0,20.23,40.3918,0.0,112.086997032166
InChI%3D1S%2FC15H16N4O%2Fc1-3-19-15-13%2810%282%2918-19%2917-12%2820%299-16-14%2815%2911-7-5-4-6-8-11%2Fh4-8H%2C3%2C9H2%2C1-2H3%2C%28H%2C17%2C20%29,22.0,0.0,1.5216,4.0,20.0,2.0,11.0,5.0,0.0909090909090909,2.0,14.9173553719008,1.0,6.40582726326743,22.0,2.97890751757707,106.0,62.77,73.6922,0.0,252.191994667053
InChI%3D1S%2FCH5N3O%2Fc2-1%285%294-3%2Fh3H2%2C%28H3%2C2%2C4%2C5%29,4.0,0.0,-1.0575,4.0,5.0,0.0,0.0,4.0,0.25,1.0,5.0,1.0,2.25,4.0,4.0,16.0,82.13,17.6786,0.0,70.0309991836548
InChI%3D1S%2FC12H14O4%2Fc1-2-9%2813-5-11-7-15-11%294-10%283-1%2914-6-12-8-16-12%2Fh1-4%2C11-12H%2C5-8H2,18.0,0.0,1.2418,4.0,16.0,2.0,6.0,4.0,0.333333333333333,6.0,11.1111111111111,0.0,5.10416666666667,18.0,2.83111111111111,84.0,43.52,56.912,0.0,208.127994537354
InChI%3D1S%2FC3H8N2O%2Fc1-2-5%284%293-6%2Fh3H%2C2%2C4H2%2C1H3,5.0,0.0,-0.6616,3.0,6.0,0.0,0.0,3.0,0.4,2.0,6.0,0.0,3.2,5.0,3.0,20.0,46.33,22.6314,0.0,80.0459985733032
InChI%3D1S%2FC12H13NO4S2%2Fc1-2-18%2814%2C15%2911-7-8-12%2819%2813%2C16%2917%2910-6-4-3-5-9%2810%2911%2Fh3-8H%2C2H2%2C1H3%2C%28H2%2C13%2C16%2C17%29,20.0,4.0,3.4424,5.0,19.0,0.0,11.0,5.0,0.15,3.0,15.39,0.0,5.41311134235172,20.0,3.02958579881657,102.0,111.06,73.1364,0.0,286.268997192383
InChI%3D1S%2FC14H9Cl5%2Fc15-11-5-1-9%282-6-11%2913%2814%2817%2C18%2919%2910-3-7-12%2816%298-4-10%2Fh1-8%2C13H,20.0,0.0,6.4955,0.0,19.0,0.0,12.0,0.0,0.15,3.0,15.39,0.0,6.18549346016647,20.0,3.98615916955017,98.0,0.0,85.037,5.0,345.418991088867
InChI%3D1S%2FC2H2Cl2%2Fc1-2%283%294%2Fh1H2,3.0,0.0,1.9352,0.0,4.0,0.0,0.0,0.0,0.0,0.0,4.0,0.0,1.33333333333333,3.0,0.0,12.0,0.0,20.846,2.0,94.9279975891113
InChI%3D1S%2FC7H8ClN%2Fc1-5-2-3-6%288%294-7%285%299%2Fh2-4H%2C9H2%2C1H3,9.0,0.0,2.2306,1.0,9.0,0.0,6.0,1.0,0.0,0.0,7.11111111111111,0.0,2.72222222222222,9.0,1.70414201183432,42.0,26.02,40.6014,1.0,133.536996841431
InChI%3D1S%2FC18H20O2%2Fc1-3-17%2813-5-9-15%2819%2910-6-13%2918%284-2%2914-7-11-16%2820%2912-8-14%2Fh5-12%2C19-20H%2C3-4H2%2C1-2H3,21.0,0.0,4.8286,2.0,20.0,0.0,12.0,2.0,0.19047619047619,4.0,16.3718820861678,0.0,7.85204081632653,21.0,4.25,98.0,40.46,83.6096,0.0,248.195993423462
InChI%3D1S%2FC8H12N2%2Fc9-10-7-6-8-4-2-1-3-5-8%2Fh1-5%2C10H%2C6-7%2C9H2,10.0,0.0,0.6924,2.0,10.0,0.0,6.0,2.0,0.3,3.0,8.1,0.0,4.7603305785124,10.0,3.11111111111111,42.0,38.05,42.3361,0.0,124.101997375488
InChI%3D1S%2FC11H10N4%2Fc1-15-9-5-4-8-7%283-2-6-13-8%2910%289%2914-11%2815%2912%2Fh2-6H%2C1H3%2C%28H2%2C12%2C14%29,17.0,0.0,1.5341,2.0,15.0,2.0,15.0,3.0,0.0,0.0,10.1730103806228,0.0,3.7856,17.0,1.55555555555556,84.0,57.46,58.4254,0.0,188.148996353149
InChI%3D1S%2FH2O4S%2Fc1-5%282%2C3%294%2Fh%28H2%2C1%2C2%2C3%2C4%29,4.0,2.0,0.428,4.0,5.0,0.0,0.0,4.0,0.0,0.0,5.0,0.0,1.0,4.0,0.0,20.0,82.98,14.2216,0.0,96.0629997253418
InChI%3D1S%2FC7H14N2O%2Fc1-3-4-5-6-8-9%282%297-10%2Fh6-7H%2C3-5H2%2C1-2H3,9.0,0.0,1.2506,3.0,10.0,0.0,0.0,3.0,0.555555555555556,5.0,10.0,0.0,7.11111111111111,9.0,7.0,36.0,32.67,41.844,0.0,128.089997291565
InChI%3D1S%2FC20H38N6O4%2Fc1-12%282%299-16%2824-14%285%2928%2919%2830%2926-17%2810-13%283%294%2918%2829%2925-15%2811-27%297-6-8-23-20%2821%2922%2Fh11-13%2C15-17H%2C6-10H2%2C1-5H3%2C%28H%2C24%2C28%29%28H%2C25%2C29%29%28H%2C26%2C30%29%28H4%2C21%2C22%2C23%29,29.0,0.0,2.536,10.0,30.0,0.0,0.0,10.0,0.517241379310345,15.0,30.0,3.0,16.6077428780131,29.0,15.4623813002191,132.0,176.74,121.3542,0.0,388.257991790771
InChI%3D1S%2FC14H10Cl4%2Fc15-11-5-1-9%282-6-11%2913%2814%2817%2918%2910-3-7-12%2816%298-4-10%2Fh1-8%2C13-14H,19.0,0.0,5.929,0.0,18.0,0.0,12.0,0.0,0.157894736842105,3.0,14.409972299169,0.0,6.43786982248521,19.0,3.75,90.0,0.0,80.241,4.0,309.965991973877
InChI%3D1S%2FC14H9Cl5O%2Fc15-11-5-1-9%282-6-11%2913%2820%2C14%2817%2C18%2919%2910-3-7-12%2816%298-4-10%2Fh1-8%2C20H,21.0,0.0,5.5995,1.0,20.0,0.0,12.0,1.0,0.142857142857143,3.0,16.3718820861678,1.0,6.01171875,21.0,3.27662105889352,106.0,20.23,86.1928,5.0,361.417990684509
InChI%3D1S%2FC2H5N5O3%2Fc1-6%285-8%292%283%294-7%289%2910%2Fh1H3%2C%28H2%2C3%2C4%29,9.0,0.0,-0.1611,7.0,10.0,0.0,0.0,5.0,0.444444444444444,4.0,10.0,0.0,4.7603305785124,9.0,4.48,40.0,114.37,33.5824,0.0,142.053997993469
InChI%3D1S%2FC7H15Cl2N2O2P%2Fc8-2-4-10-14%2812%2911%286-3-9%295-1-7-13-14%2Fh1-7H2%2C%28H%2C10%2C12%29,14.0,0.0,1.8219,4.0,14.0,1.0,0.0,4.0,0.357142857142857,5.0,12.0714285714286,0.0,5.77777777777778,14.0,3.27272727272727,64.0,51.38,56.9714,2.0,245.968996047974
InChI%3D1S%2FC14H14N2%2Fc1-2-16-13-6-4-3-5-11%2813%2912-9-10%2815%297-8-14%2812%2916%2Fh3-9H%2C2%2C15H2%2C1H3,18.0,0.0,3.3966,1.0,16.0,1.0,15.0,2.0,0.0555555555555556,1.0,11.1111111111111,0.0,4.3491124260355,18.0,1.76454293628809,88.0,30.95,69.5304,0.0,196.167995452881
InChI%3D1S%2FC6H10N3O6P%2Fc1-5-7-4-6%289%2810%2911%298%285%292-3-15-16%2812%2C13%2914%2Fh4H%2C2-3H2%2C1H3%2C%28H2%2C12%2C13%2C14%29,16.0,0.0,1.6086,5.0,16.0,1.0,5.0,6.0,0.3125,5.0,14.0625,0.0,5.55765595463138,16.0,4.42361111111111,78.0,145.87,50.7175,0.0,241.054996490479
InChI%3D1S%2FC20H18ClNO6%2Fc1-10-7-12-14%2821%299-13%2817%2823%2916%2812%2920%2827%2928-10%2918%2824%2922-15%2819%2825%2926%298-11-5-3-2-4-6-11%2Fh2-6%2C9-10%2C15%2C23H%2C7-8H2%2C1H3%2C%28H%2C22%2C24%29%28H%2C25%2C26%29,30.0,0.0,1.8128,6.0,28.0,1.0,12.0,7.0,0.166666666666667,5.0,22.68,1.0,9.87128177393186,30.0,5.3890306122449,146.0,119.25,100.4916,1.0,385.673990249634
InChI%3D1S%2FC15H23ClO4S%2Fc1-12%2820-21%2817%2919-10-9-16%2911-18-14-7-5-13%286-8-14%2915%282%2C3%294%2Fh5-8%2C12H%2C9-11H2%2C1-4H3,21.0,0.0,4.4678,4.0,21.0,0.0,6.0,4.0,0.428571428571429,9.0,19.047619047619,0.0,9.20918367346939,21.0,7.705112960761,98.0,63.97,86.1335,1.0,311.680994033813
InChI%3D1S%2FC9H7N7O2S%2Fc1-15-4-14-7%2816%2817%2918%299%2815%2919-8-5-6%2811-2-10-5%2912-3-13-8%2Fh2-4H%2C1H3%2C%28H%2C10%2C11%2C12%2C13%29,21.0,0.0,1.669,7.0,19.0,3.0,15.0,6.0,0.142857142857143,3.0,13.9591836734694,0.0,5.78,21.0,2.7412254610351,102.0,143.4,67.8367,0.0,270.212997436523
InChI%3D1S%2FC8H8%2Fc1-2-8-6-4-3-5-7-8%2Fh2-7H%2C1H2,8.0,0.0,2.3296,0.0,8.0,0.0,6.0,0.0,0.125,1.0,6.125,0.0,3.11111111111111,8.0,1.8,34.0,0.0,36.533,0.0,96.0879974365234
InChI%3D1S%2FCH3NO2%2Fc1-2%283%294%2Fh1H3,3.0,0.0,0.4161,2.0,4.0,0.0,0.0,0.0,0.0,0.0,4.0,0.0,1.33333333333333,3.0,0.0,12.0,45.82,15.086,0.0,58.015998840332
InChI%3D1S%2FC8H5N3O4S%2Fc12-4-9-8-10-5%283-16-8%296-1-2-7%2815-6%2911%2813%2914%2Fh1-4H%2C%28H%2C9%2C10%2C12%29,17.0,0.0,3.0523,5.0,16.0,2.0,10.0,5.0,0.176470588235294,3.0,12.4567474048443,1.0,5.55765595463138,17.0,3.02972651605232,80.0,132.68,59.4188,0.0,234.171997070312
InChI%3D1S%2FC2H8N2%2Fc1-2-4-3%2Fh4H%2C2-3H2%2C1H3,3.0,0.0,-0.5304,2.0,4.0,0.0,0.0,2.0,0.333333333333333,1.0,4.0,0.0,3.0,3.0,4.0,10.0,38.05,17.8641,0.0,52.0359992980957
InChI%3D1S%2FC6H7ClN2%2Fc7-5-2-1-4%288%293-6%285%299%2Fh1-3H%2C8-9H2,9.0,0.0,1.5044,2.0,9.0,0.0,6.0,2.0,0.0,0.0,7.11111111111111,0.0,2.72222222222222,9.0,1.70414201183432,42.0,52.04,40.2768,1.0,135.532997131348
InChI%3D1S%2FC6H11Cl3O3%2Fc7-3-10-1-6%2812-5-9%292-11-4-8%2Fh6H%2C1-5H2,11.0,0.0,1.9937,3.0,12.0,0.0,0.0,3.0,0.727272727272727,8.0,12.0,0.0,9.09090909090909,11.0,7.43801652892562,44.0,27.69,48.937,3.0,226.42199420929
InChI%3D1S%2FC8H10N2O%2Fc1-6-2-4-7%285-3-6%2910-8%289%2911%2Fh2-5H%2C1H3%2C%28H3%2C9%2C10%2C11%29,11.0,0.0,1.8997,3.0,11.0,0.0,6.0,3.0,0.181818181818182,2.0,9.09090909090909,1.0,4.13265306122449,11.0,3.26530612244898,50.0,56.11,45.1572,0.0,140.10099697113
InChI%3D1S%2FC13H13N3O%2Fc1-17-13-9-11%287-8-12%2813%2914%2916-15-10-5-3-2-4-6-10%2Fh2-9H%2C14H2%2C1H3,18.0,0.0,3.6928,4.0,17.0,0.0,12.0,4.0,0.166666666666667,3.0,13.4320987654321,0.0,6.80529300567108,18.0,4.0,82.0,59.97,68.0244,0.0,214.16299533844
InChI%3D1S%2FC2H4Cl2O%2Fc3-1-5-2-4%2Fh1-2H2,4.0,0.0,1.3956,1.0,5.0,0.0,0.0,1.0,0.5,2.0,5.0,0.0,4.0,4.0,4.0,14.0,9.23,22.525,2.0,110.926997184753
InChI%3D1S%2FC6H7N3O%2Fc7-9-6%2810%295-1-3-8-4-2-5%2Fh1-4H%2C7H2%2C%28H%2C9%2C10%29,10.0,0.0,-0.3149,4.0,10.0,1.0,6.0,4.0,0.2,2.0,8.1,0.0,4.0,10.0,2.28571428571429,44.0,68.01,35.8906,0.0,130.085997581482
InChI%3D1S%2FC26H29NO%2Fc1-4-25%2821-11-7-5-8-12-21%2926%2822-13-9-6-10-14-22%2923-15-17-24%2818-16-23%2928-20-19-27%282%293%2Fh5-18H%2C4%2C19-20H2%2C1-3H3,30.0,0.0,4.579,1.0,28.0,0.0,18.0,1.0,0.266666666666667,8.0,22.68,0.0,12.0,30.0,6.76,138.0,13.67,120.8397,0.0,342.291991233826
InChI%3D1S%2FC2Cl6%2Fc3-1%284%2C5%292%286%2C7%298,7.0,0.0,3.7268,0.0,8.0,0.0,0.0,0.0,0.142857142857143,1.0,8.0,0.0,1.75,7.0,2.22222222222222,38.0,0.0,40.58,6.0,236.739994049072
InChI%3D1S%2FC9H8N4O2S%2Fc10-12-9-11-8%285-16-9%296-1-3-7%284-2-6%2913%2814%2915%2Fh1-5H%2C10H2%2C%28H%2C11%2C12%29,17.0,0.0,2.5271,5.0,16.0,1.0,11.0,4.0,0.176470588235294,3.0,12.4567474048443,0.0,5.55765595463138,17.0,3.02972651605232,80.0,125.0,64.1821,0.0,228.191997528076
InChI%3D1S%2FC12H14N4%2Fc13-9-3-1-7%285-11%289%2915%298-2-4-10%2814%2912%2816%296-8%2Fh1-6H%2C13-16H2,17.0,0.0,1.6824,4.0,16.0,0.0,12.0,4.0,0.0588235294117647,1.0,12.4567474048443,0.0,5.10416666666667,17.0,2.83111111111111,82.0,104.08,69.5276,0.0,200.159996032715
InChI%3D1S%2FCHBrCl2%2Fc2-1%283%294%2Fh1H,3.0,0.0,2.1425,0.0,4.0,0.0,0.0,0.0,0.0,0.0,4.0,0.0,1.33333333333333,3.0,0.0,12.0,0.0,24.421,3.0,162.820997238159
InChI%3D1S%2FC7H7NO3%2Fc1-11-7-5-3-2-4-6%287%298%289%2910%2Fh2-5H%2C1H3,11.0,0.0,2.1266,3.0,11.0,0.0,6.0,1.0,0.181818181818182,2.0,9.09090909090909,0.0,4.13265306122449,11.0,2.21453287197232,50.0,55.05,41.816,0.0,146.080996513367
InChI%3D1S%2FC7H9NO%2Fc1-9-7-5-3-2-4-6%287%298%2Fh2-5H%2C8H2%2C1H3,9.0,0.0,1.2774,2.0,9.0,0.0,6.0,2.0,0.111111111111111,1.0,7.11111111111111,0.0,3.2396694214876,9.0,1.70414201183432,40.0,35.25,37.4064,0.0,114.082997322083
InChI%3D1S%2FC7H8N2O2%2Fc8-9-6-3-1-5%282-4-6%297%2810%2911%2Fh1-4%2C9H%2C8H2%2C%28H%2C10%2C11%29,11.0,0.0,-0.6643,3.0,11.0,0.0,6.0,4.0,0.181818181818182,2.0,9.09090909090909,0.0,4.13265306122449,11.0,2.5,50.0,78.18,39.2691,0.0,144.088996887207
InChI%3D1S%2FCCl4%2Fc2-1%283%2C4%295,4.0,0.0,2.5529,0.0,5.0,0.0,0.0,0.0,0.0,0.0,5.0,0.0,1.0,4.0,0.0,20.0,0.0,26.143,4.0,153.822996139526
InChI%3D1S%2FC4H8O2%2Fc1-2-6-4-3-5-1%2Fh1-4H2,6.0,0.0,0.0332,2.0,6.0,1.0,0.0,2.0,0.0,0.0,4.16666666666667,0.0,2.22222222222222,6.0,1.33333333333333,24.0,18.46,21.638,0.0,80.0419979095459
InChI%3D1S%2FC18H22O5%2Fc1-12-6-5-8-13%2819%297-3-2-4-9-15-16%2818%2822%2923-12%2910-14%2820%2911-17%2815%2921%2Fh4%2C9-12%2C20-21H%2C2-3%2C5-8H2%2C1H3,24.0,0.0,3.5796,5.0,23.0,1.0,6.0,5.0,0.0,0.0,19.3263888888889,0.0,9.474609375,24.0,6.09418282548476,112.0,83.83,86.3921,0.0,296.192992210388
InChI%3D1S%2FC12H10Cl2N2%2Fc13-9-5-7%281-3-11%289%2915%298-2-4-12%2816%2910%2814%296-8%2Fh1-6H%2C15-16H2,17.0,0.0,3.8248,2.0,16.0,0.0,12.0,2.0,0.0588235294117647,1.0,12.4567474048443,0.0,5.10416666666667,17.0,2.83111111111111,82.0,52.04,70.7228,2.0,243.05199432373
InChI%3D1S%2FC11H10N4%2Fc1-7-3-2-6-15-10%287%2913-8-4-5-9%2812%2914-11%288%2915%2Fh2-6H%2C1H3%2C%28H2%2C12%2C14%29,17.0,0.0,1.6035,2.0,15.0,3.0,15.0,3.0,0.0,0.0,10.1730103806228,0.0,3.7856,17.0,1.64571428571429,84.0,56.94,57.6404,0.0,188.148996353149
InChI%3D1S%2FC22H14%2Fc1-3-7-19-15%285-1%299-11-17-14-22-18%2813-21%2817%2919%2912-10-16-6-2-4-8-20%2816%2922%2Fh1-14H,26.0,0.0,6.2994,0.0,22.0,0.0,26.0,0.0,0.0,0.0,14.3520710059172,0.0,5.81717451523546,26.0,2.4234693877551,128.0,0.0,96.466,0.0,264.241992950439
InChI%3D1S%2FCHBr2Cl%2Fc2-1%283%294%2Fh1H,3.0,0.0,2.2986,0.0,4.0,0.0,0.0,0.0,0.0,0.0,4.0,0.0,1.33333333333333,3.0,0.0,12.0,0.0,27.495,3.0,207.271997451782
InChI%3D1S%2FC14H8O4%2Fc15-9-5-1-3-7-11%289%2914%2818%2912-8%2813%287%2917%294-2-6-10%2812%2916%2Fh1-6%2C15-16H,20.0,0.0,1.8732,4.0,18.0,0.0,12.0,4.0,0.0,0.0,13.005,0.0,4.83555555555556,20.0,1.98347107438017,100.0,74.6,63.0786,0.0,232.149993896484
InChI%3D1S%2FC2H4N2O2%2Fc5-1-3-4-2-6%2Fh1-2H%2C%28H%2C3%2C5%29%28H%2C4%2C6%29,5.0,0.0,0.074,4.0,6.0,0.0,0.0,4.0,0.2,1.0,6.0,2.0,5.0,5.0,5.33333333333333,18.0,65.18,22.2416,0.0,84.0339984893799
InChI%3D1S%2FC17H21N3%2Fc1-19%282%2915-9-5-13%286-10-15%2917%2818%2914-7-11-16%2812-8-14%2920%283%294%2Fh5-12%2C18H%2C1-4H3,21.0,0.0,3.2348,3.0,20.0,0.0,12.0,3.0,0.19047619047619,4.0,16.3718820861678,0.0,7.31985731272295,21.0,4.25,100.0,30.33,87.4687,0.0,246.20799446106
InChI%3D1S%2FC10H13NO2%2Fc1-3-13-10-6-4-9%285-7-10%2911-8%282%2912%2Fh4-7H%2C3H2%2C1-2H3%2C%28H%2C11%2C12%29,13.0,0.0,2.6932,3.0,13.0,0.0,6.0,3.0,0.230769230769231,3.0,11.0769230769231,1.0,5.671875,13.0,4.1522491349481,58.0,41.82,53.0088,0.0,166.114995956421
InChI%3D1S%2FC12H11N3%2Fc1-7-12-8-4-2-3-5-9%288%2915-10%2812%296-11%2813%2914-7%2Fh2-6%2C15H%2C1H3%2C%28H2%2C13%2C14%29,17.0,0.0,2.4371,1.0,15.0,2.0,15.0,1.0,0.0,0.0,10.1730103806228,0.0,3.7856,17.0,1.64571428571429,84.0,55.43,60.7471,0.0,186.152996063232
InChI%3D1S%2FC4H10N2O%2Fc1-2-3-6%285%294-7%2Fh4H%2C2-3%2C5H2%2C1H3,6.0,0.0,-0.2715,3.0,7.0,0.0,0.0,3.0,0.5,3.0,7.0,0.0,4.16666666666667,6.0,3.84,24.0,46.33,27.2484,0.0,92.0569982528687
InChI%3D1S%2FC8H6N4O4%2Fc9-8-10-6%2811-16-8%293-1-5-2-4-7%2815-5%2912%2813%2914%2Fh1-4H%2C%28H2%2C9%2C10%2C11%29,17.0,0.0,1.677,4.0,16.0,2.0,10.0,4.0,0.176470588235294,3.0,12.4567474048443,0.0,5.55765595463138,17.0,3.49519890260631,80.0,124.63,53.1664,0.0,216.111995697021
InChI%3D1S%2FC6H6ClN%2Fc7-5-1-3-6%288%294-2-5%2Fh1-4H%2C8H2,8.0,0.0,1.9222,1.0,8.0,0.0,6.0,1.0,0.0,0.0,6.125,0.0,2.52,8.0,1.8,36.0,26.02,35.8644,1.0,121.525997161865
InChI%3D1S%2FC12H11ClN2O5S%2Fc13-9-5-10%2815-6-7-2-1-3-20-7%298%2812%2816%2917%294-11%289%2921%2814%2C18%2919%2Fh1-5%2C15H%2C6H2%2C%28H%2C16%2C17%29%28H2%2C14%2C18%2C19%29,22.0,2.0,1.6368,5.0,21.0,1.0,11.0,7.0,0.227272727272727,5.0,17.3553719008264,0.0,7.05078125,22.0,4.48753462603878,108.0,133.84,73.9211,1.0,319.660994529724
InChI%3D1S%2FC15H15N3O2%2Fc1-10-3-8-15%2820%2914%289-10%2918-17-13-6-4-12%285-7-13%2916-11%282%2919%2Fh3-9%2C17H%2C1-2H3%2C%28H%2C16%2C19%29,21.0,0.0,3.1476,5.0,20.0,0.0,6.0,5.0,0.142857142857143,3.0,16.3718820861678,1.0,7.85204081632653,21.0,5.37890625,98.0,74.05,80.8015,0.0,254.183994293213
InChI%3D1S%2FC8H10N2O%2Fc1-7%2811%299-10-8-5-3-2-4-6-8%2Fh2-6%2C10H%2C1H3%2C%28H%2C9%2C11%29,11.0,0.0,1.9899,3.0,11.0,0.0,6.0,3.0,0.181818181818182,2.0,9.09090909090909,1.0,4.79289940828402,11.0,3.78698224852071,48.0,44.62,45.8025,0.0,140.10099697113
InChI%3D1S%2FC4H6Cl2%2Fc5-3-1-2-4-6%2Fh1-2H%2C3-4H2,5.0,0.0,2.0202,0.0,6.0,0.0,0.0,0.0,0.4,2.0,6.0,0.0,5.0,5.0,5.33333333333333,18.0,0.0,30.58,2.0,118.949996948242
InChI%3D1S%2FC6H5NO2%2Fc8-7%289%296-4-2-1-3-5-6%2Fh1-5H,9.0,0.0,2.118,2.0,9.0,0.0,6.0,0.0,0.111111111111111,1.0,7.11111111111111,0.0,3.2396694214876,9.0,2.0,40.0,45.82,35.264,0.0,118.070997238159
InChI%3D1S%2FC6H3Cl3O%2Fc7-3-1-4%288%296%2810%295%289%292-3%2Fh1-2%2C10H,10.0,0.0,3.3524,1.0,10.0,0.0,6.0,1.0,0.0,0.0,8.1,0.0,2.93877551020408,10.0,1.75,48.0,20.23,43.1368,3.0,194.423995018005
InChI%3D1S%2FC2Cl4%2Fc3-1%284%292%285%296,5.0,0.0,3.0682,0.0,6.0,0.0,0.0,0.0,0.0,0.0,6.0,0.0,2.22222222222222,5.0,3.0,22.0,0.0,30.438,4.0,165.833995819092
InChI%3D1S%2FC4H10O%2Fc1-4%282%2C3%295%2Fh5H%2C1-3H3,4.0,0.0,0.7772,1.0,5.0,0.0,0.0,1.0,0.0,0.0,5.0,1.0,1.0,4.0,0.0,20.0,20.23,21.9718,0.0,64.0429983139038
InChI%3D1S%2FC13H14Cl2O3%2Fc1-12%282%2C11%2816%2917%2918-9-5-3-8%284-6-9%2910-7-13%2810%2C14%2915%2Fh3-6%2C10H%2C7H2%2C1-2H3%2C%28H%2C16%2C17%29,19.0,0.0,2.2551,2.0,18.0,0.0,6.0,3.0,0.210526315789474,4.0,14.409972299169,0.0,4.83555555555556,19.0,2.96296296296296,98.0,49.36,68.6375,2.0,275.045992851257
InChI%3D1S%2FC3H4O2%2Fc4-3-1-2-5-3%2Fh1-2H2,5.0,0.0,-0.0667,2.0,5.0,1.0,0.0,2.0,0.0,0.0,3.2,0.0,1.0,5.0,0.444444444444444,22.0,26.3,15.576,0.0,68.0309982299805
InChI%3D1S%2FC2H4N4%2Fc3-2-4-1-5-6-2%2Fh1H%2C%28H3%2C3%2C4%2C5%2C6%29,6.0,0.0,-0.7827,2.0,6.0,1.0,5.0,2.0,0.0,0.0,4.16666666666667,0.0,1.63265306122449,6.0,0.979591836734694,26.0,68.32,18.7931,0.0,80.0499992370605
InChI%3D1S%2FC10H17Cl2NOS%2Fc1-7%282%2913%288%283%294%2910%2814%2915-6-9%2812%295-11%2Fh5%2C7-8H%2C6H2%2C1-4H3,14.0,0.0,4.2774,3.0,15.0,0.0,0.0,3.0,0.428571428571429,6.0,15.0,0.0,7.30246913580247,14.0,5.58448753462604,64.0,45.61,69.754,2.0,253.088995933533
InChI%3D1S%2FC14H14ClN3O2S%2Fc1-8-4-3-5-10%289%288%292%2916-12-6-11%2815%2917-14%2818-12%2921-7-13%2819%2920%2Fh3-6H%2C7H2%2C1-2H3%2C%28H%2C19%2C20%29%28H%2C16%2C17%2C18%29,22.0,0.0,1.7543,4.0,21.0,1.0,12.0,5.0,0.181818181818182,4.0,17.3553719008264,0.0,8.02222222222222,22.0,5.28979591836735,104.0,106.47,81.1542,1.0,309.692995071411
InChI%3D1S%2FC17H22N2O%2Fc1-17%2820-14-13-19%282%293%2C15-9-5-4-6-10-15%2916-11-7-8-12-18-16%2Fh4-12H%2C13-14H2%2C1-3H3,21.0,0.0,1.5062,2.0,20.0,1.0,12.0,2.0,0.285714285714286,6.0,16.3718820861678,0.0,7.85204081632653,21.0,4.49632653061224,98.0,26.56,82.8967,0.0,248.199994087219
InChI%3D1S%2FC6H6ClN%2Fc7-4-6-2-1-3-8-5-6%2Fh1-3%2C5H%2C4H2,8.0,0.0,1.8204,1.0,8.0,1.0,6.0,1.0,0.125,1.0,6.125,0.0,3.11111111111111,8.0,1.8,34.0,12.89,33.794,1.0,121.525997161865
InChI%3D1S%2FC6H8N4O3S%2Fc1-2-7-5%2811%299-6-8-3-4%2814-6%2910%2812%2913%2Fh3H%2C2H2%2C1H3%2C%28H2%2C7%2C8%2C9%2C11%29,14.0,0.0,1.9203,6.0,14.0,1.0,5.0,5.0,0.285714285714286,4.0,12.0714285714286,1.0,5.77777777777778,14.0,3.96,64.0,131.57,55.1635,0.0,208.157998085022
InChI%3D1S%2FC6H6Cl2N2%2Fc7-4-1-3%289%292-5%288%296%284%2910%2Fh1-2H%2C9-10H2,10.0,0.0,2.1578,2.0,10.0,0.0,6.0,2.0,0.0,0.0,8.1,0.0,2.93877551020408,10.0,1.75,48.0,52.04,45.2868,2.0,170.985996246338
InChI%3D1S%2FC16H15NO2%2Fc17-15-11-5-4-10-14%2815%2916%2818%2919-12-6-9-13-7-2-1-3-8-13%2Fh1-11H%2C12%2C17H2,20.0,0.0,3.139,3.0,19.0,0.0,12.0,3.0,0.25,5.0,15.39,0.0,8.3232,20.0,5.12,90.0,52.32,76.6129,0.0,238.180994033813
InChI%3D1S%2FC12H9NO2%2Fc14-13%2815%2911-7-6-9-5-4-8-2-1-3-10%2811%2912%288%299%2Fh1-3%2C6-7H%2C4-5H2,17.0,0.0,3.3698,2.0,15.0,0.0,11.0,0.0,0.0588235294117647,1.0,10.1730103806228,0.0,3.7856,17.0,1.55555555555556,84.0,45.82,60.178,0.0,190.136995315552
InChI%3D1S%2FC6H11N2O4PS3%2Fc1-10-5-7-8%286%289%2916-5%294-15-13%2814%2C11-2%2912-3%2Fh4H2%2C1-3H3,16.0,0.0,2.172,7.0,16.0,1.0,5.0,9.0,0.375,6.0,14.0625,0.0,6.07438016528926,16.0,3.76923076923077,76.0,158.02,69.046,0.0,291.251001358032
InChI%3D1S%2FC12H12N2S%2Fc13-9-1-5-11%286-2-9%2915-12-7-3-10%2814%294-8-12%2Fh1-8H%2C13-14H2,16.0,0.0,3.0022,3.0,15.0,0.0,12.0,3.0,0.125,2.0,11.484375,0.0,5.36507936507936,16.0,3.5,74.0,77.34,65.8318,0.0,204.212997436523
InChI%3D1S%2FC12H27O4P%2Fc1-4-7-10-14-17%2813%2C15-11-8-5-2%2916-12-9-6-3%2Fh4-12H2%2C1-3H3,16.0,0.0,4.5446,4.0,17.0,0.0,0.0,4.0,0.75,12.0,17.0,0.0,11.1111111111111,16.0,9.679012345679,68.0,54.57,70.1865,0.0,239.10199546814
InChI%3D1S%2FC9H8O2%2Fc10-9-6-5-7-3-1-2-4-8%287%2911-9%2Fh1-4H%2C5-6H2,12.0,0.0,1.5382,2.0,11.0,1.0,6.0,2.0,0.0,0.0,7.63888888888889,0.0,3.1640625,12.0,1.6,56.0,26.3,40.398,0.0,140.096996307373
InChI%3D1S%2FC9H8O4%2Fc10-7-3-1-6%285-8%287%2911%292-4-9%2812%2913%2Fh1-5%2C10-11H%2C%28H%2C12%2C13%29,13.0,0.0,-0.1391,3.0,13.0,0.0,6.0,4.0,0.153846153846154,2.0,11.0769230769231,0.0,5.0242214532872,13.0,3.7037037037037,60.0,80.59,44.4991,0.0,172.094995498657
InChI%3D1S%2FC3H6N2S%2Fc6-3-4-1-2-5-3%2Fh1-2H2%2C%28H2%2C4%2C5%2C6%29,6.0,0.0,-0.3602,3.0,6.0,1.0,0.0,3.0,0.0,0.0,4.16666666666667,0.0,1.63265306122449,6.0,0.979591836734694,26.0,63.19,23.9281,0.0,96.1140003204346
InChI%3D1S%2FC4H4N2O2%2Fc7-3-1-2-5-4%288%296-3%2Fh1-2H%2C%28H2%2C5%2C6%2C7%2C8%29,8.0,0.0,-0.1122,4.0,8.0,1.0,6.0,4.0,0.0,0.0,6.125,0.0,2.52,8.0,1.8,36.0,66.24,25.3616,0.0,108.055997848511
InChI%3D1S%2FC9H13N%2Fc1-6-4-7%282%299%2810%298%283%295-6%2Fh4-5H%2C10H2%2C1-3H3,10.0,0.0,2.194,1.0,10.0,0.0,6.0,1.0,0.0,0.0,8.1,0.0,2.93877551020408,10.0,1.75,48.0,26.02,45.0654,0.0,122.105997085571
InChI%3D1S%2FC16H17NO2%2Fc1-18-15-9-10-16%2819-2%2913%2811-15%296-3-12-4-7-14%2817%298-5-12%2Fh3-11H%2C17H2%2C1-2H3,20.0,0.0,3.4564,3.0,19.0,0.0,12.0,3.0,0.2,4.0,15.39,0.0,7.69526627218935,20.0,4.5,92.0,44.48,79.3284,0.0,238.180994033813
InChI%3D1S%2FC15H11NO2%2Fc1-8-6-7-11-12%2813%288%2916%2915%2818%2910-5-3-2-4-9%2810%2914%2811%2917%2Fh2-7H%2C16H2%2C1H3,20.0,0.0,2.3526,3.0,18.0,0.0,12.0,3.0,0.0,0.0,13.005,0.0,4.83555555555556,20.0,1.98347107438017,100.0,60.16,68.8984,0.0,226.169994354248
InChI%3D1S%2FC2HCl3O2%2Fc3-2%284%2C5%291%286%297%2Fh%28H%2C6%2C7%29,6.0,0.0,0.1065,1.0,7.0,0.0,0.0,2.0,0.166666666666667,1.0,7.0,0.0,1.85185185185185,6.0,2.66666666666667,30.0,40.13,25.9835,3.0,162.378995895386
InChI%3D1S%2FC19H17N3%2Fc20-16-7-1-13%282-8-16%2919%2814-3-9-17%2821%2910-4-14%2915-5-11-18%2822%2912-6-15%2Fh1-12%2C20H%2C21-22H2,24.0,0.0,3.7987,3.0,22.0,0.0,12.0,3.0,0.0833333333333333,2.0,16.84375,0.0,7.71349862258953,24.0,4.30839002267574,114.0,75.89,93.7375,0.0,270.22999382019
InChI%3D1S%2FC20H26O2%2Fc1-3-20%2822%2911-9-18-17-6-4-13-12-14%2821%295-7-15%2813%2916%2817%298-10-19%2818%2C20%292%2Fh1%2C16-18%2C22H%2C4-12H2%2C2H3,25.0,0.0,3.6366,2.0,22.0,0.0,0.0,2.0,0.0,0.0,15.5232,1.0,5.25,25.0,2.11111111111111,130.0,37.3,85.9458,0.0,272.217992782593
InChI%3D1S%2FC34H27N9O7S2%2Fc35-22-10-15-27%2826%2836%2918-22%2941-38-24-11-6-19%287-12-24%2920-8-13-25%2814-9-20%2940-42-32-28%2851%2845%2C46%2947%2916-21-17-29%2852%2848%2C49%2950%2933%2834%2844%2930%2821%2931%2832%2937%2943-39-23-4-2-1-3-5-23%2Fh1-18%2C39H%2C35-37H2%2C%28H%2C45%2C46%2C47%29%28H%2C48%2C49%2C50%29,57.0,4.0,8.5472,14.0,52.0,0.0,30.0,16.0,0.157894736842105,9.0,41.6288088642659,0.0,18.0697278911565,57.0,10.5024005486968,282.0,300.12,193.9072,0.0,710.563988685608
InChI%3D1S%2FC3H10N2%2Fc1-2-3-5-4%2Fh5H%2C2-4H2%2C1H3,4.0,0.0,-0.1403,2.0,5.0,0.0,0.0,2.0,0.5,2.0,5.0,0.0,4.0,4.0,4.0,14.0,38.05,22.4811,0.0,64.0469989776611
InChI%3D1S%2FC18H14N4O5S%2Fc23-16-9-6-13%2811-15%2816%2918%2824%2925%2921-20-12-4-7-14%288-5-12%2928%2826%2C27%2922-17-3-1-2-10-19-17%2Fh1-11%2C20H%2C%28H%2C19%2C22%29%28H%2C24%2C25%29,30.0,2.0,1.5463,8.0,28.0,1.0,12.0,9.0,0.2,6.0,22.68,0.0,10.3469387755102,30.0,6.49750096116878,144.0,149.03,100.5129,0.0,384.287993431091
InChI%3D1S%2FC10H10O3%2Fc1-2-8%2811%297-3-4-9-10%285-7%2913-6-12-9%2Fh2-5%2C8%2C11H%2C1%2C6H2,14.0,0.0,1.6347,3.0,13.0,1.0,6.0,3.0,0.142857142857143,2.0,9.55102040816327,1.0,4.02216066481994,14.0,1.92,66.0,38.69,47.7218,0.0,168.106995582581
InChI%3D1S%2FC10H12Cl2O2%2Fc11-7-13-5-9-1-2-10%284-3-9%296-14-8-12%2Fh1-4H%2C5-8H2,14.0,0.0,3.1124,2.0,14.0,0.0,6.0,2.0,0.428571428571429,6.0,12.0714285714286,0.0,7.3125,14.0,4.88888888888889,60.0,18.46,57.46,2.0,223.013994216919
InChI%3D1S%2FC4H7Cl%2Fc1-4%282%293-5%2Fh3H%2C1-2H3,4.0,0.0,2.1489,0.0,5.0,0.0,0.0,0.0,0.0,0.0,5.0,0.0,2.25,4.0,4.0,16.0,0.0,25.284,1.0,83.496997833252
InChI%3D1S%2FC2H4Br2%2Fc3-1-2-4%2Fh1-2H2,3.0,0.0,1.7762,0.0,4.0,0.0,0.0,0.0,0.333333333333333,1.0,4.0,0.0,3.0,3.0,4.0,10.0,0.0,27.588,2.0,183.829998016357
InChI%3D1S%2FC5H14N2%2Fc1-2-3-4-5-7-6%2Fh7H%2C2-6H2%2C1H3,6.0,0.0,0.6399,2.0,7.0,0.0,0.0,2.0,0.666666666666667,4.0,7.0,0.0,6.0,6.0,6.0,22.0,38.05,31.7151,0.0,88.068998336792
InChI%3D1S%2FC12H15N3O6%2Fc1-6-9%2813%2816%2917%297%282%2911%2815%2820%2921%298%2812%283%2C4%295%2910%286%2914%2818%2919%2Fh1-5H3,21.0,0.0,4.8951,6.0,21.0,0.0,6.0,0.0,0.19047619047619,4.0,19.047619047619,0.0,6.62993572084481,21.0,3.6734693877551,108.0,137.46,81.082,0.0,282.146993637085
InChI%3D1S%2FC6H6%2Fc1-2-4-6-5-3-1%2Fh1-6H,6.0,0.0,1.6866,0.0,6.0,0.0,6.0,0.0,0.0,0.0,4.16666666666667,0.0,2.22222222222222,6.0,1.33333333333333,24.0,0.0,26.442,0.0,72.0659980773926
InChI%3D1S%2FC6H6Cl6%2Fc7-1-2%288%294%2810%296%2812%295%2811%293%281%299%2Fh1-6H,12.0,0.0,3.6444,0.0,12.0,0.0,0.0,0.0,0.0,0.0,10.0833333333333,0.0,3.39506172839506,12.0,1.5625,60.0,0.0,57.846,6.0,284.783992767334
InChI%3D1S%2FC7H10N2%2Fc1-5-2-3-6%288%294-7%285%299%2Fh2-4H%2C8-9H2%2C1H3,9.0,0.0,1.1594,2.0,9.0,0.0,6.0,2.0,0.0,0.0,7.11111111111111,0.0,2.72222222222222,9.0,1.70414201183432,42.0,52.04,40.0038,0.0,112.090997695923
InChI%3D1S%2FC18H28O3S%2Fc1-3-4-5-6-7-8-11-22%2819%2915%282%2912-16-9-10-17-18%2813-16%2921-14-20-17%2Fh9-10%2C13%2C15H%2C3-8%2C11-12%2C14H2%2C1-2H3,23.0,0.0,5.3212,3.0,22.0,1.0,6.0,3.0,0.434782608695652,10.0,18.3402646502836,0.0,9.98810939357907,23.0,6.20408163265306,104.0,54.74,92.2515,0.0,296.261994361877
InChI%3D1S%2FC12H11N%2Fc13-12-9-5-4-8-11%2812%2910-6-2-1-3-7-10%2Fh1-9H%2C13H2,14.0,0.0,2.9358,1.0,13.0,0.0,12.0,1.0,0.0714285714285714,1.0,9.55102040816327,0.0,4.48148148148148,14.0,2.26843100189036,64.0,26.02,56.2904,0.0,158.138996124268
InChI%3D1S%2FC24H31Cl2N5O7%2Fc1-2-14-21%2835%2930-16%2810-32%2922%2836%2929-15%2812-6-4-3-5-7-12%298-18%2834%2927-17%2811-33%2924%2838%2931-9-13%2825%2919%2826%2920%2831%2923%2837%2928-14%2Fh3-7%2C13-17%2C19-20%2C32-33H%2C2%2C8-11H2%2C1H3%2C%28H%2C27%2C34%29%28H%2C28%2C37%29%28H%2C29%2C36%29%28H%2C30%2C35%29,40.0,0.0,-0.436299999999997,12.0,38.0,2.0,6.0,12.0,0.1,4.0,32.51375,6.0,15.2908163265306,40.0,8.28341855368882,192.0,191.13,131.2098,2.0,541.197987556458
InChI%3D1S%2FC7H5N3O3S%2Fc8-7-9-4%283-14-7%295-1-2-6%2813-5%2910%2811%2912%2Fh1-3H%2C%28H2%2C8%2C9%29,15.0,0.0,2.2471,3.0,14.0,2.0,10.0,3.0,0.133333333333333,2.0,10.5155555555556,0.0,4.24489795918367,15.0,2.34319526627219,72.0,126.84,51.0484,0.0,206.161997795105
InChI%3D1S%2FC27H44O6%2Fc1-15%2820%2828%298-9-24%282%2C3%2932%2916-7-11-27%2833%2918-12-21%2829%2919-13-22%2830%2923%2831%2914-25%2819%2C4%2917%2818%296-10-26%2816%2C27%295%2Fh12%2C15-17%2C19-20%2C22-23%2C28%2C30-33H%2C6-11%2C13-14H2%2C1-5H3,36.0,0.0,2.73910000000001,6.0,33.0,0.0,0.0,6.0,0.138888888888889,5.0,26.0740740740741,5.0,8.54222222222222,36.0,4.08163265306122,192.0,118.22,125.142,0.0,420.290988922119
InChI%3D1S%2FC17H17ClO3%2Fc1-17%282%2C16%2819%2920-3%2921-15-10-6-13%287-11-15%2912-4-8-14%2818%299-5-12%2Fh4-11H%2C1-3H3,22.0,0.0,4.3374,3.0,21.0,0.0,12.0,3.0,0.227272727272727,5.0,17.3553719008264,0.0,7.51300728407908,22.0,4.73338203067933,106.0,35.53,83.611,1.0,287.636992454529
InChI%3D1S%2FC4H6%2Fc1-3-4-2%2Fh3-4H%2C1-2H2,3.0,0.0,1.3584,0.0,4.0,0.0,0.0,0.0,0.333333333333333,1.0,4.0,0.0,3.0,3.0,4.0,10.0,0.0,20.394,0.0,48.0439987182617
InChI%3D1S%2FC15H9NO4%2Fc1-8-6-7-11-12%2813%288%2916%2819%2920%2915%2818%2910-5-3-2-4-9%2810%2914%2811%2917%2Fh2-7H%2C1H3,22.0,0.0,3.2018,4.0,20.0,0.0,12.0,2.0,0.0454545454545455,1.0,14.9173553719008,0.0,5.65289256198347,22.0,2.390625,110.0,79.96,73.308,0.0,258.167993545532
InChI%3D1S%2FC10H8%2Fc1-2-6-10-8-4-3-7-9%2810%295-1%2Fh1-8H,11.0,0.0,2.8398,0.0,10.0,0.0,11.0,0.0,0.0,0.0,6.69421487603306,0.0,2.93877551020408,11.0,1.38271604938272,50.0,0.0,43.948,0.0,120.109996795654
InChI%3D1S%2FC20H28O6%2Fc1-9-5-13-18%2824%2C15%289%2922%297-11%288-21%296-12-14-17%283%2C4%2920%2814%2C26%2916%2823%2910%282%2919%2812%2C13%2925%2Fh5-6%2C10%2C12-14%2C16%2C21%2C23-26H%2C7-8H2%2C1-4H3,29.0,0.0,-0.0698999999999971,6.0,26.0,0.0,0.0,6.0,0.0344827586206897,1.0,19.3222354340071,5.0,5.32544378698225,29.0,1.87755102040816,162.0,118.22,92.821,0.0,336.213991165161
InChI%3D1S%2FC8H20N2%2Fc1-3-5-7-10%289%298-6-4-2%2Fh3-9H2%2C1-2H3,9.0,0.0,1.7623,2.0,10.0,0.0,0.0,2.0,0.666666666666667,6.0,10.0,0.0,7.11111111111111,9.0,7.0,36.0,29.26,45.5764,0.0,124.101997375488
InChI%3D1S%2FC2H6N2O%2Fc1-4%283%292-5%2Fh2H%2C3H2%2C1H3,4.0,0.0,-1.0517,3.0,5.0,0.0,0.0,3.0,0.25,1.0,5.0,0.0,2.25,4.0,4.0,16.0,46.33,18.0144,0.0,68.0349988937378
InChI%3D1S%2FC11H11N5%2Fc12-10-7-6-9%2811%2813%2914-10%2916-15-8-4-2-1-3-5-8%2Fh1-7H%2C%28H4%2C12%2C13%2C14%29,17.0,0.0,2.4918,4.0,16.0,1.0,12.0,4.0,0.117647058823529,2.0,12.4567474048443,0.0,6.07438016528926,17.0,3.76923076923077,78.0,90.38,61.6778,0.0,202.155996322632
InChI%3D1S%2FC12H11Cl2NO%2Fc1-4-12%282%2C3%2915-11%2816%298-5-9%2813%297-10%2814%296-8%2Fh1%2C5-7H%2C2-3H3%2C%28H%2C15%2C16%29,16.0,0.0,3.7098,2.0,16.0,0.0,6.0,2.0,0.125,2.0,14.0625,1.0,5.55765595463138,16.0,4.42361111111111,78.0,32.59,68.5398,2.0,245.04399394989
InChI%3D1S%2FC10H12N2O4%2Fc1-3-16-10-5-4-8%2811-7%282%2913%296-9%2810%2912%2814%2915%2Fh4-6H%2C3H2%2C1-2H3%2C%28H%2C11%2C13%29,16.0,0.0,3.1246,5.0,16.0,0.0,6.0,3.0,0.25,4.0,14.0625,1.0,6.66666666666667,16.0,4.42361111111111,74.0,87.64,61.8308,0.0,212.119995117188
InChI%3D1S%2FC14H19Cl2NO2%2Fc15-8-10-17%2811-9-16%2913-6-4-12%285-7-13%292-1-3-14%2818%2919%2Fh4-7H%2C1-3%2C8-11H2%2C%28H%2C18%2C19%29,19.0,0.0,2.0432,2.0,19.0,0.0,6.0,3.0,0.473684210526316,9.0,17.0526315789474,0.0,9.8336483931947,19.0,6.81656804733728,84.0,43.37,78.7265,2.0,285.064992904663
InChI%3D1S%2FC7H7Cl%2Fc8-6-7-4-2-1-3-5-7%2Fh1-5H%2C6H2,8.0,0.0,2.4254,0.0,8.0,0.0,6.0,0.0,0.125,1.0,6.125,0.0,3.11111111111111,8.0,1.8,34.0,0.0,35.999,1.0,119.529996871948
InChI%3D1S%2FC12H12N4%2Fc1-7-6-9-8%284-3-5-14-9%2910-11%287%2916%282%2912%2813%2915-10%2Fh3-6H%2C1-2H3%2C%28H2%2C13%2C15%29,18.0,0.0,1.8425,2.0,16.0,2.0,15.0,3.0,0.0,0.0,11.1111111111111,0.0,4.03292181069959,18.0,1.67521367521368,90.0,57.46,63.1624,0.0,200.159996032715
InChI%3D1S%2FC43H58N4O12%2Fc1-21-12-11-13-22%282%2942%2855%2945-33-28%2820-44-47-17-15-46%289%2916-18-47%2937%2852%2930-31%2838%2833%2953%2936%2851%2926%286%2940-32%2830%2941%2854%2943%288%2C59-40%2957-19-14-29%2856-10%2923%283%2939%2858-27%287%2948%2925%285%2935%2850%2924%284%2934%2821%2949%2Fh11-14%2C19-21%2C23-25%2C29%2C34-35%2C39%2C44%2C49-51%2C53H%2C15-18H2%2C1-10H3%2C%28H%2C45%2C55%29,63.0,0.0,3.79210000000001,15.0,59.0,3.0,6.0,15.0,0.0793650793650794,5.0,50.0065507684555,4.0,21.3266183793572,63.0,10.9301123730545,314.0,221.35,212.296,0.0,764.488981246948
InChI%3D1S%2FC2H2Cl2O2%2Fc3-1%284%292%285%296%2Fh1H%2C%28H%2C5%2C6%29,5.0,0.0,-0.46,1.0,6.0,0.0,0.0,2.0,0.2,1.0,6.0,0.0,2.22222222222222,5.0,3.0,22.0,40.13,21.1875,2.0,126.925996780396
InChI%3D1S%2FC13H12Cl2N2%2Fc14-10-6-8%281-3-12%2810%2916%295-9-2-4-13%2817%2911%2815%297-9%2Fh1-4%2C6-7H%2C5%2C16-17H2,18.0,0.0,3.7486,2.0,17.0,0.0,12.0,2.0,0.111111111111111,2.0,13.4320987654321,0.0,5.76,18.0,3.48444444444444,86.0,52.04,74.5348,2.0,255.062994003296
InChI%3D1S%2FC2H8N2%2Fc1-4%282%293%2Fh3H2%2C1-2H3,3.0,0.0,-0.5783,2.0,4.0,0.0,0.0,2.0,0.0,0.0,4.0,0.0,1.33333333333333,3.0,0.0,12.0,29.26,17.8744,0.0,52.0359992980957
InChI%3D1S%2FC8H20N2%2Fc1-3-5-7-9-10-8-6-4-2%2Fh9-10H%2C3-8H2%2C1-2H3,9.0,0.0,1.6808,2.0,10.0,0.0,0.0,2.0,0.777777777777778,7.0,10.0,0.0,9.0,9.0,9.14285714285714,34.0,24.06,45.8214,0.0,124.101997375488
InChI%3D1S%2FC12H11N%2Fc13-12-8-6-11%287-9-12%2910-4-2-1-3-5-10%2Fh1-9H%2C13H2,14.0,0.0,2.9358,1.0,13.0,0.0,12.0,1.0,0.0714285714285714,1.0,9.55102040816327,0.0,4.48148148148148,14.0,2.47933884297521,64.0,26.02,56.2904,0.0,158.138996124268
InChI%3D1S%2FC2H3Cl3%2Fc3-1-2%284%295%2Fh2H%2C1H2,4.0,0.0,2.0289,0.0,5.0,0.0,0.0,0.0,0.25,1.0,5.0,0.0,2.25,4.0,4.0,16.0,0.0,26.214,3.0,130.380996704102
InChI%3D1S%2FC6H12N2O%2Fc9-7-8-5-3-1-2-4-6-8%2Fh1-6H2,9.0,0.0,1.4817,3.0,9.0,1.0,0.0,3.0,0.111111111111111,1.0,7.11111111111111,0.0,3.92,9.0,2.3801652892562,38.0,32.67,33.6162,0.0,116.078997612
InChI%3D1S%2FC18H27NO3%2Fc1-14%282%298-6-4-5-7-9-18%2821%2919-13-15-10-11-16%2820%2917%2812-15%2922-3%2Fh6%2C8%2C10-12%2C14%2C20H%2C4-5%2C7%2C9%2C13H2%2C1-3H3%2C%28H%2C19%2C21%29,22.0,0.0,4.6299,4.0,22.0,0.0,6.0,4.0,0.409090909090909,9.0,20.0454545454545,1.0,11.522633744856,22.0,9.03686087990488,98.0,62.05,90.8726,0.0,278.201992988586
InChI%3D1S%2FC17H22N2%2Fc1-18%282%2916-9-5-14%286-10-16%2913-15-7-11-17%2812-8-15%2919%283%294%2Fh5-12H%2C13H2%2C1-4H3,20.0,0.0,3.4094,2.0,19.0,0.0,12.0,2.0,0.2,4.0,15.39,0.0,7.1358024691358,20.0,4.5,94.0,6.48,84.344,0.0,232.200994491577
InChI%3D1S%2FC32H24N6O16S4%2Fc33-19-11-17%2855%2843%2C44%2945%295-15-9-25%2857%2849%2C50%2951%2929%2831%2841%2927%2815%2919%2937-35-21-3-1-13%287-23%2821%2939%2914-2-4-22%2824%2840%298-14%2936-38-30-26%2858%2852%2C53%2954%2910-16-6-18%2856%2846%2C47%2948%2912-20%2834%2928%2816%2932%2830%2942%2Fh1-12%2C35-36%2C39-40H%2C33-34H2%2C%28H%2C43%2C44%2C45%29%28H%2C46%2C47%2C48%29%28H%2C49%2C50%2C51%29%28H%2C52%2C53%2C54%29,63.0,8.0,5.1616,18.0,58.0,0.0,24.0,22.0,0.142857142857143,9.0,47.4784580498866,0.0,17.8752,63.0,10.52734375,326.0,437.74,199.1444,0.0,852.645988464355
InChI%3D1S%2FC3H4Cl2%2Fc4-2-1-3-5%2Fh1-2H%2C3H2,4.0,0.0,1.9777,0.0,5.0,0.0,0.0,0.0,0.25,1.0,5.0,0.0,4.0,4.0,4.0,14.0,0.0,25.713,2.0,106.938997268677
InChI%3D1S%2FC2H2Cl4%2Fc3-1-2%284%2C5%296%2Fh1H2,5.0,0.0,2.5954,0.0,6.0,0.0,0.0,0.0,0.2,1.0,6.0,0.0,1.63265306122449,5.0,5.33333333333333,24.0,0.0,31.01,4.0,165.833995819092
InChI%3D1S%2FC11H17F3N6O%2Fc12-11%2813%2C14%297-17-10%2816%2918-9-4-6-20%2819-9%295-2-1-3-8%2815%2921%2Fh4%2C6H%2C1-3%2C5%2C7H2%2C%28H2%2C15%2C21%29%28H3%2C16%2C17%2C18%2C19%29,21.0,0.0,1.5092,5.0,21.0,1.0,5.0,6.0,0.428571428571429,9.0,19.047619047619,1.0,9.20918367346939,21.0,9.58579881656805,98.0,113.04,70.3366,3.0,289.155993461609
InChI%3D1S%2FC7H9N%2Fc1-6-2-4-7%288%295-3-6%2Fh2-5H%2C8H2%2C1H3,8.0,0.0,1.5772,1.0,8.0,0.0,6.0,1.0,0.0,0.0,6.125,0.0,2.52,8.0,1.8,36.0,26.02,35.5914,0.0,98.0839977264404
InChI%3D1S%2FC3H5NO2%2Fc1-2-6-3%284%295%2Fh2H%2C1H2%2C%28H2%2C4%2C5%29,5.0,0.0,0.6393,3.0,6.0,0.0,0.0,3.0,0.4,2.0,6.0,1.0,3.2,5.0,5.33333333333333,20.0,53.31,21.6375,0.0,82.0379981994629
InChI%3D1S%2FC12H7Cl2NO3%2Fc13-8-1-6-12%2811%2814%297-8%2918-10-4-2-9%283-5-10%2915%2816%2917%2Fh1-7H,19.0,0.0,5.2171,3.0,18.0,0.0,12.0,1.0,0.157894736842105,3.0,14.409972299169,0.0,6.43786982248521,19.0,3.99583766909469,90.0,55.05,71.8,2.0,277.041993141174
InChI%3D1S%2FC12H11N7%2Fc13-9-7%286-4-2-1-3-5-6%2916-8-10%2814%2918-12%2815%2919-11%288%2917-9%2Fh1-5H%2C%28H6%2C13%2C14%2C15%2C17%2C18%2C19%29,21.0,0.0,0.4458,5.0,19.0,2.0,16.0,5.0,0.0476190476190476,1.0,13.9591836734694,0.0,5.78,21.0,2.88,102.0,131.08,68.9132,0.0,242.180995941162
InChI%3D1S%2FCH2Cl2%2Fc2-1-3%2Fh1H2,2.0,0.0,1.4215,0.0,3.0,0.0,0.0,0.0,0.0,0.0,3.0,0.0,2.0,2.0,0.0,6.0,0.0,16.573,2.0,82.9169979095459
InChI%3D1S%2FC5H12O%2Fc1-5%282%2C3%296-4%2Fh1-4H3,5.0,0.0,1.4313,1.0,6.0,0.0,0.0,1.0,0.2,1.0,6.0,0.0,1.63265306122449,5.0,5.33333333333333,24.0,9.23,26.762,0.0,76.0539979934692
InChI%3D1S%2FC6H14O2%2Fc1-2-3-5-8-6-4-7%2Fh7H%2C2-6H2%2C1H3,7.0,0.0,0.7954,2.0,8.0,0.0,0.0,2.0,0.714285714285714,5.0,8.0,1.0,7.0,7.0,7.2,26.0,29.46,32.8128,0.0,104.063997268677
InChI%3D1S%2FC8H16N2O%2Fc1-3-4-5-6-7-9-10%282%298-11%2Fh7-8H%2C3-6H2%2C1-2H3,10.0,0.0,1.6407,3.0,11.0,0.0,0.0,3.0,0.6,6.0,11.0,0.0,8.1,10.0,7.90123456790123,40.0,32.67,46.461,0.0,140.10099697113
InChI%3D1S%2FC14H16N2O2%2Fc1-17-13-7-9%283-5-11%2813%2915%2910-4-6-12%2816%2914%288-10%2918-2%2Fh3-8H%2C15-16H2%2C1-2H3,19.0,0.0,2.5352,4.0,18.0,0.0,12.0,4.0,0.157894736842105,3.0,14.409972299169,0.0,6.43786982248521,19.0,3.32179930795848,90.0,70.5,73.8068,0.0,228.165994644165
InChI%3D1S%2FC10H8N4%2Fc11-8-5-4-7-10%2813-8%2914-6-2-1-3-9%2814%2912-7%2Fh1-6H%2C%28H2%2C11%2C13%29,16.0,0.0,1.2951,2.0,14.0,3.0,15.0,3.0,0.0,0.0,9.2421875,0.0,3.53875236294896,16.0,1.546875,78.0,56.94,52.9034,0.0,176.137996673584
InChI%3D1S%2FC9H8Cl3NO2S%2Fc10-9%2811%2C12%2916-13-7%2814%295-3-1-2-4-6%285%298%2813%2915%2Fh1-2%2C5-6H%2C3-4H2,17.0,0.0,2.8514,4.0,16.0,1.0,0.0,4.0,0.117647058823529,2.0,12.4567474048443,0.0,4.3491124260355,17.0,2.48828125,86.0,62.68,62.8682,3.0,292.5299949646
InChI%3D1S%2FC9H4F3N3O4S%2Fc10-9%2811%2C12%297%2816%2914-8-13-4%283-20-8%295-1-2-6%2819-5%2915%2817%2918%2Fh1-3H%2C%28H%2C13%2C14%2C16%29,21.0,0.0,3.9848,5.0,20.0,2.0,10.0,5.0,0.19047619047619,4.0,16.3718820861678,1.0,6.40582726326743,21.0,4.25,104.0,132.68,64.4168,3.0,303.17699432373
InChI%3D1S%2FC3H4O2%2Fc4-2-1-3-5%2Fh1-4H,4.0,0.0,0.257,2.0,5.0,0.0,0.0,2.0,0.25,1.0,5.0,1.0,4.0,4.0,4.0,14.0,37.3,17.8328,0.0,68.0309982299805
InChI%3D1S%2FC12H8Cl6%2Fc13-8-9%2814%2911%2816%297-5-2-1-4%283-5%296%287%2910%288%2C15%2912%2811%2C17%2918%2Fh1-2%2C4-7H%2C3H2,21.0,0.0,5.2702,0.0,18.0,0.0,0.0,0.0,0.0,0.0,11.7959183673469,0.0,2.86127547666009,21.0,0.855424370683894,120.0,0.0,78.054,6.0,356.849990844727
InChI%3D1S%2FC10H9N%2Fc11-10-7-3-5-8-4-1-2-6-9%288%2910%2Fh1-7H%2C11H2,12.0,0.0,2.422,1.0,11.0,0.0,11.0,1.0,0.0,0.0,7.63888888888889,0.0,3.1640625,12.0,1.45124716553288,56.0,26.02,48.3604,0.0,134.116996765137
InChI%3D1S%2FC6H6O2%2Fc7-5-1-2-6%288%294-3-5%2Fh1-4%2C7-8H,8.0,0.0,1.0978,2.0,8.0,0.0,6.0,2.0,0.0,0.0,6.125,0.0,2.52,8.0,1.8,36.0,40.46,29.7716,0.0,104.063997268677
InChI%3D1S%2FC16H12N2O2%2Fc19-15-13-7-3-1-5-11%2813%299-17-16%2820%2914-8-4-2-6-12%2814%2910-18%2815%2917%2Fh1-8H%2C9-10H2,23.0,0.0,2.0892,4.0,20.0,2.0,12.0,4.0,0.0,0.0,13.648393194707,0.0,5.32525951557093,23.0,2.2032,114.0,40.62,68.1914,0.0,252.187994003296
InChI%3D1S%2FC34H59NO15%2Fc1-5-6-9-20%283%2932%2850-31%2844%2917-23%2834%2847%2948%2915-29%2841%2942%2927%2849-30%2843%2916-22%2833%2845%2946%2914-28%2839%2940%2913-19%282%2912-24%2836%2910-7-8-11-25%2837%2918-26%2838%2921%284%2935%2Fh19-27%2C32%2C36-38H%2C5-18%2C35H2%2C1-4H3%2C%28H%2C39%2C40%29%28H%2C41%2C42%29%28H%2C45%2C46%29%28H%2C47%2C48%29,49.0,0.0,-3.49139999999999,11.0,50.0,0.0,0.0,15.0,0.63265306122449,31.0,50.0,3.0,27.5625,49.0,24.1229672532858,226.0,301.45,170.6585,0.0,662.365983009338
InChI%3D1S%2FC8H9N3O2%2Fc1-6%2812%2910-11-8%2813%297-2-4-9-5-3-7%2Fh2-5H%2C1H3%2C%28H%2C10%2C12%29%28H%2C11%2C13%29,13.0,0.0,0.702799999999999,5.0,13.0,1.0,6.0,5.0,0.230769230769231,3.0,11.0769230769231,1.0,5.671875,13.0,4.1522491349481,58.0,74.58,47.441,0.0,170.106996536255
InChI%3D1S%2FC6H13NO2S%2Fc1-2-10-4-3-5%287%296%288%299%2Fh5H%2C2-4%2C7H2%2C1H3%2C%28H%2C8%2C9%29,9.0,0.0,-1.51,2.0,10.0,0.0,0.0,3.0,0.555555555555556,5.0,10.0,0.0,5.76,9.0,5.53086419753086,38.0,93.07,42.1196,0.0,150.137998580933
InChI%3D1S%2FC4H8N2O%2Fc7-5-6-3-1-2-4-6%2Fh1-4H2,7.0,0.0,0.7015,3.0,7.0,1.0,0.0,3.0,0.142857142857143,1.0,5.14285714285714,0.0,2.34375,7.0,1.18518518518519,30.0,32.67,24.3822,0.0,92.0569982528687
InChI%3D1S%2FC24H34O9%2Fc1-12%282%297-18%2827%2932-16-9-23%2810-29-14%284%2925%2917%288-13%2816%293%2933-21-19%2828%2920%2831-15%285%2926%2922%2823%2C6%2924%2821%2911-30-24%2Fh8%2C12%2C16-17%2C19-21%2C28H%2C7%2C9-11H2%2C1-6H3,36.0,0.0,1.6927,9.0,33.0,2.0,0.0,9.0,0.25,9.0,26.0740740740741,1.0,9.14149821640904,36.0,3.8939967550027,188.0,120.89,113.7868,0.0,432.254988670349
InChI%3D1S%2FC4H3FN2O2%2Fc5-2-1-6-4%289%297-3%282%298%2Fh1H%2C%28H2%2C6%2C7%2C8%2C9%29,9.0,0.0,0.0268999999999999,4.0,9.0,1.0,6.0,4.0,0.0,0.0,7.11111111111111,0.0,2.72222222222222,9.0,1.70414201183432,42.0,66.24,25.3196,1.0,127.053997039795
InChI%3D1S%2FC2H5NS%2Fc1-2%283%294%2Fh1H3%2C%28H2%2C3%2C4%29,3.0,0.0,0.9134,2.0,4.0,0.0,0.0,2.0,0.0,0.0,4.0,0.0,1.33333333333333,3.0,0.0,12.0,62.65,22.3867,0.0,70.0960006713867
InChI%3D1S%2FC6H12Cl3O4P%2Fc7-1-4-11-14%2810%2C12-5-2-8%2913-6-3-9%2Fh1-6H2,13.0,0.0,2.8607,4.0,14.0,0.0,0.0,4.0,0.692307692307692,9.0,14.0,0.0,8.32,13.0,7.04,56.0,54.57,57.6225,3.0,273.394994735718
InChI%3D1S%2FC8H10%2Fc1-2-8-6-4-3-5-7-8%2Fh3-7H%2C2H2%2C1H3,8.0,0.0,2.249,0.0,8.0,0.0,6.0,0.0,0.125,1.0,6.125,0.0,3.11111111111111,8.0,1.8,34.0,0.0,35.82,0.0,96.0879974365234
InChI%3D1S%2FC12H11N3%2Fc1-7-6-9-8-4-2-3-5-10%288%2914-12%289%2915-11%287%2913%2Fh2-6H%2C1H3%2C%28H3%2C13%2C14%2C15%29,17.0,0.0,2.4371,1.0,15.0,2.0,15.0,1.0,0.0,0.0,10.1730103806228,0.0,3.7856,17.0,1.64571428571429,84.0,55.43,60.7471,0.0,186.152996063232
InChI%3D1S%2FC4H7NO2%2Fc1-2-4%287%295-3-6%2Fh2%2C6H%2C1%2C3H2%2C%28H%2C5%2C7%29,6.0,0.0,0.0787,3.0,7.0,0.0,0.0,3.0,0.333333333333333,2.0,7.0,2.0,4.16666666666667,6.0,3.84,24.0,52.82,27.3466,0.0,94.0489978790283
InChI%3D1S%2FC7H6N4O3S%2Fc8-10-7-9-4%283-15-7%295-1-2-6%2814-5%2911%2812%2913%2Fh1-3H%2C8H2%2C%28H%2C9%2C10%29,16.0,0.0,2.1201,5.0,15.0,2.0,10.0,5.0,0.1875,3.0,11.484375,0.0,4.88842975206612,16.0,2.57142857142857,76.0,138.14,56.4481,0.0,220.168997764587
InChI%3D1S%2FC12H12N2O3%2Fc1-2-12%288-6-4-3-5-7-8%299%2815%2913-11%2817%2914-10%2812%2916%2Fh3-7H%2C2H2%2C1H3%2C%28H2%2C13%2C14%2C15%2C16%2C17%29,18.0,0.0,1.2522,5.0,17.0,1.0,6.0,5.0,0.111111111111111,2.0,13.4320987654321,2.0,5.32544378698225,18.0,2.29072315558802,88.0,82.25,58.317,0.0,220.142994880676
InChI%3D1S%2FC4H4N2OS%2Fc7-3-1-2-5-4%288%296-3%2Fh1-2H%2C%28H2%2C5%2C6%2C7%2C8%29,8.0,0.0,0.4709,4.0,8.0,1.0,6.0,4.0,0.0,0.0,6.125,0.0,2.52,8.0,1.8,36.0,84.81,30.9488,0.0,124.123999595642
InChI%3D1S%2FC2H6N2O%2Fc1-4%282%293-5%2Fh1-2H3,4.0,0.0,0.2294,3.0,5.0,0.0,0.0,3.0,0.25,1.0,5.0,0.0,2.25,4.0,4.0,16.0,32.67,19.482,0.0,68.0349988937378
InChI%3D1S%2FC12H10FN%2Fc13-11-5-1-9%282-6-11%2910-3-7-12%2814%298-4-10%2Fh1-8H%2C14H2,15.0,0.0,3.0749,1.0,14.0,0.0,12.0,1.0,0.0666666666666667,1.0,10.5155555555556,0.0,4.68,15.0,2.75,70.0,26.02,56.2484,1.0,177.136995315552
InChI%3D1S%2FC3H7N3O3%2Fc4-3%288%296%285-9%291-2-7%2Fh7H%2C1-2H2%2C%28H2%2C4%2C8%29,8.0,0.0,-0.5451,6.0,9.0,0.0,0.0,6.0,0.5,4.0,9.0,2.0,4.83950617283951,8.0,3.55555555555556,34.0,96.98,29.9423,0.0,126.05099773407
InChI%3D1S%2FC42H50Cl4N2O4%2Fc1-42-17-16-36-35-13-11-34%2851-40%2849%2926-29-2-7-32%288-3-29%2947%2822-18-43%2923-19-44%2928-31%2835%296-12-37%2836%2938%2842%2914-15-39%2842%2952-41%2850%2927-30-4-9-33%2810-5-30%2948%2824-20-45%2925-21-46%2Fh2-5%2C7-11%2C13%2C28%2C36-39H%2C6%2C12%2C14-27H2%2C1H3,57.0,0.0,9.41330000000001,6.0,52.0,0.0,18.0,6.0,0.315789473684211,18.0,41.6288088642659,0.0,19.921875,57.0,10.3105799175154,274.0,59.08,214.172,4.0,738.283981323242
InChI%3D1S%2FC7H8ClN%2Fc1-5-4-6%288%292-3-7%285%299%2Fh2-4H%2C9H2%2C1H3,9.0,0.0,2.2306,1.0,9.0,0.0,6.0,1.0,0.0,0.0,7.11111111111111,0.0,2.72222222222222,9.0,1.70414201183432,42.0,26.02,40.6014,1.0,133.536996841431
InChI%3D1S%2FC2H3Cl3O2%2Fc3-2%284%2C5%291%286%297%2Fh1%2C6-7H,6.0,0.0,1.5911,2.0,7.0,0.0,0.0,2.0,0.166666666666667,1.0,7.0,2.0,1.85185185185185,6.0,2.66666666666667,30.0,40.46,27.4046,3.0,162.378995895386
InChI%3D1S%2FC10H9Cl4O4P%2Fc1-16-19%2815%2C17-2%2918-10%285-11%296-3-8%2813%299%2814%294-7%286%2912%2Fh3-5H%2C1-2H3,19.0,0.0,5.6015,4.0,19.0,0.0,6.0,4.0,0.263157894736842,5.0,17.0526315789474,0.0,7.1358024691358,19.0,4.23140495867769,92.0,54.57,78.0115,4.0,356.89199256897
InChI%3D1S%2FC9H10N4S%2Fc10-7-3-1-6%282-4-7%298-5-14-9%2812-8%2913-11%2Fh1-5H%2C10-11H2%2C%28H%2C12%2C13%29,15.0,0.0,1.6779,4.0,14.0,1.0,11.0,5.0,0.133333333333333,2.0,10.5155555555556,0.0,4.68,15.0,2.5344,70.0,105.2,59.7725,0.0,196.193998336792
InChI%3D1S%2FC33H40N2O9%2Fc1-38-19-7-8-20-21-9-10-35-16-18-13-27%2844-32%2836%2917-11-25%2839-2%2930%2841-4%2926%2812-17%2940-3%2931%2842-5%2928%2833%2837%2943-6%2922%2818%2915-24%2835%2929%2821%2934-23%2820%2914-19%2Fh7-8%2C11-12%2C14%2C18%2C22%2C24%2C27-28%2C31%2C34H%2C9-10%2C13%2C15-16H2%2C1-6H3,49.0,0.0,4.3232,9.0,44.0,3.0,16.0,9.0,0.204081632653061,10.0,33.884214910454,0.0,14.6319444444444,49.0,6.43681025275899,242.0,118.98,159.4301,0.0,568.367985725403
InChI%3D1S%2FC6H13NO%2Fc1-2-3-4-5-6%287%298%2Fh2-5H2%2C1H3%2C%28H2%2C7%2C8%29,7.0,0.0,2.102,2.0,8.0,0.0,0.0,2.0,0.571428571428571,4.0,8.0,1.0,5.14285714285714,7.0,7.2,28.0,44.08,34.4975,0.0,102.071997642517
InChI%3D1S%2FC8H6N4O4S%2Fc1-4%2813%299-8-11-10-7%2817-8%295-2-3-6%2816-5%2912%2814%2915%2Fh2-3H%2C1H3%2C%28H%2C9%2C11%2C13%29,18.0,0.0,2.8374,6.0,17.0,2.0,10.0,6.0,0.166666666666667,3.0,13.4320987654321,1.0,5.76,18.0,3.48444444444444,86.0,145.57,61.8308,0.0,248.178997039795
InChI%3D1S%2FC23H36N2O2%2Fc1-21%282%2C3%2925-20%2827%2917-8-7-15-14-6-9-18-23%285%2C13-11-19%2826%2924-18%2916%2814%2910-12-22%2815%2C17%294%2Fh11%2C13-18H%2C6-10%2C12H2%2C1-5H3%2C%28H%2C24%2C26%29%28H%2C25%2C27%29,30.0,0.0,4.9307,4.0,27.0,1.0,0.0,4.0,0.0666666666666667,2.0,20.28,2.0,6.76801332778009,30.0,3.33615504566719,158.0,65.18,107.8758,0.0,336.264991760254
InChI%3D1S%2FC2H5N3O2%2Fc1-5%284-7%292%283%296%2Fh1H3%2C%28H2%2C3%2C6%29,6.0,0.0,0.0924,5.0,7.0,0.0,0.0,5.0,0.333333333333333,2.0,7.0,1.0,3.06122448979592,6.0,2.66666666666667,26.0,76.75,23.9135,0.0,98.0409984588623
InChI%3D1S%2FC7H10N2%2Fc8-9-6-7-4-2-1-3-5-7%2Fh1-5%2C9H%2C6%2C8H2,9.0,0.0,0.6499,2.0,9.0,0.0,6.0,2.0,0.222222222222222,2.0,7.11111111111111,0.0,3.92,9.0,2.3801652892562,38.0,38.05,37.4691,0.0,112.090997695923
InChI%3D1S%2FC9H6O2%2Fc10-9-6-5-7-3-1-2-4-8%287%2911-9%2Fh1-6H,12.0,0.0,1.793,1.0,11.0,1.0,11.0,2.0,0.0,0.0,7.63888888888889,0.0,3.1640625,12.0,1.6,56.0,30.21,42.484,0.0,140.096996307373
InChI%3D1S%2FC2H4O%2Fc1-2-3-1%2Fh1-2H2,3.0,0.0,0.0166,1.0,3.0,1.0,0.0,1.0,0.0,0.0,1.33333333333333,0.0,0.222222222222222,3.0,0.0,12.0,12.53,10.819,0.0,40.0209989547729
InChI%3D1S%2FC13H13N3%2Fc1-7-12-11%288%282%2915-13%287%2914%299-5-3-4-6-10%289%2916-12%2Fh3-6%2C16H%2C1-2H3%2C%28H2%2C14%2C15%29,18.0,0.0,2.7455,1.0,16.0,2.0,15.0,1.0,0.0,0.0,11.1111111111111,0.0,4.03292181069959,18.0,1.67521367521368,90.0,55.43,65.4841,0.0,198.163995742798
InChI%3D1S%2FC7H5N3O2%2Fc11-10%2812%295-1-2-6-7%283-5%299-4-8-6%2Fh1-4H%2C%28H%2C8%2C9%29,13.0,0.0,1.9943,3.0,12.0,1.0,10.0,1.0,0.0769230769230769,1.0,8.59171597633136,0.0,3.39506172839506,13.0,1.70132325141777,62.0,74.5,44.9157,0.0,158.095996856689
InChI%3D1S%2FC8H6N4O5%2Fc13-6-4-11%288%2814%2910-6%299-3-5-1-2-7%2817-5%2912%2815%2916%2Fh1-3H%2C4H2%2C%28H%2C10%2C13%2C14%29,18.0,0.0,0.8105,7.0,17.0,2.0,5.0,6.0,0.166666666666667,3.0,13.4320987654321,1.0,5.76,18.0,3.48444444444444,86.0,124.22,52.2612,0.0,232.110995292664
InChI%3D1S%2FC6H8N2%2Fc7-5-3-1-2-4-6%285%298%2Fh1-4H%2C7-8H2,8.0,0.0,0.851,2.0,8.0,0.0,6.0,2.0,0.0,0.0,6.125,0.0,2.52,8.0,1.48760330578512,36.0,52.04,35.2668,0.0,100.079998016357
InChI%3D1S%2FC10H5Cl7%2Fc11-4-2-1-3-5%284%299%2815%297%2813%296%2812%298%283%2C14%2910%289%2C16%2917%2Fh1-5H,19.0,0.0,5.2415,0.0,17.0,0.0,0.0,0.0,0.0,0.0,12.0554016620499,0.0,2.93877551020408,19.0,0.900890548692904,108.0,0.0,76.098,7.0,368.280990600586
InChI%3D1S%2FC6H4O2%2Fc7-5-1-2-6%288%294-3-5%2Fh1-4H,8.0,0.0,0.2506,2.0,8.0,0.0,0.0,2.0,0.0,0.0,6.125,0.0,2.52,8.0,1.8,36.0,34.14,28.294,0.0,104.063997268677
InChI%3D1S%2FC11H8N2O5%2Fc12-11%2814%298%289-2-1-5-17-9%296-7-3-4-10%2818-7%2913%2815%2916%2Fh1-6H%2C%28H2%2C12%2C14%29,19.0,0.0,3.3799,4.0,18.0,2.0,10.0,4.0,0.210526315789474,4.0,14.409972299169,1.0,6.43786982248521,19.0,3.75,90.0,116.18,64.4645,0.0,240.129994392395
InChI%3D1S%2FC17H20N2O%2Fc1-18%282%2915-9-5-13%286-10-15%2917%2820%2914-7-11-16%2812-8-14%2919%283%294%2Fh5-12H%2C1-4H3,21.0,0.0,3.0496,3.0,20.0,0.0,12.0,3.0,0.19047619047619,4.0,16.3718820861678,0.0,7.31985731272295,21.0,4.25,100.0,23.55,84.9705,0.0,248.199994087219
InChI%3D1S%2FC2H4Cl2%2Fc3-1-2-4%2Fh1-2H2,3.0,0.0,1.464,0.0,4.0,0.0,0.0,0.0,0.333333333333333,1.0,4.0,0.0,3.0,3.0,4.0,10.0,0.0,21.44,2.0,94.9279975891113
InChI%3D1S%2FC6H9NO6%2Fc8-4%289%291-7%282-5%2810%2911%293-6%2812%2913%2Fh1-3H2%2C%28H%2C8%2C9%29%28H%2C10%2C11%29%28H%2C12%2C13%29,12.0,0.0,-6.879,3.0,13.0,0.0,0.0,6.0,0.5,6.0,13.0,0.0,6.45333333333333,12.0,8.33333333333333,54.0,124.83,34.7782,0.0,182.066995620728
InChI%3D1S%2FC3H7N5O3%2Fc1-2-5-3%284%297%286-9%298%2810%2911%2Fh2H2%2C1H3%2C%28H2%2C4%2C5%29,10.0,0.0,0.229,7.0,11.0,0.0,0.0,5.0,0.5,5.0,11.0,0.0,5.625,10.0,3.78698224852071,44.0,114.37,38.1994,0.0,154.064997673035
InChI%3D1S%2FC20H16%2Fc1-13-16-8-5-6-9-17%2816%2914%282%2920-18%2813%2912-11-15-7-3-4-10-19%2815%2920%2Fh3-12H%2C1-2H3,23.0,0.0,5.763,0.0,20.0,0.0,21.0,0.0,0.0,0.0,13.648393194707,0.0,5.32525951557093,23.0,2.11764705882353,114.0,0.0,88.434,0.0,240.219993591309
InChI%3D1S%2FC9H7N3O2S%2Fc10-9-11-8%285-15-9%296-1-3-7%284-2-6%2912%2813%2914%2Fh1-5H%2C%28H2%2C10%2C11%29,16.0,0.0,2.6541,3.0,15.0,1.0,11.0,2.0,0.125,2.0,11.484375,0.0,4.88842975206612,16.0,2.76543209876543,76.0,113.7,58.7824,0.0,214.184997558594
InChI%3D1S%2FC7H8N2O2%2Fc1-5-2-3-6%289%2810%2911%294-7%285%298%2Fh2-4H%2C8H2%2C1H3,11.0,0.0,2.0086,3.0,11.0,0.0,6.0,1.0,0.0909090909090909,1.0,9.09090909090909,0.0,3.6,11.0,2.21453287197232,52.0,71.84,44.4134,0.0,144.088996887207
InChI%3D1S%2FC13H17N3O4S%2Fc1-10-12%2814%282%299-21%2818%2C19%2920%2913%2817%2916%2815%2810%293%2911-7-5-4-6-8-11%2Fh4-8H%2C9H2%2C1-3H3%2C%28H%2C18%2C19%2C20%29,22.0,2.0,1.5041,4.0,21.0,1.0,11.0,7.0,0.181818181818182,4.0,17.3553719008264,0.0,6.62993572084481,22.0,3.85484830458061,110.0,95.75,78.7584,0.0,294.22699546814
InChI%3D1S%2FC9H15Br6O4P%2Fc10-1-7%2813%294-17-20%2816%2C18-5-8%2814%292-11%2919-6-9%2815%293-12%2Fh7-9H%2C1-6H2,19.0,0.0,5.6195,4.0,20.0,0.0,0.0,4.0,0.631578947368421,12.0,20.0,0.0,10.6875,19.0,9.5625,86.0,54.57,104.9895,6.0,682.492992401123
InChI%3D1S%2FC11H14N2O4%2Fc12-10%2814%2916-6-9%287-17-11%2813%2915%298-4-2-1-3-5-8%2Fh1-5%2C9H%2C6-7H2%2C%28H2%2C12%2C14%29%28H2%2C13%2C15%29,17.0,0.0,1.789,6.0,17.0,0.0,6.0,6.0,0.411764705882353,7.0,15.0588235294118,2.0,8.16326530612245,17.0,6.47933884297521,76.0,106.62,61.798,0.0,224.130994796753
InChI%3D1S%2FC3H8N2%2Fc1-2-3-5-4%2Fh2%2C5H%2C1%2C3-4H2,4.0,0.0,-0.3643,2.0,5.0,0.0,0.0,2.0,0.5,2.0,5.0,0.0,4.0,4.0,4.0,14.0,38.05,22.3871,0.0,64.0469989776611
InChI%3D1S%2FC12H10ClNO%2Fc13-9-1-5-11%286-2-9%2915-12-7-3-10%2814%294-8-12%2Fh1-8H%2C14H2,16.0,0.0,3.7145,2.0,15.0,0.0,12.0,2.0,0.125,2.0,11.484375,0.0,5.36507936507936,16.0,3.5,74.0,35.25,62.3804,1.0,209.5909948349
InChI%3D1S%2FC14H7ClF3NO5%2Fc15-10-5-7%2814%2816%2C17%2918%291-4-12%2810%2924-8-2-3-11%2819%2822%2923%299%286-8%2913%2820%2921%2Fh1-6H%2C%28H%2C20%2C21%29,25.0,0.0,3.946,4.0,24.0,0.0,12.0,3.0,0.2,5.0,20.3136,0.0,8.13148283418554,25.0,5.25,124.0,95.18,76.809,4.0,354.602990150452
InChI%3D1S%2FC2Cl2%2Fc3-1-2-4,3.0,0.0,1.3824,0.0,4.0,0.0,0.0,0.0,0.0,0.0,4.0,0.0,3.0,3.0,4.0,10.0,0.0,19.482,2.0,94.9279975891113
InChI%3D1S%2FC5H10Br2O2%2Fc6-1-5%282-7%2C3-8%294-9%2Fh8-9H%2C1-4H2,8.0,0.0,0.7472,2.0,9.0,0.0,0.0,2.0,0.5,4.0,9.0,2.0,3.92,8.0,2.0,36.0,40.46,44.1926,2.0,251.860996246338
InChI%3D1S%2FC4H9NO2%2Fc1-4%282%293-7-5-6%2Fh4H%2C3H2%2C1-2H3,6.0,0.0,1.3404,3.0,7.0,0.0,0.0,1.0,0.5,3.0,7.0,0.0,4.16666666666667,6.0,6.0,24.0,38.66,26.585,0.0,94.0489978790283
InChI%3D1S%2FC4H7Cl%2Fc1-4%282%293-5%2Fh1%2C3H2%2C2H3,4.0,0.0,1.8013,0.0,5.0,0.0,0.0,0.0,0.25,1.0,5.0,0.0,2.25,4.0,4.0,16.0,0.0,25.534,1.0,83.496997833252
InChI%3D1S%2FC2H5BrO%2Fc3-1-2-4%2Fh4H%2C1-2H2,3.0,0.0,0.3736,1.0,4.0,0.0,0.0,1.0,0.333333333333333,1.0,4.0,1.0,3.0,3.0,4.0,10.0,20.23,20.8798,1.0,119.924998283386
InChI%3D1S%2FC9H4Cl6O4%2Fc10-3-4%2811%298%2813%292%286%2818%2919%291%285%2816%2917%297%283%2C12%299%288%2C14%2915%2Fh1-2H%2C%28H%2C16%2C17%29%28H%2C18%2C19%29,20.0,0.0,0.5641,2.0,19.0,0.0,0.0,4.0,0.1,2.0,15.39,0.0,4.01388888888889,20.0,1.36979785969084,112.0,80.26,68.704,6.0,384.812990188599
InChI%3D1S%2FC12H12N2%2Fc1-3-7-11%288-4-1%2913-14-12-9-5-2-6-10-12%2Fh1-10%2C13-14H,15.0,0.0,3.1256,2.0,14.0,0.0,12.0,2.0,0.2,3.0,10.5155555555556,0.0,5.77777777777778,15.0,3.59183673469388,66.0,24.06,60.1294,0.0,172.14599609375
InChI%3D1S%2FC12H9NO%2Fc13-8-5-6-12-10%287-8%299-3-1-2-4-11%289%2914-12%2Fh1-7H%2C13H2,16.0,0.0,3.1682,1.0,14.0,1.0,15.0,2.0,0.0,0.0,9.2421875,0.0,3.53875236294896,16.0,1.546875,78.0,39.16,58.1324,0.0,174.13799571991
InChI%3D1S%2FC8H15N3O7%2Fc1-11%2810-18%298%2817%299-4%282-12%296%2815%297%2816%295%2814%293-13%2Fh2%2C4-7%2C13-16H%2C3H2%2C1H3%2C%28H%2C9%2C17%29,17.0,0.0,-2.8439,10.0,18.0,0.0,0.0,10.0,0.470588235294118,8.0,18.0,5.0,8.99173553719008,17.0,5.68047337278106,78.0,163.25,58.58,0.0,250.101994514465
InChI%3D1S%2FC7H3Cl5O%2Fc1-13-7-5%2811%293%289%292%288%294%2810%296%287%2912%2Fh1H3,13.0,0.0,4.9622,1.0,13.0,0.0,6.0,1.0,0.0769230769230769,1.0,11.0769230769231,0.0,4.02216066481994,13.0,1.77514792899408,64.0,9.23,58.044,5.0,277.340992927551
InChI%3D1S%2FC6Cl6%2Fc7-1-2%288%294%2810%296%2812%295%2811%293%281%299,12.0,0.0,5.607,0.0,12.0,0.0,6.0,0.0,0.0,0.0,10.0833333333333,0.0,3.39506172839506,12.0,1.5625,60.0,0.0,56.502,6.0,284.783992767334
InChI%3D1S%2FC16H22N4O3%2Fc1-3-6-13-14%289-8-12%2811%282%2921%2916%2813%2922%2923-10-5-4-7-15-17-19-20-18-15%2Fh8-9%2C22H%2C3-7%2C10H2%2C1-2H3%2C%28H%2C17%2C18%2C19%2C20%29,24.0,0.0,2.4621,6.0,23.0,1.0,11.0,6.0,0.375,9.0,19.3263888888889,0.0,10.0957336108221,24.0,5.78566732412886,110.0,100.99,84.717,0.0,296.200993537903
InChI%3D1S%2FC6H6N4O4%2Fc7-6%2811%299-8-3-4-1-2-5%2814-4%2910%2812%2913%2Fh1-3H%2C%28H3%2C7%2C9%2C11%29,14.0,0.0,1.1273,6.0,14.0,1.0,5.0,5.0,0.285714285714286,4.0,12.0714285714286,1.0,5.77777777777778,14.0,4.38781163434903,64.0,127.43,48.6152,0.0,192.089996337891
InChI%3D1S%2FC13H12N4%2Fc1-17-11-7-10%289-5-3-2-4-6-9%298-15-12%2811%2916-13%2817%2914%2Fh2-8H%2C1H3%2C%28H2%2C14%2C15%2C16%29,19.0,0.0,2.0479,2.0,17.0,2.0,16.0,3.0,0.0526315789473684,1.0,12.0554016620499,0.0,4.93827160493827,19.0,2.29072315558802,92.0,57.46,66.3554,0.0,212.17099571228
InChI%3D1S%2FC6H12N2%2Fc1-3-5-8%287%296-4-2%2Fh3-4H%2C1-2%2C5-7H2,7.0,0.0,0.5341,2.0,8.0,0.0,0.0,2.0,0.571428571428571,4.0,8.0,0.0,5.14285714285714,7.0,5.0,28.0,29.26,36.1544,0.0,100.079998016357
InChI%3D1S%2FC14H9NO2%2Fc15-8-5-6-11-12%287-8%2914%2817%2910-4-2-1-3-9%2810%2913%2811%2916%2Fh1-7H%2C15H2,19.0,0.0,2.0442,3.0,17.0,0.0,12.0,3.0,0.0,0.0,12.0554016620499,0.0,4.59183673469388,19.0,1.96,94.0,60.16,64.1614,0.0,214.158994674683
InChI%3D1S%2FC12H14N4O2S%2Fc1-8-7-9%282%2915-12%2814-8%2916-19%2817%2C18%2911-5-3-10%2813%294-6-11%2Fh3-7H%2C13H2%2C1-2H3%2C%28H%2C14%2C15%2C16%29,20.0,2.0,2.5572,6.0,19.0,1.0,12.0,6.0,0.15,3.0,15.39,0.0,6.18549346016647,20.0,4.23140495867769,98.0,106.35,73.2131,0.0,264.224996566772
InChI%3D1S%2FC4H6O2%2Fc1-3-6-4%282%295%2Fh3H%2C1H2%2C2H3,5.0,0.0,0.693,2.0,6.0,0.0,0.0,2.0,0.4,2.0,6.0,0.0,3.2,5.0,5.33333333333333,20.0,26.3,21.963,0.0,80.0419979095459
InChI%3D1S%2FC12H12N2%2Fc13-11-5-1-9%282-6-11%2910-3-7-12%2814%298-4-10%2Fh1-8H%2C13-14H2,15.0,0.0,2.518,2.0,14.0,0.0,12.0,2.0,0.0666666666666667,1.0,10.5155555555556,0.0,4.68,15.0,2.75,70.0,52.04,60.7028,0.0,172.14599609375
InChI%3D1S%2FC8H6O%2Fc1-2-4-8-7%283-1%295-6-9-8%2Fh1-6H,10.0,0.0,2.4328,0.0,9.0,1.0,10.0,1.0,0.0,0.0,5.76,0.0,2.31952662721893,10.0,0.996539792387543,46.0,13.14,36.214,0.0,112.086997032166
InChI%3D1S%2FC11H9N3%2Fc12-10-6-5-8-7-3-1-2-4-9%287%2913-11%288%2914-10%2Fh1-6H%2C%28H3%2C12%2C13%2C14%29,16.0,0.0,2.1287,1.0,14.0,2.0,15.0,1.0,0.0,0.0,9.2421875,0.0,3.53875236294896,16.0,1.546875,78.0,55.43,56.0101,0.0,174.141996383667
InChI%3D1S%2FC2H6O3S%2Fc1-5-6%282%2C3%294%2Fh1-2H3,5.0,2.0,0.6732,3.0,6.0,0.0,0.0,3.0,0.2,1.0,6.0,0.0,1.63265306122449,5.0,5.33333333333333,24.0,51.75,21.897,0.0,104.085999488831
InChI%3D1S%2FC6H10O2%2Fc1-2-3-7-4-6-5-8-6%2Fh2%2C6H%2C1%2C3-5H2,8.0,0.0,0.5878,2.0,8.0,1.0,0.0,2.0,0.5,4.0,6.125,0.0,3.11111111111111,8.0,1.8,34.0,21.76,30.756,0.0,104.063997268677
InChI%3D1S%2FC5H12N2O%2Fc1-2-3-4-7%286%295-8%2Fh5H%2C2-4%2C6H2%2C1H3,7.0,0.0,0.1186,3.0,8.0,0.0,0.0,3.0,0.571428571428571,4.0,8.0,0.0,5.14285714285714,7.0,5.0,28.0,46.33,31.8654,0.0,104.067997932434
InChI%3D1S%2FC5H9NO%2Fc1-6-4-2-3-5%286%297%2Fh2-4H2%2C1H3,7.0,0.0,0.1765,2.0,7.0,1.0,0.0,2.0,0.0,0.0,5.14285714285714,0.0,1.85185185185185,7.0,0.96,32.0,20.31,24.6512,0.0,90.0609979629517