SMILES,nRotB,MLogP,AMR,nAtom,nAtomP
InChI%3D1S%2FC4H5Cl%2Fc1-3-4%282%295%2Fh3H%2C1-2H2,1.0,1.78999996185303,25.0105991363525,10.0,4.0
InChI%3D1S%2FC3H5Br2Cl%2Fc4-1-3%285%292-6%2Fh3H%2C1-2H2,2.0,1.46000003814697,35.636100769043,11.0,0.0
InChI%3D1S%2FC11H11N5%2Fc1-6-5-13-7-3-4-8-10%289%287%2914-6%2915-11%2812%2916%288%292%2Fh3-5H%2C1-2H3%2C%28H2%2C12%2C15%29,0.0,2.11999988555908,64.7283020019531,27.0,14.0
InChI%3D1S%2FC11H14O2%2Fc1-4-5-9-6-7-10%2812-2%2911%288-9%2913-3%2Fh4%2C6-8H%2C1%2C5H2%2C2-3H3,4.0,2.45000004768372,57.9244995117188,27.0,8.0
InChI%3D1S%2FC3H6ClNO%2Fc1-5%282%293%284%296%2Fh1-2H3,1.0,1.46000003814697,24.9722995758057,12.0,3.0
InChI%3D1S%2FC6H7N3O%2Fc7-9-6%2810%295-2-1-3-8-4-5%2Fh1-4H%2C7H2%2C%28H%2C9%2C10%29,1.0,1.67999994754791,39.926700592041,17.0,10.0
InChI%3D1S%2FC13H14N2%2Fc14-12-5-1-10%282-6-12%299-11-3-7-13%2815%298-4-11%2Fh1-8H%2C9%2C14-15H2,2.0,2.67000007629395,71.1719970703125,29.0,7.0
InChI%3D1S%2FC5H4O2%2Fc6-4-5-2-1-3-7-5%2Fh1-4H,1.0,1.78999996185303,7.91300010681152,11.0,7.0
InChI%3D1S%2FC14H13N3O3%2Fc1-20-13-8-10%282-3-12%2813%2918%299-16-17-14%2819%2911-4-6-15-7-5-11%2Fh2-9%2C16H%2C1H3%2C%28H%2C17%2C19%29,5.0,2.33999991416931,77.7994995117188,33.0,19.0
InChI%3D1S%2FC13H18Cl2N2O2%2Fc14-5-7-17%288-6-15%2911-3-1-10%282-4-11%299-12%2816%2913%2818%2919%2Fh1-4%2C12H%2C5-9%2C16H2%2C%28H%2C18%2C19%29,8.0,2.23000001907349,81.6709976196289,37.0,7.0
InChI%3D1S%2FC24H38O4%2Fc1-5-9-13-19%287-3%2917-27-23%2825%2921-15-11-12-16-22%2821%2924%2826%2928-18-20%288-4%2914-10-6-2%2Fh11-12%2C15-16%2C19-20H%2C5-10%2C13-14%2C17-18H2%2C1-4H3,16.0,3.66000008583069,106.09700012207,66.0,12.0
InChI%3D1S%2FC4H4O%2Fc1-2-4-5-3-1%2Fh1-4H,0.0,1.78999996185303,18.8031997680664,11.0,3.0
InChI%3D1S%2FC20H12%2Fc1-2-7-17-15%284-1%2912-16-9-8-13-5-3-6-14-10-11-18%2817%2920%2816%2919%2813%2914%2Fh1-12H,0.0,3.66000008583069,93.4252014160156,32.0,20.0
InChI%3D1S%2FC5H5N%2Fc1-2-4-6-5-3-1%2Fh1-5H,0.0,1.89999997615814,27.3862991333008,11.0,6.0
InChI%3D1S%2FC8H11N%2Fc1-6-3-4-7%282%298%289%295-6%2Fh3-5H%2C9H2%2C1-2H3,0.0,2.23000001907349,43.0695991516113,20.0,7.0
InChI%3D1S%2FC18H22ClNO%2Fc1-16%2815-21-18-10-6-3-7-11-18%2920%2813-12-19%2914-17-8-4-2-5-9-17%2Fh2-11%2C16H%2C12-15H2%2C1H3,8.0,3.10999989509583,98.2973022460938,43.0,7.0
InChI%3D1S%2FC24H29ClO4%2Fc1-12%2826%2924%2829-13%282%2927%298-6-16-14-10-20%2825%2919-11-21%2828%2915-9-18%2815%2923%2819%2C4%2917%2814%295-7-22%2816%2C24%293%2Fh10-11%2C14-18H%2C5-9H2%2C1-4H3,3.0,3.54999995231628,111.438301086426,58.0,6.0
InChI%3D1S%2FC7H16O2%2Fc1-6%288%295-9-7%282%2C3%294%2Fh6%2C8H%2C5H2%2C1-4H3,3.0,2.00999999046326,37.693000793457,25.0,0.0
InChI%3D1S%2FC2H3ClO%2Fc3-1-2-4%2Fh2H%2C1H2,1.0,1.46000003814697,16.4715003967285,7.0,2.0
InChI%3D1S%2FC2HCl5%2Fc3-1%284%292%285%2C6%297%2Fh1H,1.0,1.12999999523163,36.3208999633789,8.0,0.0
InChI%3D1S%2FC16H19ClN4O2S%2Fc1-10-4-3-5-12%2811%2810%292%2919-14-8-13%2817%2920-16%2821-14%2924-9-15%2823%2918-6-7-22%2Fh3-5%2C8%2C22H%2C6-7%2C9H2%2C1-2H3%2C%28H%2C18%2C23%29%28H%2C19%2C20%2C21%29,6.0,2.33999991416931,100.696998596191,47.0,9.0
InChI%3D1S%2FC2H6N2O%2Fc1-2%285%294-3%2Fh3H2%2C1H3%2C%28H%2C4%2C5%29,0.0,1.35000002384186,19.1849002838135,11.0,4.0
InChI%3D1S%2FC8H11N%2Fc1-6-3-4-8%289%297%282%295-6%2Fh3-5H%2C9H2%2C1-2H3,0.0,2.23000001907349,43.0695991516113,20.0,7.0
InChI%3D1S%2FC39H59Cl2NO2%2Fc1-27%282%297-6-8-28%283%2934-15-16-35-33-14-11-30-26-32%2817-19-38%2830%2C4%2936%2833%2918-20-39%2834%2C35%295%2944-37%2843%2925-29-9-12-31%2813-10-29%2942%2823-21-40%2924-22-41%2Fh9-13%2C27-28%2C32-36H%2C6-8%2C14-26H2%2C1-5H3,14.0,5.19999980926514,47.8146018981934,100.0,7.0
InChI%3D1S%2FC10H12O2%2Fc1-2-3-8-4-5-9-10%286-8%2912-7-11-9%2Fh4-6H%2C2-3%2C7H2%2C1H3,2.0,2.33999991416931,49.5388984680176,24.0,8.0
InChI%3D1S%2FC14H7Br2NO2%2Fc15-8-5-9%2816%2912%2817%2911-10%288%2913%2818%296-3-1-2-4-7%286%2914%2811%2919%2Fh1-5H%2C17H2,0.0,2.45000004768372,86.3414001464844,26.0,17.0
InChI%3D1S%2FC7H10N2O%2Fc1-10-7-3-2-5%288%294-6%287%299%2Fh2-4H%2C8-9H2%2C1H3,1.0,1.89999997615814,44.6988983154297,20.0,9.0
InChI%3D1S%2FC7H7NO2%2Fc1-6-4-2-3-5-7%286%298%289%2910%2Fh2-5H%2C1H3,1.0,1.89999997615814,8.38790035247803,17.0,9.0
InChI%3D1S%2FC3H9O4P%2Fc1-5-8%284%2C6-2%297-3%2Fh1-3H3,3.0,1.24000000953674,28.0988006591797,17.0,5.0
InChI%3D1S%2FC6H13NO3S%2Fc8-11%289%2C10%297-6-4-2-1-3-5-6%2Fh6-7H%2C1-5H2%2C%28H%2C8%2C9%2C10%29,2.0,1.57000005245209,31.3752994537354,24.0,5.0
InChI%3D1S%2FC8H12%2Fc1-2-8-6-4-3-5-7-8%2Fh2-4%2C8H%2C1%2C5-7H2,1.0,2.33999991416931,37.0376014709473,20.0,2.0
InChI%3D1S%2FC10Cl12%2Fc11-1-2%2812%297%2817%294%2814%293%2813%2C5%281%2C15%299%287%2C19%2920%296%281%2C16%2910%2821%2C22%298%282%2C4%2918,0.0,1.24000000953674,92.3588027954102,22.0,0.0
InChI%3D1S%2FC17H13N3O3%2Fc1-11-6-8-14%2815%2810-11%2920%2822%2923%2918-19-17-13-5-3-2-4-12%2813%297-9-16%2817%2921%2Fh2-10%2C18H%2C1H3,3.0,2.67000007629395,33.880500793457,36.0,22.0
InChI%3D1S%2FC8H9NO2%2Fc1-6%2810%299-7-2-4-8%2811%295-3-7%2Fh2-5%2C11H%2C1H3%2C%28H%2C9%2C10%29,1.0,2.00999999046326,45.7897987365723,20.0,10.0
InChI%3D1S%2FC11H7N3O3%2Fc15-14%2816%2911-5-4-9%2817-11%298-7-12-10-3-1-2-6-13%288%2910%2Fh1-7H,2.0,2.00999999046326,7.40290021896362,24.0,17.0
InChI%3D1S%2FC4H8N4O2%2Fc9-5-7-1-2-8%286-10%294-3-7%2Fh1-4H2,2.0,1.24000000953674,36.1629981994629,18.0,3.0
InChI%3D1S%2FC10H9Cl4NO2S%2Fc11-9%2812%2910%2813%2C14%2918-15-7%2816%295-3-1-2-4-6%285%298%2815%2917%2Fh1-2%2C5-6%2C9H%2C3-4H2,3.0,1.67999994754791,77.7978973388672,27.0,5.0
InChI%3D1S%2FC3H5Cl3%2Fc4-1-3%286%292-5%2Fh3H%2C1-2H2,2.0,1.46000003814697,29.6690998077393,11.0,0.0
InChI%3D1S%2FCH6N2%2Fc1-3-2%2Fh3H%2C2H2%2C1H3,0.0,1.35000002384186,14.2807998657227,9.0,2.0
InChI%3D1S%2FC6HCl5O%2Fc7-1-2%288%294%2810%296%2812%295%2811%293%281%299%2Fh12H,0.0,1.46000003814697,56.1422996520996,13.0,7.0
InChI%3D1S%2FC7H14N2O%2Fc1-7%282%294-5-8-9%283%296-10%2Fh5-7H%2C4H2%2C1-3H3,4.0,1.89999997615814,40.8586006164551,24.0,5.0
InChI%3D1S%2FC13H16F3N3O4%2Fc1-3-5-17%286-4-2%2912-10%2818%2820%2921%297-9%2813%2814%2C15%2916%298-11%2812%2919%2822%2923%2Fh7-8H%2C3-6H2%2C1-2H3,8.0,1.78999996185303,42.1492004394531,39.0,13.0
InChI%3D1S%2FCHCl3%2Fc2-1%283%294%2Fh1H,0.0,1.24000000953674,21.364200592041,5.0,0.0
InChI%3D1S%2FC8H14ClNS2%2Fc1-4-10%285-2%298%2811%2912-6-7%283%299%2Fh3-6H2%2C1-2H3,6.0,1.89999997615814,62.7835998535156,26.0,3.0
InChI%3D1S%2FCH4N2O%2Fc2-3-1-4%2Fh1H%2C2H2%2C%28H%2C3%2C4%29,0.0,1.24000000953674,15.1128997802734,8.0,4.0
InChI%3D1S%2FC9H10O2%2Fc1-8%2810%2911-7-9-5-3-2-4-6-9%2Fh2-6H%2C7H2%2C1H3,3.0,2.23000001907349,46.1640014648438,21.0,6.0
InChI%3D1S%2FC7H15Cl2N2O2P%2Fc8-2-5-11%286-3-9%2914%2812%2910-4-1-7-13-14%2Fh1-7H2%2C%28H%2C10%2C12%29,5.0,1.46000003814697,55.7243003845215,29.0,5.0
InChI%3D1S%2FC6H12N2O3%2Fc1-8%282%297-5%289%293-4-6%2810%2911%2Fh3-4H2%2C1-2H3%2C%28H%2C7%2C9%29%28H%2C10%2C11%29,4.0,1.57000005245209,39.0854988098145,23.0,4.0
InChI%3D1S%2FC12HBr9%2Fc13-2-1-3%2814%296%2815%297%2816%294%282%295-8%2817%2910%2819%2912%2821%2911%2820%299%285%2918%2Fh1H,1.0,1.78999996185303,127.279197692871,22.0,12.0
InChI%3D1S%2FC4H8Cl2O2%2Fc5-3-7-1-2-8-4-6%2Fh1-4H2,5.0,1.46000003814697,33.3348007202148,16.0,0.0
InChI%3D1S%2FC11H17N3O4%2Fc1-12-10-3-2-9%288-11%2810%2914%2817%2918%2913%284-6-15%295-7-16%2Fh2-3%2C8%2C12%2C15-16H%2C4-7H2%2C1H3,7.0,1.89999997615814,38.7584991455078,35.0,11.0
InChI%3D1S%2FC6H4ClNO2%2Fc7-5-3-1-2-4-6%285%298%289%2910%2Fh1-4H,1.0,1.67999994754791,8.50139999389648,14.0,9.0
InChI%3D1S%2FC6H8N2%2Fc7-8-6-4-2-1-3-5-6%2Fh1-5%2C8H%2C7H2,1.0,1.89999997615814,38.8675994873047,16.0,8.0
InChI%3D1S%2FC8H18N2O%2Fc1-3-5-7-10%289-11%298-6-4-2%2Fh3-8H2%2C1-2H3,7.0,2.00999999046326,41.5252990722656,29.0,3.0
InChI%3D1S%2FC9H12N2O2%2Fc1-7%2813%2910-11-9-4-2-8%286-12%293-5-9%2Fh2-5%2C11-12H%2C6H2%2C1H3%2C%28H%2C10%2C13%29,3.0,2.00999999046326,53.5410003662109,25.0,10.0
InChI%3D1S%2FC2F4%2Fc3-1%284%292%285%296,0.0,1.24000000953674,12.4054002761841,6.0,2.0
InChI%3D1S%2FC7H8O2%2Fc1-9-7-4-2-6%288%293-5-7%2Fh2-5%2C8H%2C1H3,1.0,2.00999999046326,39.2047996520996,17.0,8.0
InChI%3D1S%2FC9H4Cl3NO2S%2Fc10-9%2811%2C12%2916-13-7%2814%295-3-1-2-4-6%285%298%2813%2915%2Fh1-4H,2.0,1.67999994754791,69.4048004150391,20.0,11.0
InChI%3D1S%2FC18H23NO6%2Fc1-3-12-8-11%282%2918%2823%2C10-20%2917%2822%2924-9-13-4-6-19-7-5-14%2815%2813%2919%2925-16%2812%2921%2Fh3-4%2C14-15%2C20%2C23H%2C2%2C5-10H2%2C1H3,1.0,2.67000007629395,88.9273986816406,48.0,5.0
InChI%3D1S%2FC3H7NO2%2Fc1-2-6-3%284%295%2Fh2H2%2C1H3%2C%28H2%2C4%2C5%29,2.0,1.46000003814697,19.8181991577148,13.0,4.0
InChI%3D1S%2FC3H3N%2Fc1-2-3-4%2Fh2H%2C1H2,0.0,1.67999994754791,16.2707004547119,7.0,4.0
InChI%3D1S%2FC2H2Cl4%2Fc3-1%284%292%285%296%2Fh1-2H,1.0,1.24000000953674,30.7637996673584,8.0,0.0
InChI%3D1S%2FC2H8N2%2Fc1-3-4-2%2Fh3-4H%2C1-2H3,1.0,1.46000003814697,17.9934005737305,12.0,2.0
InChI%3D1S%2FC20H14O4%2Fc21-15-9-5-13%286-10-15%2920%2814-7-11-16%2822%2912-8-14%2918-4-2-1-3-17%2818%2919%2823%2924-20%2Fh1-12%2C21-22H,2.0,3.22000002861023,99.7927017211914,38.0,9.0
InChI%3D1S%2FC7H8N2O%2Fc8-9-7%2810%296-4-2-1-3-5-6%2Fh1-5H%2C8H2%2C%28H%2C9%2C10%29,1.0,1.89999997615814,43.4962005615234,18.0,10.0
InChI%3D1S%2FC15H13NO2%2Fc1-10%2817%2916%2818%2913-6-7-15-12%289-13%298-11-4-2-3-5-14%2811%2915%2Fh2-7%2C9%2C18H%2C8H2%2C1H3,2.0,2.77999997138977,76.3904037475586,31.0,16.0
InChI%3D1S%2FC6H4Cl3N%2Fc7-3-1-4%288%296%2810%295%289%292-3%2Fh1-2H%2C10H2,0.0,1.67999994754791,48.6542015075684,14.0,7.0
InChI%3D1S%2FC9H13N%2Fc1-6-4-8%283%299%2810%295-7%286%292%2Fh4-5H%2C10H2%2C1-3H3,0.0,2.33999991416931,47.3516006469727,23.0,7.0
InChI%3D1S%2FC6Cl5NO2%2Fc7-1-2%288%294%2810%296%2812%2813%2914%295%2811%293%281%299,1.0,1.24000000953674,30.9638004302979,14.0,9.0
InChI%3D1S%2FC2HCl3%2Fc3-1-2%284%295%2Fh1H,0.0,1.35000002384186,25.2621994018555,6.0,2.0
InChI%3D1S%2FC6H12Br2O4%2Fc7-1-3%289%295%2811%296%2812%294%2810%292-8%2Fh3-6%2C9-12H%2C1-2H2,5.0,1.46000003814697,50.472599029541,24.0,0.0
InChI%3D1S%2FC15H13NO%2Fc1-10%2817%2916-13-6-7-15-12%289-13%298-11-4-2-3-5-14%2811%2915%2Fh2-7%2C9H%2C8H2%2C1H3%2C%28H%2C16%2C17%29,1.0,2.89000010490417,74.8607025146484,30.0,15.0
InChI%3D1S%2FC6H12Cl2O%2Fc1-5%283-7%299-6%282%294-8%2Fh5-6H%2C3-4H2%2C1-2H3,4.0,1.78999996185303,40.8679008483887,21.0,0.0
InChI%3D1S%2FC8H12N4O5%2Fc9-7-10-2-12%288%2816%2911-7%296-5%2815%294%2814%293%281-13%2917-6%2Fh2-6%2C13-15H%2C1H2%2C%28H2%2C9%2C11%2C16%29,2.0,1.35000002384186,51.6804008483887,33.0,4.0
InChI%3D1S%2FC12H12N2O2%2Fc13-9-3-1-7%285-11%289%2915%298-2-4-10%2814%2912%2816%296-8%2Fh1-6%2C15-16H%2C13-14H2,1.0,2.33999991416931,69.7819976806641,28.0,16.0
InChI%3D1S%2FC12H17NO3%2Fc1-3-16-11-6-4-10%285-7-11%2913-12%2815%298-9%282%2914%2Fh4-7%2C9%2C14H%2C3%2C8H2%2C1-2H3%2C%28H%2C13%2C15%29,6.0,2.33999991416931,65.0727005004883,33.0,10.0
InChI%3D1S%2FC12H13N3O%2Fc13-8-1-3-9%284-2-8%2916-10-5-6-11%2814%2912%2815%297-10%2Fh1-7H%2C13-15H2,2.0,2.33999991416931,72.8355026245117,29.0,16.0
InChI%3D1S%2FC12H4Cl4O2%2Fc13-5-1-9-10%282-6%285%2914%2918-12-4-8%2816%297%2815%293-11%2812%2917-9%2Fh1-4H,0.0,2.11999988555908,25.7005996704102,22.0,14.0
InChI%3D1S%2FC10Cl10O%2Fc11-2-1%2821%293%2812%296%2815%294%282%2C13%298%2817%295%282%2C14%297%283%2C16%299%286%2C18%2910%288%2C19%2920,0.0,1.35000002384186,83.1997985839844,21.0,2.0
InChI%3D1S%2FC26H34O6%2Fc1-25%282%2C23%2827%2928%2914-8-16-31-20-12-13-22%2821%2818-20%2919-10-6-5-7-11-19%2932-17-9-15-26%283%2C4%2924%2829%2930%2Fh5-7%2C10-13%2C18H%2C8-9%2C14-17H2%2C1-4H3%2C%28H%2C27%2C28%29%28H%2C29%2C30%29,13.0,3.66000008583069,128.031402587891,66.0,14.0
InChI%3D1S%2FC7H9N%2Fc1-6-4-2-3-5-7%286%298%2Fh2-5H%2C8H2%2C1H3,0.0,2.11999988555908,38.7876014709473,17.0,7.0
InChI%3D1S%2FC7H5Cl2NO2%2Fc8-3-1-4%287%2811%2912%296%289%295%2810%292-3%2Fh1-2H%2C10H2%2C%28H%2C11%2C12%29,1.0,1.67999994754791,49.937198638916,17.0,10.0
InChI%3D1S%2FC6H6O2%2Fc7-5-3-1-2-4-6%285%298%2Fh1-4%2C7-8H,0.0,1.89999997615814,34.1668014526367,14.0,8.0
InChI%3D1S%2FC6H7N3O2%2Fc7-4-1-2-5%288%296%283-4%299%2810%2911%2Fh1-3H%2C7-8H2,1.0,1.57000005245209,11.3299999237061,18.0,11.0
InChI%3D1S%2FC7H9N3O%2Fc8-7%2811%2910-9-6-4-2-1-3-5-6%2Fh1-5%2C9H%2C%28H3%2C8%2C10%2C11%29,3.0,1.78999996185303,44.5610008239746,20.0,11.0
InChI%3D1S%2FC6H6N6O%2Fc1-12%2811-13%296-4-5%288-2-7-4%299-3-10-6%2Fh2-3H%2C1H3%2C%28H%2C7%2C8%2C9%2C10%29,2.0,1.35000002384186,45.6244010925293,21.0,11.0
InChI%3D1S%2FC16H11N3O6%2Fc1-18-8-12%2816%2821%2922%2914%2820%2911-6-3-9%2817-15%2811%2918%292-4-10-5-7-13%2825-10%2919%2823%2924%2Fh2-8H%2C1H3%2C%28H%2C21%2C22%29,4.0,2.23000001907349,44.3172988891602,37.0,20.0
InChI%3D1S%2FC4H9NO%2Fc1-3-4%282%295-6%2Fh6H%2C3H2%2C1-2H3,1.0,1.57000005245209,23.9046993255615,15.0,3.0
InChI%3D1S%2FC9H11NO2%2Fc1-2-12-8-6-4-3-5-7%288%299%2810%2911%2Fh3-6H%2C2H2%2C1H3%2C%28H2%2C10%2C11%29,3.0,2.11999988555908,49.1493988037109,23.0,10.0
InChI%3D1S%2FC8H13NO2%2Fc1-9-5-3-4-7%286-9%298%2810%2911-2%2Fh4H%2C3%2C5-6H2%2C1-2H3,2.0,2.00999999046326,42.0176010131836,24.0,5.0
InChI%3D1S%2FC8H10N2S%2Fc1-2-7-5-6%288%289%2911%293-4-10-7%2Fh3-5H%2C2H2%2C1H3%2C%28H2%2C9%2C11%29,2.0,2.00999999046326,50.5564002990723,21.0,8.0
InChI%3D1S%2FC12H10N2O%2Fc15-14-12-8-6-11%287-9-12%2913-10-4-2-1-3-5-10%2Fh1-9%2C13H,3.0,2.45000004768372,64.6376037597656,25.0,15.0
InChI%3D1S%2FC6H7ClN2%2Fc7-4-1-2-5%288%296%289%293-4%2Fh1-3H%2C8-9H2,0.0,1.78999996185303,42.771598815918,16.0,8.0
InChI%3D1S%2FC6H11NO2%2Fc1-3-5-6%284-2%297%288%299%2Fh5H%2C3-4H2%2C1-2H3,3.0,1.78999996185303,30.1527004241943,20.0,5.0
InChI%3D1S%2FC3H6O2%2Fc4-1-3-2-5-3%2Fh3-4H%2C1-2H2,1.0,1.57000005245209,17.0060005187988,11.0,0.0
InChI%3D1S%2FC24H36O5%2Fc1-5-15%283%2924%2827%2929-21-11-14%282%2910-17-7-6-16%284%2920%2823%2817%2921%299-8-19-12-18%2825%2913-22%2826%2928-19%2Fh6-7%2C10%2C14-16%2C18-21%2C23%2C25H%2C5%2C8-9%2C11-13H2%2C1-4H3,7.0,3.54999995231628,105.645500183105,65.0,4.0
InChI%3D1S%2FC6H4F4N2%2Fc7-1-2%288%295%2811%294%2810%296%2812%293%281%299%2Fh11-12H2,0.0,1.46000003814697,38.5666007995605,16.0,8.0
InChI%3D1S%2FC7H6N2O4%2Fc1-5-2-3-6%288%2810%2911%294-7%285%299%2812%2913%2Fh2-4H%2C1H3,2.0,1.57000005245209,11.273699760437,19.0,12.0
InChI%3D1S%2FC5H8%2Fc1-4-5%282%293%2Fh4H%2C1-2H2%2C3H3,1.0,2.00999999046326,24.5764007568359,13.0,4.0
InChI%3D1S%2FC15H11ClN2O2%2Fc16-10-6-7-12-11%288-10%2913%289-4-2-1-3-5-9%2918-15%2820%2914%2819%2917-12%2Fh1-8%2C15%2C20H%2C%28H%2C17%2C19%29,1.0,2.55999994277954,84.3552017211914,31.0,17.0
InChI%3D1S%2FC4H6N2%2Fc1-4-5-2-3-6-4%2Fh2-3H%2C1H3%2C%28H%2C5%2C6%29,0.0,1.67999994754791,24.4801998138428,16.0,0.0
InChI%3D1S%2FC14H19NO2%2Fc1-17-14%2816%2913%2811-7-3-2-4-8-11%2912-9-5-6-10-15-12%2Fh2-4%2C7-8%2C12-13%2C15H%2C5-6%2C9-10H2%2C1H3,4.0,2.67000007629395,65.4906005859375,36.0,6.0
InChI%3D1S%2FC4H7Cl2O4P%2Fc1-8-11%287%2C9-2%2910-3-4%285%296%2Fh3H%2C1-2H3,4.0,1.12999999523163,42.2757987976074,18.0,7.0
InChI%3D1S%2FC6H11IO3%2Fc1-4%287%296-9-3-5%282-8%2910-6%2Fh4-6%2C8H%2C2-3H2%2C1H3,2.0,1.67999994754791,45.0453987121582,21.0,0.0
InChI%3D1S%2FC6H6O4%2Fc7-2-4-1-5%288%296%289%293-10-4%2Fh1%2C3%2C7%2C9H%2C2H2,1.0,1.67999994754791,32.7886009216309,20.0,1.0
InChI%3D1S%2FC12H14N2O2%2Fc1-2-12%289-6-4-3-5-7-9%2910%2815%2913-8-14-11%2812%2916%2Fh3-7H%2C2%2C8H2%2C1H3%2C%28H%2C13%2C15%29%28H%2C14%2C16%29,2.0,2.33999991416931,62.2924003601074,30.0,6.0
InChI%3D1S%2FC7H5Cl3%2Fc8-7%289%2C10%296-4-2-1-3-5-6%2Fh1-5H,1.0,1.89999997615814,50.6747016906738,15.0,6.0
InChI%3D1S%2FC2H5NO%2Fc1-2%283%294%2Fh1H3%2C%28H2%2C3%2C4%29,0.0,1.46000003814697,13.9007997512817,9.0,3.0
InChI%3D1S%2FC2H8N2O%2Fc3-4-1-2-5%2Fh4-5H%2C1-3H2,2.0,1.35000002384186,20.5730991363525,13.0,2.0
InChI%3D1S%2FC6H8O%2Fc1-2-3-4-5-6-7%2Fh2-6H%2C1H3,2.0,2.00999999046326,32.5885009765625,15.0,6.0
InChI%3D1S%2FC12H8Cl6O%2Fc13-8-9%2814%2911%2816%295-3-1-2%286-7%283%2919-6%294%285%2910%288%2C15%2912%2811%2C17%2918%2Fh2-7H%2C1H2,0.0,2.00999999046326,76.1249008178711,27.0,2.0
InChI%3D1S%2FC14H8Cl4%2Fc15-11-5-1-9%282-6-11%2913%2814%2817%2918%2910-3-7-12%2816%298-4-10%2Fh1-8H,2.0,2.55999994277954,88.3156967163086,26.0,14.0
InChI%3D1S%2FC13H19NO4S%2Fc1-3-9-14%2810-4-2%2919%2817%2C18%2912-7-5-11%286-8-12%2913%2815%2916%2Fh5-8H%2C3-4%2C9-10H2%2C1-2H3%2C%28H%2C15%2C16%29,7.0,2.23000001907349,74.4692993164062,38.0,13.0
InChI%3D1S%2FC3H6O%2Fc1-3-2-4-3%2Fh3H%2C2H2%2C1H3,0.0,1.67999994754791,15.6279001235962,10.0,0.0
InChI%3D1S%2FC10H12O%2Fc1-3-4-9-5-7-10%2811-2%298-6-9%2Fh3%2C5-8H%2C1%2C4H2%2C2H3,3.0,2.45000004768372,51.2809982299805,23.0,7.0
InChI%3D1S%2FC6H12N2%2Fc1-3-5-7-8-6-4-2%2Fh3-4%2C7-8H%2C1-2%2C5-6H2,5.0,1.89999997615814,36.3188018798828,20.0,2.0
InChI%3D1S%2FC30H22O12%2Fc1-5-3-7%2831%299-11%2819%285%2933%2927%2841%2929-13-14-24%2838%2917%2829%2926%2840%2916-22%2836%2910-8%2832%294-6%282%2920%2834%2912%2810%2928%2842%2930%2814%2C16%2918%2823%2813%2937%2925%2839%2915%2829%2921%289%2935%2Fh3-4%2C13-14%2C17-18%2C23-24%2C31-38H%2C1-2H3,0.0,3.44000005722046,146.364196777344,64.0,15.0
InChI%3D1S%2FC12H15N3O5%2Fc13-9%2812%2819%2920%295-6-10%2816%2915-14-8-3-1-7%282-4-8%2911%2817%2918%2Fh1-4%2C9%2C14H%2C5-6%2C13H2%2C%28H%2C15%2C16%29%28H%2C17%2C18%29%28H%2C19%2C20%29,7.0,1.89999997615814,70.2841033935547,35.0,13.0
InChI%3D1S%2FC16H14Cl2O3%2Fc1-2-21-15%2819%2916%2820%2C11-3-7-13%2817%298-4-11%2912-5-9-14%2818%2910-6-12%2Fh3-10%2C20H%2C2H2%2C1H3,5.0,2.67000007629395,90.053596496582,35.0,6.0
InChI%3D1S%2FC12H5Cl5%2Fc13-8-3-1-2-6%2810%288%2915%297-4-5-9%2814%2912%2817%2911%287%2916%2Fh1-5H,7.0,1.67999994754791,39.3918991088867,27.0,6.0
InChI%3D1S%2FC2H5N%2Fc1-2-3-1%2Fh3H%2C1-2H2,0.0,1.57000005245209,12.7243995666504,8.0,0.0
InChI%3D1S%2FC3H5Cl%2Fc1-2-3-4%2Fh2-3H%2C1H3,0.0,1.67999994754791,20.6812992095947,9.0,2.0
InChI%3D1S%2FC3H5ClO%2Fc1-3%284%292-5%2Fh2-3H%2C1H3,1.0,1.57000005245209,21.1310005187988,10.0,1.0
InChI%3D1S%2FC5H10N2O%2Fc8-6-7-4-2-1-3-5-7%2Fh1-5H2,1.0,1.67999994754791,26.8162994384766,18.0,3.0
InChI%3D1S%2FC6H12N3PS%2Fc11-10%287-1-2-7%2C8-3-4-8%299-5-6-9%2Fh1-6H2,3.0,1.57000005245209,50.7221984863281,23.0,5.0
InChI%3D1S%2FC17H17ClO3%2Fc1-17%282%2C16%2819%2920%2921-11-12-3-5-13%286-4-12%2914-7-9-15%2818%2910-8-14%2Fh3-10H%2C11H2%2C1-2H3%2C%28H%2C19%2C20%29,5.0,2.89000010490417,32.9342002868652,38.0,12.0
InChI%3D1S%2FC2H3Cl%2Fc1-2-3%2Fh2H%2C1H2,0.0,1.57000005245209,14.7774000167847,6.0,2.0
InChI%3D1S%2FC2H5Cl%2Fc1-2-3%2Fh2H2%2C1H3,0.0,1.57000005245209,15.6061000823975,8.0,0.0
InChI%3D1S%2FC2H5Br%2Fc1-2-3%2Fh2H2%2C1H3,0.0,1.57000005245209,18.589599609375,8.0,0.0
InChI%3D1S%2FC11H11N3O3%2Fc12-10%2815%296-9-11%2816%2917-13-14%289%297-8-4-2-1-3-5-8%2Fh1-5H%2C6-7H2%2C%28H2-%2C12%2C13%2C15%2C16%29%2Fp%2B1,4.0,2.00999999046326,64.4306030273438,32.0,6.0
InChI%3D1S%2FC7H9N%2Fc1-6-3-2-4-7%288%295-6%2Fh2-5H%2C8H2%2C1H3,0.0,2.11999988555908,38.7876014709473,17.0,7.0
InChI%3D1S%2FC3H6Cl2%2Fc1-3%285%292-4%2Fh3H%2C2H2%2C1H3,1.0,1.57000005245209,25.2399997711182,11.0,0.0
InChI%3D1S%2FC12H12N2O%2Fc13-9-1-5-11%286-2-9%2915-12-7-3-10%2814%294-8-12%2Fh1-8H%2C13-14H2,2.0,2.45000004768372,69.2856979370117,27.0,15.0
InChI%3D1S%2FC7H6O%2Fc8-6-7-4-2-1-3-5-7%2Fh1-6H,1.0,2.11999988555908,36.029598236084,14.0,8.0
InChI%3D1S%2FC10H8Cl8%2Fc1-4-7%282-11%2C3-12%299%2816%296%2814%295%2813%298%284%2C15%2910%289%2C17%2918%2Fh5-6H%2C1-3H2,2.0,1.67999994754791,80.5724029541016,26.0,2.0
InChI%3D1S%2FC22H28O3%2Fc1-4-22%2825-14%282%2923%2912-10-20-19-7-5-15-13-16%2824%296-8-17%2815%2918%2819%299-11-21%2820%2C22%293%2Fh1%2C13%2C17-20H%2C5-12H2%2C2-3H3,2.0,3.54999995231628,93.5656967163086,53.0,4.0
InChI%3D1S%2FC7H10N2OS%2Fc1-2-3-5-4-6%2810%299-7%2811%298-5%2Fh4H%2C2-3H2%2C1H3%2C%28H2%2C8%2C9%2C10%2C11%29,2.0,1.78999996185303,45.2159996032715,21.0,7.0
InChI%3D1S%2FC24H51O4P%2Fc1-7-13-16-22%2810-4%2919-26-29%2825%2C27-20-23%2811-5%2917-14-8-2%2928-21-24%2812-6%2918-15-9-3%2Fh22-24H%2C7-21H2%2C1-6H3,1.0,2.45000004768372,70.9686965942383,29.0,16.0
InChI%3D1S%2FC8H14O2%2Fc1-4-5-10-8%289%296-7%282%293%2Fh4%2C7H%2C1%2C5-6H2%2C2-3H3,5.0,2.11999988555908,39.9681015014648,24.0,3.0
InChI%3D1S%2FC10H9Cl7%2Fc1-4-6%282%2C3%298%2813%295%2811%297%284%2C12%299%2814%2C15%2910%288%2C16%2917%2Fh5H%2C1H2%2C2-3H3,0.0,1.78999996185303,76.4124984741211,26.0,2.0
InChI%3D1S%2FC10H6Cl8%2Fc11-3-1-2-4%285%283%2912%299%2816%297%2814%296%2813%298%282%2C15%2910%289%2C17%2918%2Fh2-5H%2C1H2,0.0,1.67999994754791,78.1775970458984,24.0,2.0
InChI%3D1S%2FC12H9N%2Fc1-3-7-11-9%285-1%2910-6-2-4-8-12%2810%2913-11%2Fh1-8%2C13H,0.0,2.67000007629395,61.4267997741699,22.0,13.0
InChI%3D1S%2FC13H11ClO%2Fc14-12-6-7-13%2815%2911%289-12%298-10-4-2-1-3-5-10%2Fh1-7%2C9%2C15H%2C8H2,2.0,2.67000007629395,70.3940963745117,26.0,7.0
InChI%3D1S%2FC8H11NO%2Fc1-6-3-4-8%2810-2%297%289%295-6%2Fh3-5H%2C9H2%2C1-2H3,10.0,2.89000010490417,106.569602966309,62.0,5.0
InChI%3D1S%2FC4H8N2O%2Fc1-3-5-6%282%294-7%2Fh3-4H%2C1-2H3,2.0,1.57000005245209,27.4659996032715,15.0,5.0
InChI%3D1S%2FC4H8O%2Fc1-2-4-5-3-1%2Fh1-4H2,0.0,1.78999996185303,16.86669921875,13.0,0.0
InChI%3D1S%2FC19H20N2O2%2Fc1-2-3-14-17-18%2822%2920%2815-10-6-4-7-11-15%2921%2819%2817%2923%2916-12-8-5-9-13-16%2Fh4-13%2C17H%2C2-3%2C14H2%2C1H3,5.0,3.10999989509583,95.2453002929688,43.0,18.0
InChI%3D1S%2FC18H16N2O7S2%2Fc1-10-3-6-15%2811%282%297-10%2919-20-17-14-9-13%2828%2822%2C23%2924%295-4-12%2814%298-16%2818%2817%2921%2929%2825%2C26%2927%2Fh3-9%2C19H%2C1-2H3%2C%28H%2C22%2C23%2C24%29%28H%2C25%2C26%2C27%29,4.0,2.23000001907349,113.425003051758,45.0,27.0
InChI%3D1S%2FC6H10N6O%2Fc1-12%282%2911-10-6-4%285%287%2913%298-3-9-6%2Fh3H%2C1-2H3%2C%28H2%2C7%2C13%29%28H%2C8%2C9%29,3.0,1.35000002384186,43.4147987365723,27.0,3.0
InChI%3D1S%2FC10H12O2%2Fc1-3-10%2811%298-4-6-9%2812-2%297-5-8%2Fh3-7%2C10-11H%2C1H2%2C2H3,3.0,2.33999991416931,52.488899230957,24.0,7.0
InChI%3D1S%2FC12H19N3O%2Fc1-9%282%2915-12%2816%2911-6-4-10%285-7-11%298-14-13-3%2Fh4-7%2C9%2C13-14H%2C8H2%2C1-3H3%2C%28H%2C15%2C16%29,6.0,2.33999991416931,68.1613006591797,35.0,9.0
InChI%3D1S%2FC19H30O5%2Fc1-3-5-7-20-8-9-21-10-11-22-14-17-13-19-18%2823-15-24-19%2912-16%2817%296-4-2%2Fh12-13H%2C3-11%2C14-15H2%2C1-2H3,13.0,3.0,93.1712036132812,54.0,8.0
InChI%3D1S%2FC22H42O4%2Fc1-5-9-13-19%287-3%2917-25-21%2823%2915-11-12-16-22%2824%2926-18-20%288-4%2914-10-6-2%2Fh19-20H%2C5-18H2%2C1-4H3,19.0,3.44000005722046,92.5029983520508,68.0,3.0
InChI%3D1S%2FC14H16N2%2Fc1-9-7-11%283-5-13%289%2915%2912-4-6-14%2816%2910%282%298-12%2Fh3-8H%2C15-16H2%2C1-2H3,1.0,2.77999997138977,75.1350021362305,32.0,14.0
InChI%3D1S%2FC5H8O2%2Fc1-3-5%286%297-4-2%2Fh3H%2C1%2C4H2%2C2H3,3.0,1.78999996185303,26.3542995452881,15.0,5.0
InChI%3D1S%2FC6H4Cl2%2Fc7-5-1-2-6%288%294-3-5%2Fh1-4H,0.0,1.89999997615814,40.3881988525391,12.0,6.0
InChI%3D1S%2FC4H12N2%2Fc1-2-3-4-6-5%2Fh6H%2C2-5H2%2C1H3,3.0,1.67999994754791,25.0181999206543,18.0,2.0
InChI%3D1S%2FC5H6O2%2Fc6-4-5-2-1-3-7-5%2Fh1-3%2C6H%2C4H2,1.0,1.78999996185303,8.89589977264404,13.0,5.0
InChI%3D1S%2FC6H15NO3%2Fc8-4-1-7%282-5-9%293-6-10%2Fh8-10H%2C1-6H2,0.0,1.35000002384186,88.0130996704102,22.0,0.0
InChI%3D1S%2FC4H8Cl2O%2Fc5-1-3-7-4-2-6%2Fh1-4H2,4.0,1.57000005245209,31.6991004943848,15.0,0.0
InChI%3D1S%2FC18H12O6%2Fc1-21-11-7-12-13%288-5-6-22-18%288%2924-12%2917-15%2811%2916%2820%2914-9%2819%293-2-4-10%2814%2923-17%2Fh2-8%2C18-19H%2C1H3,1.0,2.77999997138977,90.2273025512695,36.0,18.0
InChI%3D1S%2FC6H4ClNO2%2Fc7-5-1-3-6%284-2-5%298%289%2910%2Fh1-4H,1.0,1.67999994754791,8.50139999389648,14.0,9.0
InChI%3D1S%2FC15H12N2O2%2Fc18-13-15%2817-14%2819%2916-13%2C11-7-3-1-4-8-11%2912-9-5-2-6-10-12%2Fh1-10H%2C%28H2%2C16%2C17%2C18%2C19%29,2.0,2.67000007629395,78.5282974243164,31.0,6.0
InChI%3D1S%2FC10H10N2%2Fc11-9-5-1-3-7-8%289%294-2-6-10%287%2912%2Fh1-6H%2C11-12H2,0.0,2.33999991416931,56.2523994445801,22.0,12.0
InChI%3D1S%2FC8H6N4O4S%2Fc13-4-9-11-8-10-5%283-17-8%296-1-2-7%2816-6%2912%2814%2915%2Fh1-4H%2C%28H%2C9%2C13%29%28H%2C10%2C11%29,4.0,1.35000002384186,25.4272003173828,23.0,17.0
InChI%3D1S%2FC11H16N4O4%2Fc16-8-4-14%285-9%2817%2912-8%292-1-3-15-6-10%2818%2913-11%2819%297-15%2Fh1-7H2%2C%28H%2C12%2C16%2C17%29%28H%2C13%2C18%2C19%29,4.0,1.78999996185303,62.8157997131348,35.0,5.0
InChI%3D1S%2FC10H14N2O2%2Fc1-3-14-10-5-4-8%286-9%2810%2911%2912-7%282%2913%2Fh4-6H%2C3%2C11H2%2C1-2H3%2C%28H%2C12%2C13%29,3.0,2.11999988555908,58.6713981628418,28.0,11.0
InChI%3D1S%2FC6H8N2O%2Fc7-4-1-2-6%289%295%288%293-4%2Fh1-3%2C9H%2C7-8H2,0.0,1.78999996185303,39.6609001159668,17.0,9.0
InChI%3D1S%2FC7H6O3%2Fc8-5-1-2-6-7%283-5%2910-4-9-6%2Fh1-3%2C8H%2C4H2,0.0,1.89999997615814,38.6888008117676,16.0,9.0
InChI%3D1S%2FC10H10O2%2Fc1-2-3-8-4-5-9-10%286-8%2912-7-11-9%2Fh2%2C4-6H%2C1%2C3%2C7H2,2.0,2.33999991416931,50.7649993896484,22.0,8.0
InChI%3D1S%2FC7H8N2O3%2Fc1-12-7-3-2-5%289%2810%2911%294-6%287%298%2Fh2-4H%2C8H2%2C1H3,5.0,2.89000010490417,90.8908004760742,38.0,13.0
InChI%3D1S%2FC10H9N%2Fc11-10-6-5-8-3-1-2-4-9%288%297-10%2Fh1-7H%2C11H2,0.0,2.45000004768372,52.7025985717773,20.0,11.0
InChI%3D1S%2FC8H8O%2Fc1-2-4-7%285-3-1%298-6-9-8%2Fh1-5%2C8H%2C6H2,1.0,2.23000001907349,39.464900970459,17.0,6.0
InChI%3D1S%2FC2H3F%2Fc1-2-3%2Fh2H%2C1H2,0.0,1.57000005245209,10.1890001296997,6.0,2.0
InChI%3D1S%2FC15H24O%2Fc1-10-8-11%2814%282%2C3%294%2913%2816%2912%289-10%2915%285%2C6%297%2Fh8-9%2C16H%2C1-7H3,2.0,3.0,72.6567001342773,40.0,7.0
InChI%3D1S%2FC24H12O2%2Fc25-23-17-7-3-1-5-13%2817%2915-9-11-20-22-16%2810-12-19%2823%2921%2815%2922%2914-6-2-4-8-18%2814%2924%2820%2926%2Fh1-12H,7.0,2.11999988555908,89.127700805664,43.0,11.0
InChI%3D1S%2FC8H18O%2Fc1-3-5-6-8%284-2%297-9%2Fh8-9H%2C3-7H2%2C1-2H3,5.0,2.23000001907349,35.0635986328125,27.0,0.0
InChI%3D1S%2FC15H16N4O%2Fc1-3-19-15-13%2810%282%2918-19%2917-12%2820%299-16-14%2815%2911-7-5-4-6-8-11%2Fh4-8H%2C3%2C9H2%2C1-2H3%2C%28H%2C17%2C20%29,2.0,2.55999994277954,81.4896011352539,40.0,8.0
InChI%3D1S%2FCH5N3O%2Fc2-1%285%294-3%2Fh3H2%2C%28H3%2C2%2C4%2C5%29,1.0,1.12999999523163,16.2616004943848,10.0,5.0
InChI%3D1S%2FC12H14O4%2Fc1-2-9%2813-5-11-7-15-11%294-10%283-1%2914-6-12-8-16-12%2Fh1-4%2C11-12H%2C5-8H2,6.0,2.33999991416931,61.7322006225586,30.0,8.0
InChI%3D1S%2FC3H8N2O%2Fc1-2-5%284%293-6%2Fh3H%2C2%2C4H2%2C1H3,2.0,1.46000003814697,24.0685005187988,14.0,4.0
InChI%3D1S%2FC12H13NO4S2%2Fc1-2-18%2814%2C15%2911-7-8-12%2819%2813%2C16%2917%2910-6-4-3-5-9%2810%2911%2Fh3-8H%2C2H2%2C1H3%2C%28H2%2C13%2C16%2C17%29,3.0,2.00999999046326,77.581901550293,32.0,17.0
InChI%3D1S%2FC14H9Cl5%2Fc15-11-5-1-9%282-6-11%2913%2814%2817%2C18%2919%2910-3-7-12%2816%298-4-10%2Fh1-8%2C13H,3.0,2.45000004768372,93.4157028198242,28.0,6.0
InChI%3D1S%2FC2H2Cl2%2Fc1-2%283%294%2Fh1H2,0.0,1.46000003814697,20.460599899292,6.0,2.0
InChI%3D1S%2FC7H8ClN%2Fc1-5-2-3-6%288%294-7%285%299%2Fh2-4H%2C9H2%2C1H3,0.0,2.00999999046326,43.5037994384766,17.0,7.0
InChI%3D1S%2FC18H20O2%2Fc1-3-17%2813-5-9-15%2819%2910-6-13%2918%284-2%2914-7-11-16%2820%2912-8-14%2Fh5-12%2C19-20H%2C3-4H2%2C1-2H3,4.0,3.22000002861023,91.2618026733398,40.0,16.0
InChI%3D1S%2FC8H12N2%2Fc9-10-7-6-8-4-2-1-3-5-8%2Fh1-5%2C10H%2C6-7%2C9H2,3.0,2.11999988555908,47.4837989807129,22.0,6.0
InChI%3D1S%2FC11H10N4%2Fc1-15-9-5-4-8-7%283-2-6-13-8%2910%289%2914-11%2815%2912%2Fh2-6H%2C1H3%2C%28H2%2C12%2C14%29,0.0,2.23000001907349,62.4096984863281,25.0,14.0
InChI%3D1S%2FH2O4S%2Fc1-5%282%2C3%294%2Fh%28H2%2C1%2C2%2C3%2C4%29,0.0,0.910000026226044,13.1971998214722,7.0,5.0
InChI%3D1S%2FC7H14N2O%2Fc1-3-4-5-6-8-9%282%297-10%2Fh6-7H%2C3-5H2%2C1-2H3,5.0,1.89999997615814,38.3126983642578,24.0,5.0
InChI%3D1S%2FC20H38N6O4%2Fc1-12%282%299-16%2824-14%285%2928%2919%2830%2926-17%2810-13%283%294%2918%2829%2925-15%2811-27%297-6-8-23-20%2821%2922%2Fh11-13%2C15-17H%2C6-10H2%2C1-5H3%2C%28H%2C24%2C28%29%28H%2C25%2C29%29%28H%2C26%2C30%29%28H4%2C21%2C22%2C23%29,15.0,2.55999994277954,106.290199279785,68.0,4.0
InChI%3D1S%2FC14H10Cl4%2Fc15-11-5-1-9%282-6-11%2913%2814%2817%2918%2910-3-7-12%2816%298-4-10%2Fh1-8%2C13-14H,3.0,2.55999994277954,87.8585968017578,28.0,6.0
InChI%3D1S%2FC14H9Cl5O%2Fc15-11-5-1-9%282-6-11%2913%2820%2C14%2817%2C18%2919%2910-3-7-12%2816%298-4-10%2Fh1-8%2C20H,3.0,2.33999991416931,94.7104034423828,29.0,6.0
InChI%3D1S%2FC2H5N5O3%2Fc1-6%285-8%292%283%294-7%289%2910%2Fh1H3%2C%28H2%2C3%2C4%29,4.0,0.800000011920929,14.2807998657227,15.0,9.0
InChI%3D1S%2FC7H15Cl2N2O2P%2Fc8-2-4-10-14%2812%2911%286-3-9%295-1-7-13-14%2Fh1-7H2%2C%28H%2C10%2C12%29,5.0,1.46000003814697,55.7243003845215,29.0,5.0
InChI%3D1S%2FC14H14N2%2Fc1-2-16-13-6-4-3-5-11%2813%2912-9-10%2815%297-8-14%2812%2916%2Fh3-9H%2C2%2C15H2%2C1H3,1.0,2.77999997138977,74.5651016235352,30.0,14.0
InChI%3D1S%2FC6H10N3O6P%2Fc1-5-7-4-6%289%2810%2911%298%285%292-3-15-16%2812%2C13%2914%2Fh4H%2C2-3H2%2C1H3%2C%28H2%2C12%2C13%2C14%29,5.0,1.01999998092651,33.9707984924316,27.0,8.0
InChI%3D1S%2FC20H18ClNO6%2Fc1-10-7-12-14%2821%299-13%2817%2823%2916%2812%2920%2827%2928-10%2918%2824%2922-15%2819%2825%2926%298-11-5-3-2-4-6-11%2Fh2-6%2C9-10%2C15%2C23H%2C7-8H2%2C1H3%2C%28H%2C22%2C24%29%28H%2C25%2C26%29,5.0,2.77999997138977,107.690498352051,46.0,13.0
InChI%3D1S%2FC15H23ClO4S%2Fc1-12%2820-21%2817%2919-10-9-16%2911-18-14-7-5-13%286-8-14%2915%282%2C3%294%2Fh5-8%2C12H%2C9-11H2%2C1-4H3,31.0,3.44000005722046,161.808502197266,109.0,3.0
InChI%3D1S%2FC9H7N7O2S%2Fc1-15-4-14-7%2816%2817%2918%299%2815%2919-8-5-6%2811-2-10-5%2912-3-13-8%2Fh2-4H%2C1H3%2C%28H%2C10%2C11%2C12%2C13%29,3.0,1.35000002384186,19.2740001678467,25.0,8.0
InChI%3D1S%2FC8H8%2Fc1-2-8-6-4-3-5-7-8%2Fh2-7H%2C1H2,1.0,2.33999991416931,39.8829002380371,16.0,8.0
InChI%3D1S%2FCH3NO2%2Fc1-2%283%294%2Fh1H3,0.0,1.24000000953674,8.30230045318604,7.0,2.0
InChI%3D1S%2FC8H5N3O4S%2Fc12-4-9-8-10-5%283-16-8%296-1-2-7%2815-6%2911%2813%2914%2Fh1-4H%2C%28H%2C9%2C10%2C12%29,3.0,1.46000003814697,22.1271991729736,21.0,16.0
InChI%3D1S%2FC2H8N2%2Fc1-2-4-3%2Fh4H%2C2-3H2%2C1H3,1.0,1.46000003814697,18.5746002197266,12.0,2.0
InChI%3D1S%2FC6H7ClN2%2Fc7-5-2-1-4%288%293-6%285%299%2Fh1-3H%2C8-9H2,0.0,1.78999996185303,42.771598815918,16.0,8.0
InChI%3D1S%2FC6H11Cl3O3%2Fc7-3-10-1-6%2812-5-9%292-11-4-8%2Fh6H%2C1-5H2,8.0,1.46000003814697,48.6879005432129,23.0,0.0
InChI%3D1S%2FC8H10N2O%2Fc1-6-2-4-7%285-3-6%2910-8%289%2911%2Fh2-5H%2C1H3%2C%28H3%2C9%2C10%2C11%29,2.0,2.00999999046326,45.5429992675781,21.0,10.0
InChI%3D1S%2FC13H13N3O%2Fc1-17-13-9-11%287-8-12%2813%2914%2916-15-10-5-3-2-4-6-10%2Fh2-9H%2C14H2%2C1H3,3.0,2.45000004768372,70.7602996826172,30.0,16.0
InChI%3D1S%2FC2H4Cl2O%2Fc3-1-5-2-4%2Fh1-2H2,2.0,1.35000002384186,22.2912998199463,9.0,0.0
InChI%3D1S%2FC6H7N3O%2Fc7-9-6%2810%295-1-3-8-4-2-5%2Fh1-4H%2C7H2%2C%28H%2C9%2C10%29,2.0,1.67999994754791,38.8917999267578,17.0,10.0
InChI%3D1S%2FC26H29NO%2Fc1-4-25%2821-11-7-5-8-12-21%2926%2822-13-9-6-10-14-22%2923-15-17-24%2818-16-23%2928-20-19-27%282%293%2Fh5-18H%2C4%2C19-20H2%2C1-3H3,8.0,4.09999990463257,43.5638008117676,57.0,21.0
InChI%3D1S%2FC2Cl6%2Fc3-1%284%2C5%292%286%2C7%298,1.0,1.01999998092651,41.8779983520508,8.0,0.0
InChI%3D1S%2FC9H8N4O2S%2Fc10-12-9-11-8%285-16-9%296-1-3-7%284-2-6%2913%2814%2915%2Fh1-5H%2C10H2%2C%28H%2C11%2C12%29,3.0,1.67999994754791,19.2633991241455,28.0,9.0
InChI%3D1S%2FC12H14N4%2Fc13-9-3-1-7%285-11%289%2915%298-2-4-10%2814%2912%2816%296-8%2Fh1-6H%2C13-16H2,1.0,2.33999991416931,73.6706008911133,30.0,16.0
InChI%3D1S%2FCHBrCl2%2Fc2-1%283%294%2Fh1H,0.0,1.24000000953674,24.172700881958,5.0,0.0
InChI%3D1S%2FC7H7NO3%2Fc1-11-7-5-3-2-4-6%287%298%289%2910%2Fh2-5H%2C1H3,2.0,1.78999996185303,10.2016000747681,18.0,10.0
InChI%3D1S%2FC7H9NO%2Fc1-9-7-5-3-2-4-6%287%298%2Fh2-5H%2C8H2%2C1H3,1.0,2.00999999046326,41.1491012573242,18.0,8.0
InChI%3D1S%2FC7H8N2O2%2Fc8-9-6-3-1-5%282-4-6%297%2810%2911%2Fh1-4%2C9H%2C8H2%2C%28H%2C10%2C11%29,2.0,1.78999996185303,44.8667984008789,19.0,11.0
InChI%3D1S%2FCCl4%2Fc2-1%283%2C4%295,0.0,1.12999999523163,26.8490009307861,5.0,0.0
InChI%3D1S%2FC4H8O2%2Fc1-2-6-4-3-5-1%2Fh1-4H2,0.0,1.67999994754791,22.0869998931885,14.0,0.0
InChI%3D1S%2FC18H22O5%2Fc1-12-6-5-8-13%2819%297-3-2-4-9-15-16%2818%2822%2923-12%2910-14%2820%2911-17%2815%2921%2Fh4%2C9-12%2C20-21H%2C2-3%2C5-8H2%2C1H3,0.0,2.89000010490417,85.2645034790039,45.0,13.0
InChI%3D1S%2FC12H10Cl2N2%2Fc13-9-5-7%281-3-11%289%2915%298-2-4-12%2816%2910%2814%296-8%2Fh1-6H%2C15-16H2,1.0,2.33999991416931,76.0034027099609,26.0,14.0
InChI%3D1S%2FC11H10N4%2Fc1-7-3-2-6-15-10%287%2913-8-4-5-9%2812%2914-11%288%2915%2Fh2-6H%2C1H3%2C%28H2%2C12%2C14%29,0.0,2.23000001907349,52.7211990356445,35.0,3.0
InChI%3D1S%2FC22H14%2Fc1-3-7-19-15%285-1%299-11-17-14-22-18%2813-21%2817%2919%2912-10-16-6-2-4-8-20%2816%2922%2Fh1-14H,0.0,3.88000011444092,103.743797302246,36.0,22.0
InChI%3D1S%2FCHBr2Cl%2Fc2-1%283%294%2Fh1H,0.0,1.24000000953674,26.9811992645264,5.0,0.0
InChI%3D1S%2FC14H8O4%2Fc15-9-5-1-3-7-11%289%2914%2818%2912-8%2813%287%2917%294-2-6-10%2812%2916%2Fh1-6%2C15-16H,0.0,2.55999994277954,70.934196472168,26.0,18.0
InChI%3D1S%2FC2H4N2O2%2Fc5-1-3-4-2-6%2Fh1-2H%2C%28H%2C3%2C5%29%28H%2C4%2C6%29,1.0,1.24000000953674,19.657600402832,10.0,6.0
InChI%3D1S%2FC17H21N3%2Fc1-19%282%2915-9-5-13%286-10-15%2917%2818%2914-7-11-16%2812-8-14%2920%283%294%2Fh5-12%2C18H%2C1-4H3,4.0,3.0,93.3126983642578,41.0,16.0
InChI%3D1S%2FC10H13NO2%2Fc1-3-13-10-6-4-9%285-7-10%2911-8%282%2912%2Fh4-7H%2C3H2%2C1-2H3%2C%28H%2C11%2C12%29,3.0,2.23000001907349,55.1216011047363,26.0,10.0
InChI%3D1S%2FC12H11N3%2Fc1-7-12-8-4-2-3-5-9%288%2915-10%2812%296-11%2813%2914-7%2Fh2-6%2C15H%2C1H3%2C%28H2%2C13%2C14%29,0.0,2.45000004768372,61.1085014343262,30.0,7.0
InChI%3D1S%2FC4H10N2O%2Fc1-2-3-6%285%294-7%2Fh4H%2C2-3%2C5H2%2C1H3,3.0,1.57000005245209,27.6005001068115,17.0,4.0
InChI%3D1S%2FC8H6N4O4%2Fc9-8-10-6%2811-16-8%293-1-5-2-4-7%2815-5%2912%2813%2914%2Fh1-4H%2C%28H2%2C9%2C10%2C11%29,3.0,1.46000003814697,31.3509006500244,24.0,10.0
InChI%3D1S%2FC6H6ClN%2Fc7-5-1-3-6%288%294-2-5%2Fh1-4H%2C8H2,0.0,1.89999997615814,39.2218017578125,14.0,7.0
InChI%3D1S%2FC12H11ClN2O5S%2Fc13-9-5-10%2815-6-7-2-1-3-20-7%298%2812%2816%2917%294-11%289%2921%2814%2C18%2919%2Fh1-5%2C15H%2C6H2%2C%28H%2C16%2C17%29%28H2%2C14%2C18%2C19%29,5.0,1.78999996185303,33.6077995300293,32.0,14.0
InChI%3D1S%2FC15H15N3O2%2Fc1-10-3-8-15%2820%2914%289-10%2918-17-13-6-4-12%285-7-13%2916-11%282%2919%2Fh3-9%2C17H%2C1-2H3%2C%28H%2C16%2C19%29,3.0,2.55999994277954,83.5300979614258,35.0,18.0
InChI%3D1S%2FC8H10N2O%2Fc1-7%2811%299-10-8-5-3-2-4-6-8%2Fh2-6%2C10H%2C1H3%2C%28H%2C9%2C11%29,2.0,2.00999999046326,47.4842987060547,21.0,10.0
InChI%3D1S%2FC4H6Cl2%2Fc5-3-1-2-4-6%2Fh1-2H%2C3-4H2,2.0,1.67999994754791,30.9741992950439,12.0,2.0
InChI%3D1S%2FC6H5NO2%2Fc8-7%289%296-4-2-1-3-5-6%2Fh1-5H,1.0,1.78999996185303,2.88579988479614,14.0,9.0
InChI%3D1S%2FC6H3Cl3O%2Fc7-3-1-4%288%296%2810%295%289%292-3%2Fh1-2%2C10H,0.0,1.67999994754791,46.7098999023438,13.0,7.0
InChI%3D1S%2FC2Cl4%2Fc3-1%284%292%285%296,0.0,1.24000000953674,30.9454002380371,6.0,2.0
InChI%3D1S%2FC4H10O%2Fc1-4%282%2C3%295%2Fh5H%2C1-3H3,0.0,1.78999996185303,22.0650997161865,15.0,0.0
InChI%3D1S%2FC13H14Cl2O3%2Fc1-12%282%2C11%2816%2917%2918-9-5-3-8%284-6-9%2910-7-13%2810%2C14%2915%2Fh3-6%2C10H%2C7H2%2C1-2H3%2C%28H%2C16%2C17%29,4.0,2.33999991416931,73.4293975830078,32.0,7.0
InChI%3D1S%2FC3H4O2%2Fc4-3-1-2-5-3%2Fh1-2H2,0.0,1.57000005245209,15.5530996322632,9.0,3.0
InChI%3D1S%2FC2H4N4%2Fc3-2-4-1-5-6-2%2Fh1H%2C%28H3%2C3%2C4%2C5%2C6%29,0.0,1.24000000953674,18.7336006164551,12.0,5.0
InChI%3D1S%2FC10H17Cl2NOS%2Fc1-7%282%2913%288%283%294%2910%2814%2915-6-9%2812%295-11%2Fh5%2C7-8H%2C6H2%2C1-4H3,6.0,2.00999999046326,70.0038986206055,32.0,3.0
InChI%3D1S%2FC14H14ClN3O2S%2Fc1-8-4-3-5-10%289%288%292%2916-12-6-11%2815%2917-14%2818-12%2921-7-13%2819%2920%2Fh3-6H%2C7H2%2C1-2H3%2C%28H%2C19%2C20%29%28H%2C16%2C17%2C18%29,4.0,2.23000001907349,87.6377029418945,39.0,9.0
InChI%3D1S%2FC17H22N2O%2Fc1-17%2820-14-13-19%282%293%2C15-9-5-4-6-10-15%2916-11-7-8-12-18-16%2Fh4-12H%2C13-14H2%2C1-3H3,6.0,3.0,89.5445022583008,42.0,6.0
InChI%3D1S%2FC6H6ClN%2Fc7-4-6-2-1-3-8-5-6%2Fh1-3%2C5H%2C4H2,1.0,1.89999997615814,36.4939994812012,14.0,6.0
InChI%3D1S%2FC6H8N4O3S%2Fc1-2-7-5%2811%299-6-8-3-4%2814-6%2910%2812%2913%2Fh3H%2C2H2%2C1H3%2C%28H2%2C7%2C8%2C9%2C11%29,4.0,1.24000000953674,31.4605007171631,23.0,12.0
InChI%3D1S%2FC6H6Cl2N2%2Fc7-4-1-3%289%292-5%288%296%284%2910%2Fh1-2H%2C9-10H2,0.0,1.67999994754791,47.4878005981445,16.0,8.0
InChI%3D1S%2FC16H15NO2%2Fc17-15-11-5-4-10-14%2815%2916%2818%2919-12-6-9-13-7-2-1-3-8-13%2Fh1-11H%2C12%2C17H2,5.0,2.89000010490417,84.3436965942383,34.0,10.0
InChI%3D1S%2FC12H9NO2%2Fc14-13%2815%2911-7-6-9-5-4-8-2-1-3-10%2811%2912%288%299%2Fh1-3%2C6-7H%2C4-5H2,1.0,2.45000004768372,12.6166000366211,26.0,9.0
InChI%3D1S%2FC6H11N2O4PS3%2Fc1-10-5-7-8%286%289%2916-5%294-15-13%2814%2C11-2%2912-3%2Fh4H2%2C1-3H3,6.0,1.01999998092651,70.3099975585938,29.0,4.0
InChI%3D1S%2FC12H12N2S%2Fc13-9-1-5-11%286-2-9%2915-12-7-3-10%2814%294-8-12%2Fh1-8H%2C13-14H2,2.0,2.45000004768372,75.4600982666016,27.0,7.0
InChI%3D1S%2FC12H27O4P%2Fc1-4-7-10-14-17%2813%2C15-11-8-5-2%2916-12-9-6-3%2Fh4-12H2%2C1-3H3,12.0,2.23000001907349,60.3110008239746,44.0,5.0
InChI%3D1S%2FC9H8O2%2Fc10-9-6-5-7-3-1-2-4-8%287%2911-9%2Fh1-4H%2C5-6H2,0.0,2.23000001907349,44.7696990966797,19.0,9.0
InChI%3D1S%2FC9H8O4%2Fc10-7-3-1-6%285-8%287%2911%292-4-9%2812%2913%2Fh1-5%2C10-11H%2C%28H%2C12%2C13%29,2.0,2.00999999046326,50.4095001220703,21.0,13.0
InChI%3D1S%2FC3H6N2S%2Fc6-3-4-1-2-5-3%2Fh1-2H2%2C%28H2%2C4%2C5%2C6%29,0.0,1.46000003814697,26.6289005279541,12.0,3.0
InChI%3D1S%2FC4H4N2O2%2Fc7-3-1-2-5-4%288%296-3%2Fh1-2H%2C%28H2%2C5%2C6%2C7%2C8%29,4.0,1.24000000953674,29.7943992614746,17.0,3.0
InChI%3D1S%2FC9H13N%2Fc1-6-4-7%282%299%2810%298%283%295-6%2Fh4-5H%2C10H2%2C1-3H3,0.0,2.33999991416931,47.3516006469727,23.0,7.0
InChI%3D1S%2FC16H17NO2%2Fc1-18-15-9-10-16%2819-2%2913%2811-15%296-3-12-4-7-14%2817%298-5-12%2Fh3-11H%2C17H2%2C1-2H3,4.0,2.89000010490417,86.6268005371094,36.0,17.0
InChI%3D1S%2FC15H11NO2%2Fc1-8-6-7-11-12%2813%288%2916%2915%2818%2910-5-3-2-4-9%2810%2914%2811%2917%2Fh2-7H%2C16H2%2C1H3,0.0,2.77999997138977,75.5550003051758,29.0,17.0
InChI%3D1S%2FC2HCl3O2%2Fc3-2%284%2C5%291%286%297%2Fh%28H%2C6%2C7%29,1.0,1.12999999523163,28.1583003997803,8.0,3.0
InChI%3D1S%2FC19H17N3%2Fc20-16-7-1-13%282-8-16%2919%2814-3-9-17%2821%2910-4-14%2915-5-11-18%2822%2912-6-15%2Fh1-12%2C20H%2C21-22H2,6.0,1.01999998092651,70.3099975585938,29.0,4.0
InChI%3D1S%2FC20H26O2%2Fc1-3-20%2822%2911-9-18-17-6-4-13-12-14%2821%295-7-15%2813%2916%2817%298-10-19%2818%2C20%292%2Fh1%2C16-18%2C22H%2C4-12H2%2C2H3,0.0,3.44000005722046,85.42919921875,48.0,2.0
InChI%3D1S%2FC34H27N9O7S2%2Fc35-22-10-15-27%2826%2836%2918-22%2941-38-24-11-6-19%287-12-24%2920-8-13-25%2814-9-20%2940-42-32-28%2851%2845%2C46%2947%2916-21-17-29%2852%2848%2C49%2950%2933%2834%2844%2930%2821%2931%2832%2937%2943-39-23-4-2-1-3-5-23%2Fh1-18%2C39H%2C35-37H2%2C%28H%2C45%2C46%2C47%29%28H%2C48%2C49%2C50%29,9.0,3.22000002861023,203.248397827148,79.0,52.0
InChI%3D1S%2FC3H10N2%2Fc1-2-3-5-4%2Fh5H%2C2-4H2%2C1H3,4.0,2.89000010490417,86.6268005371094,36.0,17.0
InChI%3D1S%2FC18H14N4O5S%2Fc23-16-9-6-13%2811-15%2816%2918%2824%2925%2921-20-12-4-7-14%288-5-12%2928%2826%2C27%2922-17-3-1-2-10-19-17%2Fh1-11%2C20H%2C%28H%2C19%2C22%29%28H%2C24%2C25%29,6.0,2.33999991416931,108.446899414062,42.0,28.0
InChI%3D1S%2FC10H10O3%2Fc1-2-8%2811%297-3-4-9-10%285-7%2913-6-12-9%2Fh2-5%2C8%2C11H%2C1%2C6H2,2.0,2.23000001907349,51.972900390625,23.0,8.0
InChI%3D1S%2FC10H12Cl2O2%2Fc11-7-13-5-9-1-2-10%284-3-9%296-14-8-12%2Fh1-4H%2C5-8H2,6.0,2.11999988555908,61.850399017334,26.0,6.0
InChI%3D1S%2FC4H7Cl%2Fc1-4%282%293-5%2Fh3H%2C1-2H3,0.0,1.78999996185303,24.7329006195068,12.0,2.0
InChI%3D1S%2FC2H4Br2%2Fc3-1-2-4%2Fh1-2H2,1.0,1.46000003814697,26.6226005554199,8.0,0.0
InChI%3D1S%2FC5H14N2%2Fc1-2-3-4-5-7-6%2Fh7H%2C2-6H2%2C1H3,4.0,1.78999996185303,27.9298000335693,21.0,2.0
InChI%3D1S%2FC12H15N3O6%2Fc1-6-9%2813%2816%2917%297%282%2911%2815%2820%2921%298%2812%283%2C4%295%2910%286%2914%2818%2919%2Fh1-5H3,4.0,1.78999996185303,38.7883987426758,36.0,15.0
InChI%3D1S%2FC6H6%2Fc1-2-4-6-5-3-1%2Fh1-6H,0.0,2.11999988555908,30.9557991027832,12.0,6.0
InChI%3D1S%2FC6H6Cl6%2Fc7-1-2%288%294%2810%296%2812%295%2811%293%281%299%2Fh1-6H,0.0,1.46000003814697,54.0810012817383,18.0,0.0
InChI%3D1S%2FC7H10N2%2Fc1-5-2-3-6%288%294-7%285%299%2Fh2-4H%2C8-9H2%2C1H3,0.0,2.00999999046326,42.3373985290527,19.0,8.0
InChI%3D1S%2FC18H28O3S%2Fc1-3-4-5-6-7-8-11-22%2819%2915%282%2912-16-9-10-17-18%2813-16%2921-14-20-17%2Fh9-10%2C13%2C15H%2C3-8%2C11-12%2C14H2%2C1-2H3,10.0,3.0,87.2708969116211,50.0,8.0
InChI%3D1S%2FC12H11N%2Fc13-12-9-5-4-8-11%2812%2910-6-2-1-3-7-10%2Fh1-9H%2C13H2,1.0,2.67000007629395,63.0211982727051,24.0,13.0
InChI%3D1S%2FC24H31Cl2N5O7%2Fc1-2-14-21%2835%2930-16%2810-32%2922%2836%2929-15%2812-6-4-3-5-7-12%298-18%2834%2927-17%2811-33%2924%2838%2931-9-13%2825%2919%2826%2920%2831%2923%2837%2928-14%2Fh3-7%2C13-17%2C19-20%2C32-33H%2C2%2C8-11H2%2C1H3%2C%28H%2C27%2C34%29%28H%2C28%2C37%29%28H%2C29%2C36%29%28H%2C30%2C35%29,4.0,2.55999994277954,138.330795288086,69.0,6.0
InChI%3D1S%2FC7H5N3O3S%2Fc8-7-9-4%283-14-7%295-1-2-6%2813-5%2910%2811%2912%2Fh1-3H%2C%28H2%2C8%2C9%29,2.0,1.46000003814697,29.1082000732422,21.0,8.0
InChI%3D1S%2FC27H44O6%2Fc1-15%2820%2828%298-9-24%282%2C3%2932%2916-7-11-27%2833%2918-12-21%2829%2919-13-22%2830%2923%2831%2914-25%2819%2C4%2917%2818%296-10-26%2816%2C27%295%2Fh12%2C15-17%2C19-20%2C22-23%2C28%2C30-33H%2C6-11%2C13-14H2%2C1-5H3,5.0,3.76999998092651,124.11319732666,77.0,4.0
InChI%3D1S%2FC17H17ClO3%2Fc1-17%282%2C16%2819%2920-3%2921-15-10-6-13%287-11-15%2912-4-8-14%2818%299-5-12%2Fh4-11H%2C1-3H3,5.0,2.89000010490417,90.8908004760742,38.0,13.0
InChI%3D1S%2FC4H6%2Fc1-3-4-2%2Fh3-4H%2C1-2H2,1.0,1.89999997615814,20.2943992614746,10.0,4.0
InChI%3D1S%2FC15H9NO4%2Fc1-8-6-7-11-12%2813%288%2916%2819%2920%2915%2818%2910-5-3-2-4-9%2810%2914%2811%2917%2Fh2-7H%2C1H3,1.0,2.55999994277954,19.0799007415771,29.0,19.0
InChI%3D1S%2FC10H8%2Fc1-2-6-10-8-4-3-7-9%2810%295-1%2Fh1-8H,0.0,2.55999994277954,49.1528015136719,18.0,10.0
InChI%3D1S%2FC20H28O6%2Fc1-9-5-13-18%2824%2C15%289%2922%297-11%288-21%296-12-14-17%283%2C4%2920%2814%2C26%2916%2823%2910%282%2919%2812%2C13%2925%2Fh5-6%2C10%2C12-14%2C16%2C21%2C23-26H%2C7-8H2%2C1-4H3,1.0,3.0,94.7273025512695,54.0,4.0
InChI%3D1S%2FC8H20N2%2Fc1-3-5-7-10%289%298-6-4-2%2Fh3-9H2%2C1-2H3,6.0,2.11999988555908,41.0503005981445,30.0,2.0
InChI%3D1S%2FC2H6N2O%2Fc1-4%283%292-5%2Fh2H%2C3H2%2C1H3,1.0,1.35000002384186,19.7747001647949,11.0,4.0
InChI%3D1S%2FC11H11N5%2Fc12-10-7-6-9%2811%2813%2914-10%2916-15-8-4-2-1-3-5-8%2Fh1-7H%2C%28H4%2C12%2C13%2C14%29,2.0,2.11999988555908,57.1469993591309,31.0,8.0
InChI%3D1S%2FC12H11Cl2NO%2Fc1-4-12%282%2C3%2915-11%2816%298-5-9%2813%297-10%2814%296-8%2Fh1%2C5-7H%2C2-3H3%2C%28H%2C15%2C16%29,2.0,2.33999991416931,69.1766967773438,27.0,9.0
InChI%3D1S%2FC10H12N2O4%2Fc1-3-16-10-5-4-8%2811-7%282%2913%296-9%2810%2912%2814%2915%2Fh4-6H%2C3H2%2C1-2H3%2C%28H%2C11%2C13%29,4.0,1.89999997615814,28.3962001800537,28.0,13.0
InChI%3D1S%2FC14H19Cl2NO2%2Fc15-8-10-17%2811-9-16%2913-6-4-12%285-7-13%292-1-3-14%2818%2919%2Fh4-7H%2C1-3%2C8-11H2%2C%28H%2C18%2C19%29,9.0,2.45000004768372,81.5868988037109,38.0,7.0
InChI%3D1S%2FC7H7Cl%2Fc8-6-7-4-2-1-3-5-7%2Fh1-5H%2C6H2,1.0,2.11999988555908,40.0634994506836,15.0,6.0
InChI%3D1S%2FC12H12N4%2Fc1-7-6-9-8%284-3-5-14-9%2910-11%287%2916%282%2912%2813%2915-10%2Fh3-6H%2C1-2H3%2C%28H2%2C13%2C15%29,0.0,2.33999991416931,66.6917037963867,28.0,14.0
InChI%3D1S%2FC43H58N4O12%2Fc1-21-12-11-13-22%282%2942%2855%2945-33-28%2820-44-47-17-15-46%289%2916-18-47%2937%2852%2930-31%2838%2833%2953%2936%2851%2926%286%2940-32%2830%2941%2854%2943%288%2C59-40%2957-19-14-29%2856-10%2923%283%2939%2858-27%287%2948%2925%285%2935%2850%2924%284%2934%2821%2949%2Fh11-14%2C19-21%2C23-25%2C29%2C34-35%2C39%2C44%2C49-51%2C53H%2C15-18H2%2C1-10H3%2C%28H%2C45%2C55%29,5.0,4.42999982833862,222.723495483398,117.0,26.0
InChI%3D1S%2FC2H2Cl2O2%2Fc3-1%284%292%285%296%2Fh1H%2C%28H%2C5%2C6%29,1.0,1.24000000953674,22.619499206543,8.0,3.0
InChI%3D1S%2FC13H12Cl2N2%2Fc14-10-6-8%281-3-12%2810%2916%295-9-2-4-13%2817%2911%2815%297-9%2Fh1-4%2C6-7H%2C5%2C16-17H2,2.0,2.45000004768372,80.6044006347656,29.0,7.0
InChI%3D1S%2FC2H8N2%2Fc1-4%282%293%2Fh3H2%2C1-2H3,0.0,1.46000003814697,19.5755004882812,12.0,2.0
InChI%3D1S%2FC8H20N2%2Fc1-3-5-7-9-10-8-6-4-2%2Fh9-10H%2C3-8H2%2C1-2H3,7.0,2.11999988555908,39.4682006835938,30.0,2.0
InChI%3D1S%2FC12H11N%2Fc13-12-8-6-11%287-9-12%2910-4-2-1-3-5-10%2Fh1-9H%2C13H2,1.0,2.67000007629395,63.0211982727051,24.0,13.0
InChI%3D1S%2FC2H3Cl3%2Fc3-1-2%284%295%2Fh2H%2C1H2,3.0,2.89000010490417,103.52619934082,56.0,7.0
InChI%3D1S%2FC6H12N2O%2Fc9-7-8-5-3-1-2-4-6-8%2Fh1-6H2,1.0,1.78999996185303,29.7278995513916,21.0,3.0
InChI%3D1S%2FC18H27NO3%2Fc1-14%282%298-6-4-5-7-9-18%2821%2919-13-15-10-11-16%2820%2917%2812-15%2922-3%2Fh6%2C8%2C10-12%2C14%2C20H%2C4-5%2C7%2C9%2C13H2%2C1-3H3%2C%28H%2C19%2C21%29,9.0,3.0,90.397102355957,49.0,8.0
InChI%3D1S%2FC17H22N2%2Fc1-18%282%2916-9-5-14%286-10-16%2913-15-7-11-17%2812-8-15%2919%283%294%2Fh5-12H%2C13H2%2C1-4H3,4.0,3.10999989509583,91.3106002807617,41.0,7.0
InChI%3D1S%2FC32H24N6O16S4%2Fc33-19-11-17%2855%2843%2C44%2945%295-15-9-25%2857%2849%2C50%2951%2929%2831%2841%2927%2815%2919%2937-35-21-3-1-13%287-23%2821%2939%2914-2-4-22%2824%2840%298-14%2936-38-30-26%2858%2852%2C53%2954%2910-16-6-18%2856%2846%2C47%2948%2912-20%2834%2928%2816%2932%2830%2942%2Fh1-12%2C35-36%2C39-40H%2C33-34H2%2C%28H%2C43%2C44%2C45%29%28H%2C46%2C47%2C48%29%28H%2C49%2C50%2C51%29%28H%2C52%2C53%2C54%29,9.0,2.11999988555908,217.592407226562,82.0,58.0
InChI%3D1S%2FC3H4Cl2%2Fc4-2-1-3-5%2Fh1-2H%2C3H2,1.0,1.57000005245209,25.2765998840332,9.0,2.0
InChI%3D1S%2FC2H2Cl4%2Fc3-1-2%284%2C5%296%2Fh1H2,1.0,1.24000000953674,31.2667999267578,8.0,0.0
InChI%3D1S%2FC11H17F3N6O%2Fc12-11%2813%2C14%297-17-10%2816%2918-9-4-6-20%2819-9%295-2-1-3-8%2815%2921%2Fh4%2C6H%2C1-3%2C5%2C7H2%2C%28H2%2C15%2C21%29%28H3%2C16%2C17%2C18%2C19%29,9.0,1.57000005245209,64.0654983520508,40.0,7.0
InChI%3D1S%2FC7H9N%2Fc1-6-2-4-7%288%295-3-6%2Fh2-5H%2C8H2%2C1H3,0.0,2.11999988555908,38.7876014709473,17.0,7.0
InChI%3D1S%2FC3H5NO2%2Fc1-2-6-3%284%295%2Fh2H%2C1H2%2C%28H2%2C4%2C5%29,2.0,1.46000003814697,19.2166004180908,11.0,6.0
InChI%3D1S%2FC12H7Cl2NO3%2Fc13-8-1-6-12%2811%2814%297-8%2918-10-4-2-9%283-5-10%2915%2816%2917%2Fh1-7H,3.0,2.00999999046326,78.3058013916016,33.0,17.0
InChI%3D1S%2FC12H11N7%2Fc13-9-7%286-4-2-1-3-5-6%2916-8-10%2814%2918-12%2815%2919-11%288%2917-9%2Fh1-5H%2C%28H6%2C13%2C14%2C15%2C17%2C18%2C19%29,1.0,2.00999999046326,70.2317962646484,36.0,6.0
InChI%3D1S%2FCH2Cl2%2Fc2-1-3%2Fh1H2,3.0,2.23000001907349,83.5009002685547,39.0,13.0
InChI%3D1S%2FC5H12O%2Fc1-5%282%2C3%296-4%2Fh1-4H3,1.0,1.89999997615814,26.8162994384766,18.0,0.0
InChI%3D1S%2FC6H14O2%2Fc1-2-3-5-8-6-4-7%2Fh7H%2C2-6H2%2C1H3,5.0,1.89999997615814,30.042200088501,22.0,0.0
InChI%3D1S%2FC8H16N2O%2Fc1-3-4-5-6-7-9-10%282%298-11%2Fh7-8H%2C3-6H2%2C1-2H3,6.0,2.00999999046326,41.2243003845215,27.0,5.0
InChI%3D1S%2FC14H16N2O2%2Fc1-17-13-7-9%283-5-11%2813%2915%2910-4-6-12%2816%2914%288-10%2918-2%2Fh3-8H%2C15-16H2%2C1-2H3,3.0,2.55999994277954,79.8580017089844,34.0,16.0
InChI%3D1S%2FC10H8N4%2Fc11-8-5-4-7-10%2813-8%2914-6-2-1-3-9%2814%2912-7%2Fh1-6H%2C%28H2%2C11%2C13%29,0.0,2.11999988555908,45.557300567627,32.0,3.0
InChI%3D1S%2FC9H8Cl3NO2S%2Fc10-9%2811%2C12%2916-13-7%2814%295-3-1-2-4-6%285%298%2813%2915%2Fh1-2%2C5-6H%2C3-4H2,2.0,1.67999994754791,68.1818008422852,24.0,5.0
InChI%3D1S%2FC9H4F3N3O4S%2Fc10-9%2811%2C12%297%2816%2914-8-13-4%283-20-8%295-1-2-6%2819-5%2915%2817%2918%2Fh1-3H%2C%28H%2C13%2C14%2C16%29,4.0,1.24000000953674,27.209400177002,24.0,16.0
InChI%3D1S%2FC3H4O2%2Fc4-2-1-3-5%2Fh1-4H,1.0,1.57000005245209,18.0569000244141,9.0,5.0
InChI%3D1S%2FC12H8Cl6%2Fc13-8-9%2814%2911%2816%297-5-2-1-4%283-5%296%287%2910%288%2C15%2912%2811%2C17%2918%2Fh1-2%2C4-7H%2C3H2,0.0,2.11999988555908,78.0286026000977,26.0,2.0
InChI%3D1S%2FC10H9N%2Fc11-10-7-3-5-8-4-1-2-6-9%288%2910%2Fh1-7H%2C11H2,9.0,2.33999991416931,214.381393432617,80.0,56.0
InChI%3D1S%2FC6H6O2%2Fc7-5-1-2-6%288%294-3-5%2Fh1-4%2C7-8H,0.0,1.89999997615814,34.1668014526367,14.0,8.0
InChI%3D1S%2FC16H12N2O2%2Fc19-15-13-7-3-1-5-11%2813%299-17-16%2820%2914-8-4-2-6-12%2814%2910-18%2815%2917%2Fh1-8H%2C9-10H2,0.0,2.77999997138977,81.3386001586914,32.0,18.0
InChI%3D1S%2FC34H59NO15%2Fc1-5-6-9-20%283%2932%2850-31%2844%2917-23%2834%2847%2948%2915-29%2841%2942%2927%2849-30%2843%2916-22%2833%2845%2946%2914-28%2839%2940%2913-19%282%2912-24%2836%2910-7-8-11-25%2837%2918-26%2838%2921%284%2935%2Fh19-27%2C32%2C36-38H%2C5-18%2C35H2%2C1-4H3%2C%28H%2C39%2C40%29%28H%2C41%2C42%29%28H%2C45%2C46%29%28H%2C47%2C48%29,31.0,3.44000005722046,161.808502197266,109.0,3.0
InChI%3D1S%2FC8H9N3O2%2Fc1-6%2812%2910-11-8%2813%297-2-4-9-5-3-7%2Fh2-5H%2C1H3%2C%28H%2C10%2C12%29%28H%2C11%2C13%29,3.0,1.78999996185303,47.5084991455078,22.0,12.0
InChI%3D1S%2FC6H13NO2S%2Fc1-2-10-4-3-5%287%296%288%299%2Fh5H%2C2-4%2C7H2%2C1H3%2C%28H%2C8%2C9%29,5.0,1.67999994754791,40.1720008850098,23.0,3.0
InChI%3D1S%2FC4H8N2O%2Fc7-5-6-3-1-2-4-6%2Fh1-4H2,1.0,1.57000005245209,23.9046993255615,15.0,3.0
InChI%3D1S%2FC24H34O9%2Fc1-12%282%297-18%2827%2932-16-9-23%2810-29-14%284%2925%2917%288-13%2816%293%2933-21-19%2828%2920%2831-15%285%2926%2922%2823%2C6%2924%2821%2911-30-24%2Fh8%2C12%2C16-17%2C19-21%2C28H%2C7%2C9-11H2%2C1-6H3,9.0,3.10999989509583,113.26969909668,67.0,3.0
InChI%3D1S%2FC4H3FN2O2%2Fc5-2-1-6-4%289%297-3%282%298%2Fh1H%2C%28H2%2C6%2C7%2C8%2C9%29,0.0,1.35000002384186,26.5935001373291,12.0,8.0
InChI%3D1S%2FC2H5NS%2Fc1-2%283%294%2Fh1H3%2C%28H2%2C3%2C4%29,0.0,1.46000003814697,20.3145999908447,9.0,2.0
InChI%3D1S%2FC6H12Cl3O4P%2Fc7-1-4-11-14%2810%2C12-5-2-8%2913-6-3-9%2Fh1-6H2,9.0,1.24000000953674,56.1287002563477,26.0,5.0
InChI%3D1S%2FC8H10%2Fc1-2-8-6-4-3-5-7-8%2Fh3-7H%2C2H2%2C1H3,1.0,2.33999991416931,40.0862007141113,18.0,6.0
InChI%3D1S%2FC12H11N3%2Fc1-7-6-9-8-4-2-3-5-10%288%2914-12%289%2915-11%287%2913%2Fh2-6H%2C1H3%2C%28H3%2C13%2C14%2C15%29,0.0,2.45000004768372,61.2617988586426,30.0,7.0
InChI%3D1S%2FC4H7NO2%2Fc1-2-4%287%295-3-6%2Fh2%2C6H%2C1%2C3H2%2C%28H%2C5%2C7%29,2.0,1.57000005245209,25.4099998474121,14.0,5.0
InChI%3D1S%2FC7H6N4O3S%2Fc8-10-7-9-4%283-15-7%295-1-2-6%2814-5%2911%2812%2913%2Fh1-3H%2C8H2%2C%28H%2C9%2C10%29,3.0,1.35000002384186,20.8824996948242,21.0,15.0
InChI%3D1S%2FC12H12N2O3%2Fc1-2-12%288-6-4-3-5-7-8%299%2815%2913-11%2817%2914-10%2812%2916%2Fh3-7H%2C2H2%2C1H3%2C%28H2%2C13%2C14%2C15%2C16%2C17%29,2.0,2.23000001907349,64.2021026611328,29.0,8.0
InChI%3D1S%2FC4H4N2OS%2Fc7-3-1-2-5-4%288%296-3%2Fh1-2H%2C%28H2%2C5%2C6%2C7%2C8%29,0.0,1.46000003814697,32.684398651123,12.0,7.0
InChI%3D1S%2FC2H6N2O%2Fc1-4%282%293-5%2Fh1-2H3,1.0,1.35000002384186,20.050500869751,11.0,3.0
InChI%3D1S%2FC12H10FN%2Fc13-11-5-1-9%282-6-11%2910-3-7-12%2814%298-4-10%2Fh1-8H%2C14H2,1.0,2.55999994277954,63.148998260498,24.0,13.0
InChI%3D1S%2FC3H7N3O3%2Fc4-3%288%296%285-9%291-2-7%2Fh7H%2C1-2H2%2C%28H2%2C4%2C8%29,4.0,1.12999999523163,29.1236000061035,16.0,6.0
InChI%3D1S%2FC42H50Cl4N2O4%2Fc1-42-17-16-36-35-13-11-34%2851-40%2849%2926-29-2-7-32%288-3-29%2947%2822-18-43%2923-19-44%2928-31%2835%296-12-37%2836%2938%2842%2914-15-39%2842%2952-41%2850%2927-30-4-9-33%2810-5-30%2948%2824-20-45%2925-21-46%2Fh2-5%2C7-11%2C13%2C28%2C36-39H%2C6%2C12%2C14-27H2%2C1H3,18.0,4.98000001907349,224.199295043945,98.0,13.0
InChI%3D1S%2FC7H8ClN%2Fc1-5-4-6%288%292-3-7%285%299%2Fh2-4H%2C9H2%2C1H3,0.0,2.00999999046326,43.5037994384766,17.0,7.0
InChI%3D1S%2FC2H3Cl3O2%2Fc3-2%284%2C5%291%286%297%2Fh1%2C6-7H,1.0,1.12999999523163,29.2457008361816,10.0,0.0
InChI%3D1S%2FC10H9Cl4O4P%2Fc1-16-19%2815%2C17-2%2918-10%285-11%296-3-8%2813%299%2814%294-7%286%2912%2Fh3-5H%2C1-2H3,5.0,1.57000005245209,80.5628967285156,28.0,13.0
InChI%3D1S%2FC9H10N4S%2Fc10-7-3-1-6%282-4-7%298-5-14-9%2812-8%2913-11%2Fh1-5H%2C10-11H2%2C%28H%2C12%2C13%29,2.0,1.89999997615814,64.4610977172852,28.0,7.0
InChI%3D1S%2FC33H40N2O9%2Fc1-38-19-7-8-20-21-9-10-35-16-18-13-27%2844-32%2836%2917-11-25%2839-2%2930%2841-4%2926%2812-17%2940-3%2931%2842-5%2928%2833%2837%2943-6%2922%2818%2915-24%2835%2929%2821%2934-23%2820%2914-19%2Fh7-8%2C11-12%2C14%2C18%2C22%2C24%2C27-28%2C31%2C34H%2C9-10%2C13%2C15-16H2%2C1-6H3,10.0,3.88000011444092,164.028198242188,86.0,12.0
InChI%3D1S%2FC6H13NO%2Fc1-2-3-4-5-6%287%298%2Fh2-5H2%2C1H3%2C%28H2%2C7%2C8%29,4.0,1.89999997615814,27.6590995788574,21.0,3.0
InChI%3D1S%2FC8H6N4O4S%2Fc1-4%2813%299-8-11-10-7%2817-8%295-2-3-6%2816-5%2912%2814%2915%2Fh2-3H%2C1H3%2C%28H%2C9%2C11%2C13%29,3.0,1.35000002384186,26.1991996765137,24.0,16.0
InChI%3D1S%2FC23H36N2O2%2Fc1-21%282%2C3%2925-20%2827%2917-8-7-15-14-6-9-18-23%285%2C13-11-19%2826%2924-18%2916%2814%2910-12-22%2815%2C17%294%2Fh11%2C13-18H%2C6-10%2C12H2%2C1-5H3%2C%28H%2C24%2C26%29%28H%2C25%2C27%29,2.0,3.54999995231628,105.400901794434,63.0,5.0
InChI%3D1S%2FC2H5N3O2%2Fc1-5%284-7%292%283%296%2Fh1H3%2C%28H2%2C3%2C6%29,4.0,2.23000001907349,113.349899291992,45.0,27.0
InChI%3D1S%2FC7H10N2%2Fc8-9-6-7-4-2-1-3-5-7%2Fh1-5%2C9H%2C6%2C8H2,2.0,2.00999999046326,43.0320014953613,19.0,6.0
InChI%3D1S%2FC9H6O2%2Fc10-9-6-5-7-3-1-2-4-8%287%2911-9%2Fh1-6H,0.0,2.23000001907349,44.7696990966797,19.0,9.0
InChI%3D1S%2FC2H4O%2Fc1-2-3-1%2Fh1-2H2,0.0,1.57000005245209,11.0434999465942,7.0,0.0
InChI%3D1S%2FC13H13N3%2Fc1-7-12-11%288%282%2915-13%287%2914%299-5-3-4-6-10%289%2916-12%2Fh3-6%2C16H%2C1-2H3%2C%28H2%2C14%2C15%29,0.0,2.55999994277954,65.9133987426758,33.0,7.0
InChI%3D1S%2FC7H5N3O2%2Fc11-10%2812%295-1-2-6-7%283-5%299-4-8-6%2Fh1-4H%2C%28H%2C8%2C9%29,1.0,1.67999994754791,2.88579988479614,19.0,11.0
InChI%3D1S%2FC8H6N4O5%2Fc13-6-4-11%288%2814%2910-6%299-3-5-1-2-7%2817-5%2912%2815%2916%2Fh1-3H%2C4H2%2C%28H%2C10%2C13%2C14%29,3.0,1.35000002384186,32.3368988037109,23.0,16.0
InChI%3D1S%2FC6H8N2%2Fc7-5-3-1-2-4-6%285%298%2Fh1-4H%2C7-8H2,0.0,1.89999997615814,38.0554008483887,16.0,8.0
InChI%3D1S%2FC10H5Cl7%2Fc11-4-2-1-3-5%284%299%2815%297%2813%296%2812%298%283%2C14%2910%289%2C16%2917%2Fh1-5H,0.0,1.78999996185303,75.8010025024414,22.0,2.0
InChI%3D1S%2FC6H4O2%2Fc7-5-1-2-6%288%294-3-5%2Fh1-4H,0.0,1.89999997615814,31.0287990570068,12.0,8.0
InChI%3D1S%2FC11H8N2O5%2Fc12-11%2814%298%289-2-1-5-17-9%296-7-3-4-10%2818-7%2913%2815%2916%2Fh1-6H%2C%28H2%2C12%2C14%29,4.0,1.89999997615814,23.6989002227783,26.0,18.0
InChI%3D1S%2FC17H20N2O%2Fc1-18%282%2915-9-5-13%286-10-15%2917%2820%2914-7-11-16%2812-8-14%2919%283%294%2Fh5-12H%2C1-4H3,4.0,3.0,92.0556030273438,40.0,16.0
InChI%3D1S%2FC2H4Cl2%2Fc3-1-2-4%2Fh1-2H2,1.0,1.46000003814697,20.6555995941162,8.0,0.0
InChI%3D1S%2FC6H9NO6%2Fc8-4%289%291-7%282-5%2810%2911%293-6%2812%2913%2Fh1-3H2%2C%28H%2C8%2C9%29%28H%2C10%2C11%29%28H%2C12%2C13%29,6.0,1.35000002384186,38.2419013977051,22.0,3.0
InChI%3D1S%2FC3H7N5O3%2Fc1-2-5-3%284%297%286-9%298%2810%2911%2Fh2H2%2C1H3%2C%28H2%2C4%2C5%29,5.0,0.910000026226044,30.2331008911133,18.0,9.0
InChI%3D1S%2FC20H16%2Fc1-13-16-8-5-6-9-17%2816%2914%282%2920-18%2813%2912-11-15-7-3-4-10-19%2815%2920%2Fh3-12H%2C1-2H3,0.0,3.66000008583069,94.1108016967773,36.0,18.0
InChI%3D1S%2FC9H7N3O2S%2Fc10-9-11-8%285-15-9%296-1-3-7%284-2-6%2912%2813%2914%2Fh1-5H%2C%28H2%2C10%2C11%29,2.0,1.78999996185303,27.4890995025635,24.0,9.0
InChI%3D1S%2FC7H8N2O2%2Fc1-5-2-3-6%289%2810%2911%294-7%285%298%2Fh2-4H%2C8H2%2C1H3,1.0,1.78999996185303,12.6099996566772,19.0,10.0
InChI%3D1S%2FC13H17N3O4S%2Fc1-10-12%2814%282%299-21%2818%2C19%2920%2913%2817%2916%2815%2810%293%2911-7-5-4-6-8-11%2Fh4-8H%2C9H2%2C1-3H3%2C%28H%2C18%2C19%2C20%29,4.0,2.00999999046326,82.6871032714844,40.0,10.0
InChI%3D1S%2FC9H15Br6O4P%2Fc10-1-7%2813%294-17-20%2816%2C18-5-8%2814%292-11%2919-6-9%2815%293-12%2Fh7-9H%2C1-6H2,12.0,1.24000000953674,101.070198059082,35.0,5.0
InChI%3D1S%2FC11H14N2O4%2Fc12-10%2814%2916-6-9%287-17-11%2813%2915%298-4-2-1-3-5-8%2Fh1-5%2C9H%2C6-7H2%2C%28H2%2C12%2C14%29%28H2%2C13%2C15%29,7.0,2.00999999046326,61.6183013916016,31.0,6.0
InChI%3D1S%2FC3H8N2%2Fc1-2-3-5-4%2Fh2%2C5H%2C1%2C3-4H2,2.0,1.57000005245209,23.4435005187988,13.0,2.0
InChI%3D1S%2FC12H10ClNO%2Fc13-9-1-5-11%286-2-9%2915-12-7-3-10%2814%294-8-12%2Fh1-8H%2C14H2,2.0,2.45000004768372,70.4521026611328,25.0,14.0
InChI%3D1S%2FC14H7ClF3NO5%2Fc15-10-5-7%2814%2816%2C17%2918%291-4-12%2810%2924-8-2-3-11%2819%2822%2923%299%286-8%2913%2820%2921%2Fh1-6H%2C%28H%2C20%2C21%29,5.0,1.89999997615814,39.0512008666992,31.0,19.0
InChI%3D1S%2FC2Cl2%2Fc3-1-2-4,0.0,1.46000003814697,20.1837997436523,4.0,2.0
InChI%3D1S%2FC5H10Br2O2%2Fc6-1-5%282-7%2C3-8%294-9%2Fh8-9H%2C1-4H2,4.0,1.57000005245209,43.7966995239258,19.0,0.0
InChI%3D1S%2FC4H9NO2%2Fc1-4%282%293-7-5-6%2Fh4H%2C3H2%2C1-2H3,3.0,1.57000005245209,25.7915000915527,16.0,3.0
InChI%3D1S%2FC4H7Cl%2Fc1-4%282%293-5%2Fh1%2C3H2%2C2H3,1.0,1.78999996185303,24.7569999694824,12.0,2.0
InChI%3D1S%2FC2H5BrO%2Fc3-1-2-4%2Fh4H%2C1-2H2,1.0,1.46000003814697,20.5881004333496,9.0,0.0
InChI%3D1S%2FC9H4Cl6O4%2Fc10-3-4%2811%298%2813%292%286%2818%2919%291%285%2816%2917%297%283%2C12%299%288%2C14%2915%2Fh1-2H%2C%28H%2C16%2C17%29%28H%2C18%2C19%29,2.0,1.35000002384186,71.7750015258789,23.0,3.0
InChI%3D1S%2FC12H12N2%2Fc1-3-7-11%288-4-1%2913-14-12-9-5-2-6-10-12%2Fh1-10%2C13-14H,3.0,2.55999994277954,67.1669998168945,26.0,14.0
InChI%3D1S%2FC12H9NO%2Fc13-8-5-6-12-10%287-8%299-3-1-2-4-11%289%2914-12%2Fh1-7H%2C13H2,0.0,2.55999994277954,63.2957000732422,23.0,14.0
InChI%3D1S%2FC8H15N3O7%2Fc1-11%2810-18%298%2817%299-4%282-12%296%2815%297%2816%295%2814%293-13%2Fh2%2C4-7%2C13-16H%2C3H2%2C1H3%2C%28H%2C9%2C17%29,8.0,1.24000000953674,57.6123008728027,33.0,6.0
InChI%3D1S%2FC7H3Cl5O%2Fc1-13-7-5%2811%293%289%292%288%294%2810%296%287%2912%2Fh1H3,1.0,1.57000005245209,61.1803016662598,16.0,7.0
InChI%3D1S%2FC6Cl6%2Fc7-1-2%288%294%2810%296%2812%295%2811%293%281%299,0.0,1.46000003814697,59.2529983520508,12.0,6.0
InChI%3D1S%2FC16H22N4O3%2Fc1-3-6-13-14%289-8-12%2811%282%2921%2916%2813%2922%2923-10-5-4-7-15-17-19-20-18-15%2Fh8-9%2C22H%2C3-7%2C10H2%2C1-2H3%2C%28H%2C17%2C18%2C19%2C20%29,9.0,2.45000004768372,85.3385009765625,49.0,10.0
InChI%3D1S%2FC6H6N4O4%2Fc7-6%2811%299-8-3-4-1-2-5%2814-4%2910%2812%2913%2Fh1-3H%2C%28H3%2C7%2C9%2C11%29,4.0,1.24000000953674,23.0333995819092,20.0,14.0
InChI%3D1S%2FC13H12N4%2Fc1-17-11-7-10%289-5-3-2-4-6-9%298-15-12%2811%2916-13%2817%2914%2Fh2-8H%2C1H3%2C%28H2%2C14%2C15%2C16%29,1.0,2.45000004768372,70.9686965942383,29.0,16.0
InChI%3D1S%2FC6H12N2%2Fc1-3-5-8%287%296-4-2%2Fh3-4H%2C1-2%2C5-7H2,4.0,1.89999997615814,37.9009017944336,20.0,2.0
InChI%3D1S%2FC14H9NO2%2Fc15-8-5-6-11-12%287-8%2914%2817%2910-4-2-1-3-9%2810%2913%2811%2916%2Fh1-7H%2C15H2,0.0,2.67000007629395,71.2730026245117,26.0,17.0
InChI%3D1S%2FC12H14N4O2S%2Fc1-8-7-9%282%2915-12%2814-8%2916-19%2817%2C18%2911-5-3-10%2813%294-6-11%2Fh3-7H%2C13H2%2C1-2H3%2C%28H%2C14%2C15%2C16%29,3.0,2.00999999046326,78.3058013916016,33.0,17.0
InChI%3D1S%2FC4H6O2%2Fc1-3-6-4%282%295%2Fh3H%2C1H2%2C2H3,2.0,1.67999994754791,21.1049995422363,12.0,5.0
InChI%3D1S%2FC12H12N2%2Fc13-11-5-1-9%282-6-11%2910-3-7-12%2814%298-4-10%2Fh1-8H%2C13-14H2,1.0,2.55999994277954,66.5709991455078,26.0,14.0
InChI%3D1S%2FC8H6O%2Fc1-2-4-8-7%283-1%295-6-9-8%2Fh1-6H,0.0,2.23000001907349,39.8465003967285,17.0,7.0
InChI%3D1S%2FC11H9N3%2Fc12-10-6-5-8-7-3-1-2-4-9%287%2913-11%288%2914-10%2Fh1-6H%2C%28H3%2C12%2C13%2C14%29,0.0,2.33999991416931,56.0433006286621,27.0,7.0
InChI%3D1S%2FC2H6O3S%2Fc1-5-6%282%2C3%294%2Fh1-2H3,1.0,1.24000000953674,21.3852005004883,12.0,4.0
InChI%3D1S%2FC6H10O2%2Fc1-2-3-7-4-6-5-8-6%2Fh2%2C6H%2C1%2C3-5H2,4.0,1.89999997615814,30.919900894165,18.0,2.0
InChI%3D1S%2FC5H12N2O%2Fc1-2-3-4-7%286%295-8%2Fh5H%2C2-4%2C6H2%2C1H3,4.0,1.67999994754791,30.5121002197266,20.0,4.0
InChI%3D1S%2FC5H9NO%2Fc1-6-4-2-3-5%286%297%2Fh2-4H2%2C1H3,0.0,1.78999996185303,25.3111991882324,16.0,3.0