SMILES,LOAEL_log_mmol_kg_bw_day
InChI%3D1S%2FC13H12BrCl2N3O%2Fc14-9-4-13%2820-5-9%2C6-19-8-17-7-18-19%2911-2-1-10%2815%293-12%2811%2916%2Fh1-3%2C7-9H%2C4-6H2,4.76483992624863
InChI%3D1S%2FC12H14N2%2Fc1-13-7-3-11%284-8-13%2912-5-9-14%282%2910-6-12%2Fh3-10H%2C1-2H3,4.69607191571383
InChI%3D1S%2FC12H14N2%2Fc1-13-7-3-11%284-8-13%2912-5-9-14%282%2910-6-12%2Fh3-10H%2C1-2H3,4.86356300300759
InChI%3D1S%2FC14H9Cl5O%2Fc15-11-5-1-9%282-6-11%2913%2820%2C14%2817%2C18%2919%2910-3-7-12%2816%298-4-10%2Fh1-8%2C20H,4.26774140719551
InChI%3D1S%2FC14H9Cl5O%2Fc15-11-5-1-9%282-6-11%2913%2820%2C14%2817%2C18%2919%2910-3-7-12%2816%298-4-10%2Fh1-8%2C20H,5.17083139418745
InChI%3D1S%2FC20H22N4O6S%2Fc1-28-12-17%2825%2921-16-11-14%2831-13-7-5-4-6-8-13%299-10-15%2816%2922-18%2823-19%2826%2929-2%2924-20%2827%2930-3%2Fh4-11H%2C12H2%2C1-3H3%2C%28H%2C21%2C25%29%28H2%2C22%2C23%2C24%2C26%2C27%29,4.04773898332238
InChI%3D1S%2FC10H9Cl4NO2S%2Fc11-9%2812%2910%2813%2C14%2918-15-7%2816%295-3-1-2-4-6%285%298%2815%2917%2Fh1-2%2C5-6%2C9H%2C3-4H2,4.46372003271591
InChI%3D1S%2FC10H9Cl4NO2S%2Fc11-9%2812%2910%2813%2C14%2918-15-7%2816%295-3-1-2-4-6%285%298%2815%2917%2Fh1-2%2C5-6%2C9H%2C3-4H2,4.36681001970786
InChI%3D1S%2FC7H12ClN5%2Fc1-3-9-6-11-5%288%2912-7%2813-6%2910-4-2%2Fh3-4H2%2C1-2H3%2C%28H2%2C9%2C10%2C11%2C12%2C13%29,4.60564260851438
InChI%3D1S%2FC7H12ClN5%2Fc1-3-9-6-11-5%288%2912-7%2813-6%2910-4-2%2Fh3-4H2%2C1-2H3%2C%28H2%2C9%2C10%2C11%2C12%2C13%29,4.58033674324961
InChI%3D1S%2FC8H6Cl2O3%2Fc9-5-1-2-7%286%2810%293-5%2913-4-8%2811%2912%2Fh1-3H%2C4H2%2C%28H%2C11%2C12%29,4.64549583771218
InChI%3D1S%2FC15H12F3NO4S%2Fc1-24%2821%2C22%2912-6-9%2815%2816%2C17%2918%294-5-10%2812%2913%2820%2911-7-19-23-14%2811%298-2-3-8%2Fh4-8H%2C2-3H2%2C1H3,4.25445174537182
InChI%3D1S%2FC16H12ClF4N3O4%2Fc1-2-22%288-10-11%2817%294-3-5-12%2810%2918%2915-13%2823%2825%2926%296-9%2816%2819%2C20%2921%297-14%2815%2924%2827%2928%2Fh3-7H%2C2%2C8H2%2C1H3,3.92606530797808
InChI%3D1S%2FC10H12O%2Fc1-3-4-9-5-7-10%2811-2%298-6-9%2Fh3-8H%2C1-2H3,2.63429468422019
InChI%3D1S%2FC24H38O4%2Fc1-5-9-13-19%287-3%2917-27-23%2825%2921-15-11-12-16-22%2821%2924%2826%2928-18-20%288-4%2914-10-6-2%2Fh11-12%2C15-16%2C19-20H%2C5-10%2C13-14%2C17-18H2%2C1-4H3,3.29065345190954
InChI%3D1S%2FC15H11BrClF3N2O%2Fc1-2-23-8-22-13%289-3-5-10%2817%296-4-9%2911%287-21%2912%2816%2914%2822%2915%2818%2C19%2920%2Fh3-6H%2C2%2C8H2%2C1H3,4.47670895789257
InChI%3D1S%2FC2H3Cl3O2%2Fc3-2%284%2C5%291%286%297%2Fh1%2C6-7H,3.08555504738041
InChI%3D1S%2FC14H16ClN5O5S%2Fc1-9-16-12%2819-14%2817-9%2924-2%2918-13%2821%2920-26%2822%2C23%2911-6-4-3-5-10%2811%2925-8-7-15%2Fh3-6H%2C7-8H2%2C1-2H3%2C%28H2%2C16%2C17%2C18%2C19%2C20%2C21%29,3.260038251795
InChI%3D1S%2FC19H22FN3O%2Fc20-17-8-6-16%287-9-17%2918%2824%294-3-11-22-12-14-23%2815-13-22%2919-5-1-2-10-21-19%2Fh1-2%2C5-10H%2C3-4%2C11-15H2,3.45437537377312
InChI%3D1S%2FC19H22FN3O%2Fc20-17-8-6-16%287-9-17%2918%2824%294-3-11-22-12-14-23%2815-13-22%2919-5-1-2-10-21-19%2Fh1-2%2C5-10H%2C3-4%2C11-15H2,4.03795195940707
InChI%3D1S%2FC10H14NO5PS%2Fc1-3-14-17%2818%2C15-4-2%2916-10-7-5-9%286-8-10%2911%2812%2913%2Fh5-8H%2C3-4H2%2C1-2H3,4.9202137267914
InChI%3D1S%2FC10H14NO5PS%2Fc1-3-14-17%2818%2C15-4-2%2916-10-7-5-9%286-8-10%2911%2812%2913%2Fh5-8H%2C3-4H2%2C1-2H3,5.84103248074378
InChI%3D1S%2FC17H14ClF7O2%2Fc1-6-11%2819%2913%2821%297%2814%2822%2912%286%2920%295-27-15%2826%2910-8%2816%2810%2C2%293%294-9%2818%2917%2823%2C24%2925%2Fh4%2C8%2C10H%2C5H2%2C1-3H3,4.9591800647055
InChI%3D1S%2FC14H12FNO3%2Fc1-7-2-3-8-4-9%2815%295-10-12%288%2916%287%296-11%2813%2810%2917%2914%2818%2919%2Fh4-7H%2C2-3H2%2C1H3%2C%28H%2C18%2C19%29,2.81499362006104
InChI%3D1S%2FC13H15N3O3%2Fc1-7%282%2913%283%2912%2819%2915-10%2816-13%299-8%2811%2817%2918%295-4-6-14-9%2Fh4-7H%2C1-3H3%2C%28H%2C17%2C18%29%28H%2C15%2C16%2C19%29,2.71813034538638
InChI%3D1S%2FC9H7N3S%2Fc1-6-3-2-4-7-8%286%2912-5-10-11-9%2812%2913-7%2Fh2-5H%2C1H3,3.78564431476757
InChI%3D1S%2FC2H7O3P%2Fc1-4-6%283%295-2%2Fh6H%2C1-2H3,3.04158586769746
InChI%3D1S%2FC16H14Cl2O3%2Fc1-2-21-15%2819%2916%2820%2C11-3-7-13%2817%298-4-11%2912-5-9-14%2818%2910-6-12%2Fh3-10%2C20H%2C2H2%2C1H3,4.24731476483975
InChI%3D1S%2FC12H10O%2Fc13-12-9-5-4-8-11%2812%2910-6-2-1-3-7-10%2Fh1-9%2C13H,2.23097792739447
InChI%3D1S%2FC11H15NO2%2Fc1-7-5-10%2814-11%2813%2912-4%296-8%282%299%287%293%2Fh5-6H%2C1-4H3%2C%28H%2C12%2C13%29,4.28610219788592
InChI%3D1S%2FC9H16N4OS%2Fc1-9%282%2C3%296-11-12-8%2815-6%2913%285%297%2814%2910-4%2Fh1-5H3%2C%28H%2C10%2C14%29,3.75647357868479
InChI%3D1S%2FC11H15NO2S%2Fc1-7-5-9%2814-11%2813%2912-3%296-8%282%2910%287%2915-4%2Fh5-6H%2C1-4H3%2C%28H%2C12%2C13%29,4.38429231462288
InChI%3D1S%2FC22H28N2O3%2Fc1-14-11-15%282%2913-17%2812-14%2921%2826%2924%2822%284%2C5%296%2923-20%2825%2918-9-8-10-19%2827-7%2916%2818%293%2Fh8-13H%2C1-7H3%2C%28H%2C23%2C25%29,2.95255951099906
InChI%3D1S%2FC6H8N2O%2Fc7-4-1-2-6%289%295%288%293-4%2Fh1-3%2C9H%2C7-8H2,3.69597355155454
InChI%3D1S%2FC14H16ClN3O2%2Fc1-14%282%2C3%2912%2819%2913%2818-9-16-8-17-18%2920-11-6-4-10%2815%295-7-11%2Fh4-9%2C13H%2C1-3H3,4.07003600375764
InChI%3D1S%2FC14H16ClN3O2%2Fc1-14%282%2C3%2912%2819%2913%2818-9-16-8-17-18%2920-11-6-4-10%2815%295-7-11%2Fh4-9%2C13H%2C1-3H3,3.41107116109321
InChI%3D1S%2FC12H10Cl2F3NO%2Fc13-5-7-6-18%2811%2819%2910%287%2914%299-3-1-2-8%284-9%2912%2815%2C16%2917%2Fh1-4%2C7%2C10H%2C5-6H2,4.79534478918374
InChI%3D1S%2FC8H10N2O4S%2Fc1-14-8%2811%2910-15%2812%2C13%297-4-2-6%289%293-5-7%2Fh2-5H%2C9H2%2C1H3%2C%28H%2C10%2C11%29,3.10691015775373
InChI%3D1S%2FC17H9Cl3N4O2%2Fc18-10-3-1-9%282-4-10%2911%287-21%2915-12%2819%295-6-13%2816%2815%2920%2924-17%2826%2923-14%2825%298-22-24%2Fh1-6%2C8%2C11H%2C%28H%2C23%2C25%2C26%29,4.43418336046643
InChI%3D1S%2FC17H9Cl3N4O2%2Fc18-10-3-1-9%282-4-10%2911%287-21%2915-12%2819%295-6-13%2816%2815%2920%2924-17%2826%2923-14%2825%298-22-24%2Fh1-6%2C8%2C11H%2C%28H%2C23%2C25%2C26%29,4.24854678350451
InChI%3D1S%2FC5H5N3O%2Fc6-5%289%294-3-7-1-2-8-4%2Fh1-3H%2C%28H2%2C6%2C9%29,2.19322585277166
InChI%3D1S%2FC7H14NO5P%2Fc1-6%285-7%289%298-2%2913-14%2810%2C11-3%2912-4%2Fh5H%2C1-4H3%2C%28H%2C8%2C9%29,5.6954106911713
InChI%3D1S%2FC4H6O2%2Fc1-3%282%294%285%296%2Fh1H2%2C2H3%2C%28H%2C5%2C6%29,2.54049719303574
InChI%3D1S%2FC22H18N2O4%2Fc1-22%2816-12-14-19%2815-13-16%2927-18-10-6-3-7-11-18%2920%2825%2924%2821%2826%2928-22%2923-17-8-4-2-5-9-17%2Fh2-15%2C23H%2C1H3,4.34801416963502
InChI%3D1S%2FC19H15ClF3NO7%2Fc1-3-29-17%2825%2910%282%2930-18%2826%2913-9-12%285-7-15%2813%2924%2827%2928%2931-16-8-11%2819%2821%2C22%2923%294-6-14%2816%2920%2Fh4-10H%2C3H2%2C1-2H3,3.96545863474241
InChI%3D1S%2FC10H19O6PS2%2Fc1-5-15-9%2811%297-8%2810%2812%2916-6-2%2919-17%2818%2C13-3%2914-4%2Fh8H%2C5-7H2%2C1-4H3,3.82001485148442
InChI%3D1S%2FC10H19O6PS2%2Fc1-5-15-9%2811%297-8%2810%2812%2916-6-2%2919-17%2818%2C13-3%2914-4%2Fh8H%2C5-7H2%2C1-4H3,2.96268235505315
InChI%3D1S%2FC22H17ClF3N3O7%2Fc1-33-18%2830%2921-10-12-9-13%2823%293-8-16%2812%2917%2821%2927-28%2811-35-21%2919%2831%2929%2820%2832%2934-2%2914-4-6-15%287-5-14%2936-22%2824%2C25%2926%2Fh3-9H%2C10-11H2%2C1-2H3,5.16619526358129
InChI%3D1S%2FC15H17N5O6S%2Fc1-9-16-13%2818-14%2817-9%2926-4%2920%282%2915%2822%2919-27%2823%2C24%2911-8-6-5-7-10%2811%2912%2821%2925-3%2Fh5-8H%2C1-4H3%2C%28H%2C19%2C22%29,4.50011608554638
InChI%3D1S%2FC11H14ClNO%2Fc1-9%282%2913%2811%2814%298-12%2910-6-4-3-5-7-10%2Fh3-7%2C9H%2C8H2%2C1-2H3,3.96396832169828
InChI%3D1S%2FC9H9ClO3%2Fc1-6-4-7%2810%292-3-8%286%2913-5-9%2811%2912%2Fh2-4H%2C5H2%2C1H3%2C%28H%2C11%2C12%29,4.70031198338967
InChI%3D1S%2FC6H9N3O3%2Fc1-5-7-4-6%289%2811%2912%298%285%292-3-10%2Fh4%2C10H%2C2-3H2%2C1H3,3.05729569283336
InChI%3D1S%2FC12H11N%2Fc1-3-7-11%288-4-1%2913-12-9-5-2-6-10-12%2Fh1-10%2C13H,3.73709625897028
InChI%3D1S%2FC12H11N%2Fc1-3-7-11%288-4-1%2913-12-9-5-2-6-10-12%2Fh1-10%2C13H,3.83051794413252
InChI%3D1S%2FC15H15F3N2O2%2Fc1-10%282%2914%2821%2C12-7-19-9-20-8-12%2911-3-5-13%286-4-11%2922-15%2816%2C17%2918%2Fh3-10%2C21H%2C1-2H3,4.41176854866759
InChI%3D1S%2FC19H15ClF3NO7%2Fc1-3-29-17%2825%2910%282%2930-18%2826%2913-9-12%285-6-15%2813%2924%2827%2928%2931-16-7-4-11%288-14%2816%2920%2919%2821%2C22%2923%2Fh4-10H%2C3H2%2C1-2H3,3.96545863474241
InChI%3D1S%2FC15H21ClN2O2%2Fc1-4-12-7-6-8-13%285-2%2915%2812%2918%2814%2820%299-16%2910-17-11%283%2919%2Fh6-8H%2C4-5%2C9-10H2%2C1-3H3%2C%28H%2C17%2C19%29,3.67657281690409
InChI%3D1S%2FC20H33NO%2Fc1-15%2812-21-13-16%282%2922-17%283%2914-21%2911-18-7-9-19%2810-8-18%2920%284%2C5%296%2Fh7-10%2C15-17H%2C11-14H2%2C1-6H3,5.25168418782516
InChI%3D1S%2FC9H13ClN6%2Fc1-4-12-7-13-6%2810%2914-8%2815-7%2916-9%282%2C3%295-11%2Fh4H2%2C1-3H3%2C%28H2%2C12%2C13%2C14%2C15%2C16%29,5.2845529417803
InChI%3D1S%2FC8H19O2PS3%2Fc1-4-9-11%2812%2C10-5-2%2914-8-7-13-6-3%2Fh4-8H2%2C1-3H3,6.43839047104826
InChI%3D1S%2FC8H19O2PS3%2Fc1-4-9-11%2812%2C10-5-2%2914-8-7-13-6-3%2Fh4-8H2%2C1-3H3,6.8363304797203
InChI%3D1S%2FC8H19O2PS3%2Fc1-4-9-11%2812%2C10-5-2%2914-8-7-13-6-3%2Fh4-8H2%2C1-3H3,6.09596779022605
InChI%3D1S%2FC22H28N2O2%2Fc1-7-17-8-10-18%2811-9-17%2920%2825%2923-24%2822%284%2C5%296%2921%2826%2919-13-15%282%2912-16%283%2914-19%2Fh8-14H%2C7H2%2C1-6H3%2C%28H%2C23%2C25%29,3.86588082257473
InChI%3D1S%2FC16H16N2O4%2Fc1-11-5-3-6-12%289-11%2918-16%2820%2922-14-8-4-7-13%2810-14%2917-15%2819%2921-2%2Fh3-10H%2C1-2H3%2C%28H%2C17%2C19%29%28H%2C18%2C20%29,4.0796286862285
InChI%3D1S%2FC18H34O6%2Fc1-2-3-4-5-6-7-8-9-10-11-16%2821%2923-13-15%2820%2918-17%2822%2914%2819%2912-24-18%2Fh14-15%2C17-20%2C22H%2C2-13H2%2C1H3,1.70187402783236
InChI%3D1S%2FC11H20N3O3PS%2Fc1-6-14%287-2%2911-12-9%283%298-10%2813-11%2917-18%2819%2C15-4%2916-5%2Fh8H%2C6-7H2%2C1-5H3,5.08683453410041
InChI%3D1S%2FC11H20N3O3PS%2Fc1-6-14%287-2%2911-12-9%283%298-10%2813-11%2917-18%2819%2C15-4%2916-5%2Fh8H%2C6-7H2%2C1-5H3,4.34489545637121
InChI%3D1S%2FC18H19NO4%2Fc1-13-8-4-7-11-16%2813%2923-12-14-9-5-6-10-15%2814%2917%2819-22-3%2918%2820%2921-2%2Fh4-11H%2C12H2%2C1-3H3,2.92199532671878
InChI%3D1S%2FC18H19NO4%2Fc1-13-8-4-7-11-16%2813%2923-12-14-9-5-6-10-15%2814%2917%2819-22-3%2918%2820%2921-2%2Fh4-11H%2C12H2%2C1-3H3,2.92782487037951
InChI%3D1S%2FC10H17N2O4PS%2Fc1-5-8-11-9%2815-6-2%297-10%2812-8%2916-17%2818%2C13-3%2914-4%2Fh7H%2C5-6H2%2C1-4H3,5.8126040303238
InChI%3D1S%2FC9H20N2O2%2Fc1-4-8-13-9%2812%2910-6-5-7-11%282%293%2Fh4-8H2%2C1-3H3%2C%28H%2C10%2C12%29,2.44226598159187
InChI%3D1S%2FC10H14N2O5%2Fc13-4-3-11-9-2-1-8%2812%2815%2916%297-10%289%2917-6-5-14%2Fh1-2%2C7%2C11%2C13-14H%2C3-6H2,3.02438986505162
InChI%3D1S%2FC7H5NS2%2Fc9-7-8-5-3-1-2-4-6%285%2910-7%2Fh1-4H%2C%28H%2C8%2C9%29,2.34830823871711
InChI%3D1S%2FC9H6Cl6O3S%2Fc10-5-6%2811%298%2813%294-2-18-19%2816%2917-1-3%284%297%285%2C12%299%288%2C14%2915%2Fh3-4H%2C1-2H2,5.14711652367221
InChI%3D1S%2FC17H18N4O6S%2Fc1-10-7-11%282%2919-16%2818-10%2920-17%2823%2921-28%2824%2C25%2914-6-4-3-5-13%2814%2915%2822%2927-12-8-26-9-12%2Fh3-7%2C12H%2C8-9H2%2C1-2H3%2C%28H2%2C18%2C19%2C20%2C21%2C23%29,3.68988952034363
InChI%3D1S%2FC14H20N3O5PS%2Fc1-5-19-14%2818%2911-9-17-12%2815-10%2811%294%298-13%2816-17%2922-23%2824%2C20-6-2%2921-7-3%2Fh8-9H%2C5-7H2%2C1-4H3,4.97007298557879
InChI%3D1S%2FC7H14N2O2S%2Fc1-7%282%2C12-4%295-9-11-6%2810%298-3%2Fh5H%2C1-4H3%2C%28H%2C8%2C10%29,6.27935493374302
InChI%3D1S%2FC10H16N4O2S%2Fc1-10%282%2C3%297-11-12-8%2817-7%2914-6%2815%295-13%284%299%2814%2916%2Fh6%2C15H%2C5H2%2C1-4H3,3.70982035175725
InChI%3D1S%2FBrHO3%2Fc2-1%283%294%2Fh%28H%2C2%2C3%2C4%29%2Fp-1,4.3215481796762
InChI%3D1S%2FC14H21N3O4%2Fc1-6-9%282%2915-13-11%2816%2818%2919%297-10%2814%283%2C4%295%298-12%2813%2917%2820%2921%2Fh7-9%2C15H%2C6H2%2C1-5H3,3.77134379610358
InChI%3D1S%2FC6H11N2O4PS3%2Fc1-10-5-7-8%286%289%2916-5%294-15-13%2814%2C11-2%2912-3%2Fh4H2%2C1-3H3,5.17945311726922
InChI%3D1S%2FC6H11N2O4PS3%2Fc1-10-5-7-8%286%289%2916-5%294-15-13%2814%2C11-2%2912-3%2Fh4H2%2C1-3H3,5.57739312594126
InChI%3D1S%2FC6H11N2O4PS3%2Fc1-10-5-7-8%286%289%2916-5%294-15-13%2814%2C11-2%2912-3%2Fh4H2%2C1-3H3,5.38357309992515
InChI%3D1S%2FC6H11N2O4PS3%2Fc1-10-5-7-8%286%289%2916-5%294-15-13%2814%2C11-2%2912-3%2Fh4H2%2C1-3H3,5.27636313027728
InChI%3D1S%2FC8H11NO2%2Fc1-10-6-3-4-7%289%298%285-6%2911-2%2Fh3-5H%2C9H2%2C1-2H3,2.74428856020296
InChI%3D1S%2FC3H8O3%2Fc4-1-3%286%292-5%2Fh3-6H%2C1-2H2,1.12645271808123
InChI%3D1S%2FC12H9Cl%2Fc13-12-8-4-7-11%289-12%2910-5-2-1-3-6-10%2Fh1-9H,4.67360340221543
InChI%3D1S%2FC5H10N2S2%2Fc1-6-3-7%282%295%288%299-4-6%2Fh3-4H2%2C1-2H3,3.73313384224274
InChI%3D1S%2FC26H23F2NO4%2Fc1-17%282%2924%2818-11-13-21%2814-12-18%2932-26%2827%2928%2925%2830%2933-23%2816-29%2919-7-6-10-22%2815-19%2931-20-8-4-3-5-9-20%2Fh3-15%2C17%2C23-24%2C26H%2C1-2H3,4.87646988000983
InChI%3D1S%2FC19H21ClN2O%2Fc20-16-12-10-15%2811-13-16%2914-22%2818-8-4-5-9-18%2919%2823%2921-17-6-2-1-3-7-17%2Fh1-3%2C6-7%2C10-13%2C18H%2C4-5%2C8-9%2C14H2%2C%28H%2C21%2C23%29,4.11903913677133
InChI%3D1S%2FC23H22ClF3O2%2Fc1-14-16%2810-7-11-17%2814%2915-8-5-4-6-9-15%2913-29-21%2828%2920-18%2822%2820%2C2%293%2912-19%2824%2923%2825%2C26%2927%2Fh4-12%2C18%2C20H%2C13H2%2C1-3H3,4.92723460128442
InChI%3D1S%2FC23H22ClF3O2%2Fc1-14-16%2810-7-11-17%2814%2915-8-5-4-6-9-15%2913-29-21%2828%2920-18%2822%2820%2C2%293%2912-19%2824%2923%2825%2C26%2927%2Fh4-12%2C18%2C20H%2C13H2%2C1-3H3,4.92723460128442
InChI%3D1S%2FC23H22ClF3O2%2Fc1-14-16%2810-7-11-17%2814%2915-8-5-4-6-9-15%2913-29-21%2828%2920-18%2822%2820%2C2%293%2912-19%2824%2923%2825%2C26%2927%2Fh4-12%2C18%2C20H%2C13H2%2C1-3H3,4.7231146186285
InChI%3D1S%2FC10H5Cl2NO2%2Fc11-6-3-5-1-2-7%2812%298%2810%2814%2915%299%285%2913-4-6%2Fh1-4H%2C%28H%2C14%2C15%29,2.50482391995124
InChI%3D1S%2FC8H8Cl3O3PS%2Fc1-12-15%2816%2C13-2%2914-8-4-6%2810%295%289%293-7%288%2911%2Fh3-4H%2C1-2H3,3.80827186579208
InChI%3D1S%2FC10H13Cl2FN2O2S2%2Fc1-8-4-6-9%287-5-8%2915%2818-10%2811%2C12%2913%2919%2816%2C17%2914%282%293%2Fh4-7H%2C1-3H3,4.28537828278078
InChI%3D1S%2FC12H10%2Fc1-3-7-11%288-4-1%2912-9-5-2-6-10-12%2Fh1-10H,2.79016633269067
InChI%3D1S%2FC12H6Cl4O2S%2Fc13-7-1-3-8%284-2-7%2919%2817%2C18%2912-6-10%2815%299%2814%295-11%2812%2916%2Fh1-6H,3.18978539843532
InChI%3D1S%2FC2H4N4%2Fc3-2-4-1-5-6-2%2Fh1H%2C%28H3%2C3%2C4%2C5%2C6%29,4.52675248773797
InChI%3D1S%2FC2H4N4%2Fc3-2-4-1-5-6-2%2Fh1H%2C%28H3%2C3%2C4%2C5%2C6%29,4.22572249207399
InChI%3D1S%2FC20H23NO3%2Fc1-14-9-8-10-15%282%2919%2814%2921%2816%283%2920%2823%2924-4%2918%2822%2913-17-11-6-5-7-12-17%2Fh5-12%2C16H%2C13H2%2C1-4H3,3.84966174557959
InChI%3D1S%2FC16H23N3OS%2Fc1-12%282%2919-14%2817-16%283%2C4%295%2921-11-18%2815%2819%2920%2913-9-7-6-8-10-13%2Fh6-10%2C12H%2C11H2%2C1-5H3,4.545404269691
InChI%3D1S%2FC10H19ClNO5P%2Fc1-6-12%287-2%2910%2813%299%2811%298%283%2917-18%2814%2C15-4%2916-5%2Fh6-7H2%2C1-5H3,4.38676470716829
InChI%3D1S%2FC10H19ClNO5P%2Fc1-6-12%287-2%2910%2813%299%2811%298%283%2917-18%2814%2C15-4%2916-5%2Fh6-7H2%2C1-5H3,5.30057855955201
InChI%3D1S%2FC7H6N2O4%2Fc1-5-2-3-6%288%2810%2911%294-7%285%299%2812%2913%2Fh2-4H%2C1H3,3.72891101170516
InChI%3D1S%2FC12H9Cl2NO3%2Fc1-3-12%282%2910%2816%2915%2811%2817%2918-12%299-5-7%2813%294-8%2814%296-9%2Fh3-6H%2C1H2%2C2H3,3.59380666266014
InChI%3D1S%2FC10H10O4%2Fc1-13-9%2811%297-5-3-4-6-8%287%2910%2812%2914-2%2Fh3-6H%2C1-2H3,1.98718344722018
InChI%3D1S%2FC19H25NO4%2Fc1-11%282%299-14-15%2819%2814%2C3%294%2918%2823%2924-10-20-16%2821%2912-7-5-6-8-13%2812%2917%2820%2922%2Fh9%2C14-15H%2C5-8%2C10H2%2C1-4H3,3.12242048929166
InChI%3D1S%2FC16H22O4%2Fc1-3-5-11-19-15%2817%2913-9-7-8-10-14%2813%2916%2818%2920-12-6-4-2%2Fh7-10H%2C3-6%2C11-12H2%2C1-2H3,2.66642980233607
InChI%3D1S%2FC9H12%2Fc1-8%282%299-6-4-3-5-7-9%2Fh3-8H%2C1-2H3,2.41523206875268
InChI%3D1S%2FC9H12%2Fc1-8%282%299-6-4-3-5-7-9%2Fh3-8H%2C1-2H3,2.56004605053309
InChI%3D1S%2FC14H17ClNO4PS2%2Fc1-3-19-21%2822%2C20-4-2%2923-12%289-15%2916-13%2817%2910-7-5-6-8-11%2810%2914%2816%2918%2Fh5-8%2C12H%2C3-4%2C9H2%2C1-2H3,5.1973862550211
InChI%3D1S%2FC6HCl5O%2Fc7-1-2%288%294%2810%296%2812%295%2811%293%281%299%2Fh12H,4.42543075349016
InChI%3D1S%2FC19H23ClN2O2S%2Fc1-2-3-4-5-6-10-13-25-19%2823%2924-16-14-17%2820%2921-22-18%2816%2915-11-8-7-9-12-15%2Fh7-9%2C11-12%2C14H%2C2-6%2C10%2C13H2%2C1H3,3.74923930876524
InChI%3D1S%2FC17H21NO2%2Fc1-4-18%285-2%2917%2819%2913%283%2920-16-12-8-10-14-9-6-7-11-15%2814%2916%2Fh6-13H%2C4-5H2%2C1-3H3,3.43353645191675
InChI%3D1S%2FC21H22ClNO4%2Fc1-25-19-8-5-16%2813-20%2819%2926-2%2918%2815-3-6-17%2822%297-4-15%2914-21%2824%2923-9-11-27-12-10-23%2Fh3-8%2C13-14H%2C9-12H2%2C1-2H3,3.92309028461827
InChI%3D1S%2FC15H22ClNO2%2Fc1-5-13-8-6-7-11%282%2915%2813%2917%2814%2818%299-16%2912%283%2910-19-4%2Fh6-8%2C12H%2C5%2C9-10H2%2C1-4H3,3.27691146056582
InChI%3D1S%2FC4H7Br2Cl2O4P%2Fc1-10-13%289%2C11-2%2912-3%285%294%286%2C7%298%2Fh3H%2C1-2H3,5.27964840060116
InChI%3D1S%2FC22H18Cl2FNO3%2Fc1-22%282%2915%2811-19%2823%2924%2920%2822%2921%2827%2929-18%2812-26%2913-8-9-16%2825%2917%2810-13%2928-14-6-4-3-5-7-14%2Fh3-11%2C15%2C18%2C20H%2C1-2H3,4.54086743953507
InChI%3D1S%2FC22H18Cl2FNO3%2Fc1-22%282%2915%2811-19%2823%2924%2920%2822%2921%2827%2929-18%2812-26%2913-8-9-16%2825%2917%2810-13%2928-14-6-4-3-5-7-14%2Fh3-11%2C15%2C18%2C20H%2C1-2H3,4.76271618915143
InChI%3D1S%2FC22H18Cl2FNO3%2Fc1-22%282%2915%2811-19%2823%2924%2920%2822%2921%2827%2929-18%2812-26%2913-8-9-16%2825%2917%2810-13%2928-14-6-4-3-5-7-14%2Fh3-11%2C15%2C18%2C20H%2C1-2H3,4.85962620215948
InChI%3D1S%2FC22H18Cl2FNO3%2Fc1-22%282%2915%2811-19%2823%2924%2920%2822%2921%2827%2929-18%2812-26%2913-8-9-16%2825%2917%2810-13%2928-14-6-4-3-5-7-14%2Fh3-11%2C15%2C18%2C20H%2C1-2H3,4.5585962064955
InChI%3D1S%2FC13H13Cl2N3O3%2Fc1-7%282%2916-12%2820%2917-6-11%2819%2918%2813%2817%2921%2910-4-8%2814%293-9%2815%295-10%2Fh3-5%2C7H%2C6H2%2C1-2H3%2C%28H%2C16%2C20%29,3.85597533208895
InChI%3D1S%2FC12H21N2O3PS%2Fc1-6-15-18%2819%2C16-7-2%2917-11-8-10%285%2913-12%2814-11%299%283%294%2Fh8-9H%2C6-7H2%2C1-5H3,5.3072756271046
InChI%3D1S%2FC12H21N2O3PS%2Fc1-6-15-18%2819%2C16-7-2%2917-11-8-10%285%2913-12%2814-11%299%283%294%2Fh8-9H%2C6-7H2%2C1-5H3,4.71993889259734
InChI%3D1S%2FC10H15OPS2%2Fc1-3-11-12%2813%2C4-2%2914-10-8-6-5-7-9-10%2Fh5-9H%2C3-4H2%2C1-2H3,5.192858916992
InChI%3D1S%2FC10H15OPS2%2Fc1-3-11-12%2813%2C4-2%2914-10-8-6-5-7-9-10%2Fh5-9H%2C3-4H2%2C1-2H3,4.6925459996104
InChI%3D1S%2FC12H13NO2S%2Fc1-9-11%2816-8-7-15-9%2912%2814%2913-10-5-3-2-4-6-10%2Fh2-6H%2C7-8H2%2C1H3%2C%28H%2C13%2C14%29,3.89450458533419
InChI%3D1S%2FC19H22FN3O3%2Fc1-2-21-5-7-22%288-6-21%2917-10-16-13%289-15%2817%2920%2918%2824%2914%2819%2825%2926%2911-23%2816%2912-3-4-12%2Fh9-12H%2C2-8H2%2C1H3%2C%28H%2C25%2C26%29,4.14059829999974
InChI%3D1S%2FC12H12N2%2Fc1-3-7-13-9-10-14-8-4-2-6-12%2814%2911%2813%295-1%2Fh1-8H%2C9-10H2,5.50194904825203
InChI%3D1S%2FC12H12N2%2Fc1-3-7-13-9-10-14-8-4-2-6-12%2814%2911%2813%295-1%2Fh1-8H%2C9-10H2,5.50950218614247
InChI%3D1S%2FC17H16Br2O3%2Fc1-11%282%2922-16%2820%2917%2821%2C12-3-7-14%2818%298-4-12%2913-5-9-15%2819%2910-6-13%2Fh3-11%2C21H%2C1-2H3,4.21658723866328
InChI%3D1S%2FC7H13O6P%2Fc1-6%285-7%288%2910-2%2913-14%289%2C11-3%2912-4%2Fh5H%2C1-4H3,5.80646736824669
InChI%3D1S%2FC15H31N3O2%2Fc1-14%2819%2920-13-11-9-7-5-3-2-4-6-8-10-12-18-15%2816%2917%2Fh2-13H2%2C1H3%2C%28H4%2C16%2C17%2C18%29,3.99309483347533
InChI%3D1S%2FC19H24O3%2Fc1-7-8-13-12%284%2916%2810-15%2813%2920%2922-18%2821%2917-14%289-11%282%293%2919%2817%2C5%296%2Fh1%2C9%2C14%2C16-17H%2C8%2C10H2%2C2-6H3,3.49996484386965
InChI%3D1S%2FC19H20F3NO4%2Fc1-3-4-11-25-18%2824%2913%282%2926-15-6-8-16%289-7-15%2927-17-10-5-14%2812-23-17%2919%2820%2C21%2922%2Fh5-10%2C12-13H%2C3-4%2C11H2%2C1-2H3,5.10648736510651
InChI%3D1S%2FC15H15ClN4O6S%2Fc1-3-26-13%2821%299-6-4-5-7-10%289%2927%2823%2C24%2920-15%2822%2919-14-17-11%2816%298-12%2818-14%2925-2%2Fh4-8H%2C3H2%2C1-2H3%2C%28H2%2C17%2C18%2C19%2C20%2C22%29,3.52095051170688
InChI%3D1S%2FC14H15N5O6S%2Fc1-8-15-12%2818-14%2816-8%2925-3%2917-13%2821%2919-26%2822%2C23%2910-7-5-4-6-9%2810%2911%2820%2924-2%2Fh4-7H%2C1-3H3%2C%28H2%2C15%2C16%2C17%2C18%2C19%2C21%29,3.18339945768247
InChI%3D1S%2FC12H14N2%2Fc13-8-9-14-12-7-3-5-10-4-1-2-6-11%2810%2912%2Fh1-7%2C14H%2C8-9%2C13H2,3.3724760921511
InChI%3D1S%2FC19H14F3NO%2Fc1-23-11-16%2813-6-3-2-4-7-13%2918%2824%2917%2812-23%2914-8-5-9-15%2810-14%2919%2820%2C21%2922%2Fh2-12H%2C1H3,4.11967251914367
InChI%3D1S%2FC19H14F3NO%2Fc1-23-11-16%2813-6-3-2-4-7-13%2918%2824%2917%2812-23%2914-8-5-9-15%2810-14%2919%2820%2C21%2922%2Fh2-12H%2C1H3,4.00572916683684
InChI%3D1S%2FC15H11ClF3NO4%2Fc1-2-23-14-8-10%284-5-12%2814%2920%2821%2922%2924-13-6-3-9%287-11%2813%2916%2915%2817%2C18%2919%2Fh3-8H%2C2H2%2C1H3,3.95628893719942
InChI%3D1S%2FC15H11ClF3NO4%2Fc1-2-23-14-8-10%284-5-12%2814%2920%2821%2922%2924-13-6-3-9%287-11%2813%2916%2915%2817%2C18%2919%2Fh3-8H%2C2H2%2C1H3,4.55834892852739
InChI%3D1S%2FC7H4Cl3NO3%2Fc8-3-1-4%289%297%2811-6%283%2910%2914-2-5%2812%2913%2Fh1H%2C2H2%2C%28H%2C12%2C13%29,3.85273501931079
InChI%3D1S%2FC6H8O6%2Fc7-1-2%288%295-3%289%294%2810%296%2811%2912-5%2Fh2%2C5%2C7-10H%2C1H2,1.76137662853832
InChI%3D1S%2FC6H8O6%2Fc7-1-2%288%295-3%289%294%2810%296%2811%2912-5%2Fh2%2C5%2C7-10H%2C1H2,2.05436782171583
InChI%3D1S%2FC7H7NO2%2Fc8-6-4-2-1-3-5%286%297%289%2910%2Fh1-4H%2C8H2%2C%28H%2C9%2C10%29,1.69766082403086
InChI%3D1S%2FC14H16F3N3O4%2Fc1-2-5-18%288-9-3-4-9%2913-11%2819%2821%2922%296-10%2814%2815%2C16%2917%297-12%2813%2920%2823%2924%2Fh6-7%2C9H%2C2-5%2C8H2%2C1H3,4.8417219607834
InChI%3D1S%2FC7H5Cl2FN2O3%2Fc8-3-5%2811%294%289%297%2812-6%283%2910%2915-1-2%2813%2914%2Fh1H2%2C%28H2%2C11%2C12%29%28H%2C13%2C14%29,2.70762229375841
InChI%3D1S%2FC6H6ClN%2Fc7-5-1-3-6%288%294-2-5%2Fh1-4H%2C8H2,4.32760254782945
InChI%3D1S%2FC6H6ClN%2Fc7-5-1-3-6%288%294-2-5%2Fh1-4H%2C8H2,4.00884378520503
InChI%3D1S%2FC2I4%2Fc3-1%284%292%285%296,4.02664705683052
InChI%3D1S%2FC12H14O3%2Fc1-3-14-11%2813%2910-12%282%2C15-10%299-7-5-4-6-8-9%2Fh4-8%2C10H%2C3H2%2C1-2H3,3.07133013436744
InChI%3D1S%2FC22H24N2O8%2Fc1-21%2831%298-5-4-6-11%2825%2912%288%2916%2826%2913-9%2821%297-10-15%2824%282%293%2917%2827%2914%2820%2823%2930%2919%2829%2922%2810%2C32%2918%2813%2928%2Fh4-6%2C9-10%2C15%2C25-26%2C30-32H%2C7%2C23H2%2C1-3H3,3.47171656401627
InChI%3D1S%2FC2H7O3P%2Fc1-2-5-6%283%294%2Fh6H%2C2H2%2C1H3%2C%28H%2C3%2C4%29,2.4395258763695
InChI%3D1S%2FC9H19NOS%2Fc1-4-7-10%288-5-2%299%2811%2912-6-3%2Fh4-8H2%2C1-3H3,4.32294999482974
InChI%3D1S%2FC9H19NOS%2Fc1-4-7-10%288-5-2%299%2811%2912-6-3%2Fh4-8H2%2C1-3H3,3.87925249559703
InChI%3D1S%2FC13H16F3N3O4%2Fc1-7%282%2917%288%283%294%2912-10%2818%2820%2921%295-9%2813%2814%2C15%2916%296-11%2812%2919%2822%2923%2Fh5-8H%2C1-4H3,3.92334642542511
InChI%3D1S%2FC13H16F3N3O4%2Fc1-7%282%2917%288%283%294%2912-10%2818%2820%2921%295-9%2813%2814%2C15%2916%296-11%2812%2919%2822%2923%2Fh5-8H%2C1-4H3,2.52540641675307
InChI%3D1S%2FC14H9Cl5%2Fc15-11-5-1-9%282-6-11%2913%2814%2817%2C18%2919%2910-3-7-12%2816%298-4-10%2Fh1-8%2C13H,4.04444942813338
InChI%3D1S%2FC14H9Cl5%2Fc15-11-5-1-9%282-6-11%2913%2814%2817%2C18%2919%2910-3-7-12%2816%298-4-10%2Fh1-8%2C13H,6.15165939778125
InChI%3D1S%2FC10H12N2O3S%2Fc1-7%282%2912-10%2813%298-5-3-4-6-9%288%2911-16%2812%2C14%2915%2Fh3-7%2C11H%2C1-2H3,3.77865560759679
InChI%3D1S%2FC10H12N2O3S%2Fc1-7%282%2912-10%2813%298-5-3-4-6-9%288%2911-16%2812%2C14%2915%2Fh3-7%2C11H%2C1-2H3,3.83664755457448
InChI%3D1S%2FC23H26O3%2Fc1-16%282%2913-20-21%2823%2820%2C3%294%2922%2824%2925-15-17-9-8-12-19%2814-17%2926-18-10-6-5-7-11-18%2Fh5-14%2C20-21H%2C15H2%2C1-4H3,3.36853572230648
InChI%3D1S%2FC9H9N3O2%2Fc1-14-9%2813%2912-8-10-6-4-2-3-5-7%286%2911-8%2Fh2-5H%2C1H3%2C%28H2%2C10%2C11%2C12%2C13%29,3.40639632281981
InChI%3D1S%2FC12H12ClN5O4S%2Fc1-7-14-10%2817-12%2815-7%2922-2%2916-11%2819%2918-23%2820%2C21%299-6-4-3-5-8%289%2913%2Fh3-6H%2C1-2H3%2C%28H2%2C14%2C15%2C16%2C17%2C18%2C19%29,4.15566728690676
InChI%3D1S%2FC10H12O3%2Fc1-2-7-13-10%2812%298-3-5-9%2811%296-4-8%2Fh3-6%2C11H%2C2%2C7H2%2C1H3,2.07966468441907
InChI%3D1S%2FCCl3F%2Fc2-1%283%2C4%295,2.59506047452425
InChI%3D1S%2FC10H11F3N2O%2Fc1-15%282%299%2816%2914-8-5-3-4-7%286-8%2910%2811%2C12%2913%2Fh3-6H%2C1-2H3%2C%28H%2C14%2C16%29,4.18977535089103
InChI%3D1S%2FC8H19O2PS2%2Fc1-4-7-12-11%289%2C10-6-3%2913-8-5-2%2Fh4-8H2%2C1-3H3,4.95305958493745
InChI%3D1S%2FC12H6F2N2O2%2Fc13-12%2814%2917-10-3-1-2-8%2811%2810%2918-12%299-6-16-5-7%289%294-15%2Fh1-3%2C5-6%2C16H,3.35338292576111
InChI%3D1S%2FC4H10NO3PS%2Fc1-4%286%295-9%287%2C8-2%2910-3%2Fh1-3H3%2C%28H%2C5%2C6%2C7%29,3.71877648742193
InChI%3D1S%2FC4H10NO3PS%2Fc1-4%286%295-9%287%2C8-2%2910-3%2Fh1-3H3%2C%28H%2C5%2C6%2C7%29,4.86490452310016
InChI%3D1S%2FC14H7ClF3NO5%2Fc15-10-5-7%2814%2816%2C17%2918%291-4-12%2810%2924-8-2-3-11%2819%2822%2923%299%286-8%2913%2820%2921%2Fh1-6H%2C%28H%2C20%2C21%29,3.46138721019571
InChI%3D1S%2FC12H11NO2%2Fc1-13-12%2814%2915-11-8-4-6-9-5-2-3-7-10%289%2911%2Fh2-8H%2C1H3%2C%28H%2C13%2C14%29,4.11054922260167
InChI%3D1S%2FC12H11NO2%2Fc1-13-12%2814%2915-11-8-4-6-9-5-2-3-7-10%289%2911%2Fh2-8H%2C1H3%2C%28H%2C13%2C14%29,3.52552257057249
InChI%3D1S%2FC6H5Cl%2Fc7-6-4-2-1-3-5-6%2Fh1-5H,2.97219087736775
InChI%3D1S%2FC24H40O3%2Fc1-15%284-9-22%2826%2927%2919-7-8-20-18-6-5-16-14-17%2825%2910-12-23%2816%2C2%2921%2818%2911-13-24%2819%2C20%293%2Fh15-21%2C25H%2C4-14H2%2C1-3H3%2C%28H%2C26%2C27%29,2.87687871256153
InChI%3D1S%2FC19H18ClN3O4%2Fc1-25-19%2824%2923%2826-2%2917-6-4-3-5-14%2817%2913-27-18-11-12-22%2821-18%2916-9-7-15%2820%298-10-16%2Fh3-12H%2C13H2%2C1-2H3,4.63438424347854
InChI%3D1S%2FC4H8Cl3O4P%2Fc1-10-12%289%2C11-2%293%288%294%285%2C6%297%2Fh3%2C8H%2C1-2H3,4.10964043198952
InChI%3D1S%2FC14H18N4O3%2Fc1-3-4-9-15-13%2819%2918-11-8-6-5-7-10%2811%2916-12%2818%2917-14%2820%2921-2%2Fh5-8H%2C3-4%2C9H2%2C1-2H3%2C%28H%2C15%2C19%29%28H%2C16%2C17%2C20%29,3.40217570413585
InChI%3D1S%2FC14H18N4O3%2Fc1-3-4-9-15-13%2819%2918-11-8-6-5-7-10%2811%2916-12%2818%2917-14%2820%2921-2%2Fh5-8H%2C3-4%2C9H2%2C1-2H3%2C%28H%2C15%2C19%29%28H%2C16%2C17%2C20%29,3.06493353581742
InChI%3D1S%2FC12H13ClF3N3O4%2Fc1-2-4-17%285-3-13%2911-9%2818%2820%2921%296-8%2812%2814%2C15%2916%297-10%2811%2919%2822%2923%2Fh6-7H%2C2-5H2%2C1H3,3.24487034075484
InChI%3D1S%2FC9H13N%2Fc1-6-4-8%283%299%2810%295-7%286%292%2Fh4-5H%2C10H2%2C1-3H3,3.33165612180841
InChI%3D1S%2FCCl2F2%2Fc2-1%283%2C4%295,2.90638355650622
InChI%3D1S%2FC17H12Cl2N2O%2Fc18-14-7-5-12%286-8-14%2917%2822%2C13-9-20-11-21-10-13%2915-3-1-2-4-16%2815%2919%2Fh1-11%2C22H,5.15835722073531
InChI%3D1S%2FC12H14ClNO2%2Fc1-12%282%298-16-14%2811%2812%2915%297-9-5-3-4-6-10%289%2913%2Fh3-6H%2C7-8H2%2C1-2H3,4.04722605916309
InChI%3D1S%2FC19H20FN3O3%2Fc1-21-7-12-4-11%2821%298-22%2812%2917-6-16-13%285-15%2817%2920%2918%2824%2914%2819%2825%2926%299-23%2816%2910-2-3-10%2Fh5-6%2C9-12H%2C2-4%2C7-8H2%2C1H3%2C%28H%2C25%2C26%29,3.85415878578584
InChI%3D1S%2FC17H17N2%2Fc1-18-16%2814-9-5-3-6-10-14%2913-17%2819%2818%292%2915-11-7-4-8-12-15%2Fh3-13H%2C1-2H3,3.2998650117386
InChI%3D1S%2FC10H12O5%2Fc1-2-3-15-10%2814%296-4-7%2811%299%2813%298%2812%295-6%2Fh4-5%2C11-13H%2C2-3H2%2C1H3,2.3902301635117
InChI%3D1S%2FC8H10NO5PS%2Fc1-12-15%2816%2C13-2%2914-8-5-3-7%284-6-8%299%2810%2911%2Fh3-6H%2C1-2H3,6.02235818715591
InChI%3D1S%2FC16H13ClF3NO4%2Fc1-9%2815%2822%2923-2%2924-11-3-5-12%286-4-11%2925-14-13%2817%297-10%288-21-14%2916%2818%2C19%2920%2Fh3-9H%2C1-2H3,5.57487232351041
InChI%3D1S%2FC10H6Cl4O4%2Fc1-17-9%2815%293-5%2811%297%2813%294%2810%2816%2918-2%298%2814%296%283%2912%2Fh1-2H3,2.82212129862366
InChI%3D1S%2FC10H6Cl4O4%2Fc1-17-9%2815%293-5%2811%297%2813%294%2810%2816%2918-2%298%2814%296%283%2912%2Fh1-2H3,4.52109130295968
InChI%3D1S%2FC8H11NO2%2Fc9-5-8%2811%296-1-3-7%2810%294-2-6%2Fh1-4%2C8%2C10-11H%2C5%2C9H2,2.78725763359614
InChI%3D1S%2FC15H14O2%2Fc1-2-6-12%287-3-1%2914-8-4-5-9-15%2814%2917-11-13-10-16-13%2Fh1-9%2C13H%2C10-11H2,2.65565785542345
InChI%3D1S%2FC7H8N2O2%2Fc1-5-2-3-6%289%2810%2911%294-7%285%298%2Fh2-4H%2C8H2%2C1H3,4.27918373941654
InChI%3D1S%2FC12H15ClNO4PS2%2Fc1-3-16-19%2820%2C17-4-2%2921-8-14-10-6-5-9%2813%297-11%2810%2918-12%2814%2915%2Fh5-7H%2C3-4%2C8H2%2C1-2H3,5.26459183786176
InChI%3D1S%2FC8H8O3%2Fc1-11-8%2810%296-2-4-7%289%295-3-6%2Fh2-5%2C9H%2C1H3,2.00617304782278
InChI%3D1S%2FC15H24NO4PS%2Fc1-6-18-21%2822%2C16-11%282%293%2920-14-10-8-7-9-13%2814%2915%2817%2919-12%284%295%2Fh7-12H%2C6H2%2C1-5H3%2C%28H%2C16%2C22%29,5.83934493677328
InChI%3D1S%2FC11H18N4O2%2Fc1-7-8%282%2912-10%2814%283%294%2913-9%287%2917-11%2816%2915%285%296%2Fh1-6H3,4.28018891498254
InChI%3D1S%2FC11H18N4O2%2Fc1-7-8%282%2912-10%2814%283%294%2913-9%287%2917-11%2816%2915%285%296%2Fh1-6H3,4.2871938165512
InChI%3D1S%2FC24H46O6%2Fc1-2-3-4-5-6-7-8-9-10-11-12-13-14-15-16-17-22%2827%2929-19-21%2826%2924-23%2828%2920%2825%2918-30-24%2Fh20-21%2C23-26%2C28H%2C2-19H2%2C1H3,1.77657920852493
InChI%3D1S%2FC5H7N3O2%2Fc1-4-6-3-5%287%284%292%298%289%2910%2Fh3H%2C1-2H3,3.97352186635665
InChI%3D1S%2FC9H13BrN2O2%2Fc1-4-5%282%2912-8%2813%297%2810%296%283%2911-9%2812%2914%2Fh5H%2C4H2%2C1-3H3%2C%28H%2C11%2C14%29,3.6209530011803
InChI%3D1S%2FC22H19Br4NO3%2Fc1-21%282%2917%2819%2823%2922%2824%2C25%2926%2918%2821%2920%2828%2930-16%2812-27%2913-7-6-10-15%2811-13%2929-14-8-4-3-5-9-14%2Fh3-11%2C16-19H%2C1-2H3,5.34570506657104
InChI%3D1S%2FC9H10ClN5O2%2Fc10-8-2-1-7%285-12-8%296-14-4-3-11-9%2814%2913-15%2816%2917%2Fh1-2%2C5H%2C3-4%2C6H2%2C%28H%2C11%2C13%29,4.17721556192143
InChI%3D1S%2FC10HCl11%2Fc11-2-1-3%2812%295%2814%294%281%2C13%2910%2820%2C21%297%282%2C16%298%285%2C17%296%282%2C15%299%283%2C18%2919%2Fh1H,7.70850413051807
InChI%3D1S%2FC12H16N3O3PS%2Fc1-3-16-19%2820%2C17-4-2%2918-12-13-10-15%2814-12%2911-8-6-5-7-9-11%2Fh5-10H%2C3-4H2%2C1-2H3,5.38203437103643
InChI%3D1S%2FC8Cl4N2%2Fc9-5-3%281-13%296%2810%298%2812%297%2811%294%285%292-14,4.82267631193248
InChI%3D1S%2FC9H18N2O2S%2Fc1-9%282%2C3%297%286-14-5%2911-13-8%2812%2910-4%2Fh6H2%2C1-5H3%2C%28H%2C10%2C12%29,4.56093515068149
InChI%3D1S%2FC16H15F2N3Si%2Fc1-22%2812-21-11-19-10-20-21%2C15-6-2-13%2817%293-7-15%2916-8-4-14%2818%295-9-16%2Fh2-11H%2C12H2%2C1H3,5.19782165018731
InChI%3D1S%2FC10H6Cl8%2Fc11-3-1-2-4%285%283%2912%299%2816%297%2814%296%2813%298%282%2C15%2910%289%2C17%2918%2Fh2-5H%2C1H2,6.18118555259066
InChI%3D1S%2FC10H6Cl8%2Fc11-3-1-2-4%285%283%2912%299%2816%297%2814%296%2813%298%282%2C15%2910%289%2C17%2918%2Fh2-5H%2C1H2,5.91357931241363
InChI%3D1S%2FC10H6Cl8%2Fc11-3-1-2-4%285%283%2912%299%2816%297%2814%296%2813%298%282%2C15%2910%289%2C17%2918%2Fh2-5H%2C1H2,4.83439806636601
InChI%3D1S%2FC10H6Cl8%2Fc11-3-1-2-4%285%283%2912%299%2816%297%2814%296%2813%298%282%2C15%2910%289%2C17%2918%2Fh2-5H%2C1H2,6.21460930807761
InChI%3D1S%2FC9H4Cl3NO2S%2Fc10-9%2811%2C12%2916-13-7%2814%295-3-1-2-4-6%285%298%2813%2915%2Fh1-4H,2.77313899543591
InChI%3D1S%2FC9H4Cl3NO2S%2Fc10-9%2811%2C12%2916-13-7%2814%295-3-1-2-4-6%285%298%2813%2915%2Fh1-4H,3.87004900844397
InChI%3D1S%2FC9H4Cl3NO2S%2Fc10-9%2811%2C12%2916-13-7%2814%295-3-1-2-4-6%285%298%2813%2915%2Fh1-4H,3.77313899543591
InChI%3D1S%2FC6H10O%2Fc7-6-4-2-1-3-5-6%2Fh1-5H2,2.03281793688456
InChI%3D1S%2FC17H12ClFN2O%2Fc18-16-4-2-1-3-15%2816%2917%2822%2C13-9-20-11-21-10-13%2912-5-7-14%2819%298-6-12%2Fh1-11%2C22H,5.10001384041789
InChI%3D1S%2FC15H16Cl3N3O2%2Fc1-2-4-20%2815%2822%2921-5-3-19-10-21%296-7-23-14-12%2817%298-11%2816%299-13%2814%2918%2Fh3%2C5%2C8-10H%2C2%2C4%2C6-7H2%2C1H3,4.7008945110302
InChI%3D1S%2FC15H16Cl3N3O2%2Fc1-2-4-20%2815%2822%2921-5-3-19-10-21%296-7-23-14-12%2817%298-11%2816%299-13%2814%2918%2Fh3%2C5%2C8-10H%2C2%2C4%2C6-7H2%2C1H3,4.86838559832397
InChI%3D1S%2FC22H17N3O5%2Fc1-27-13-17%2822%2826%2928-2%2916-8-4-6-10-19%2816%2930-21-11-20%2824-14-25-21%2929-18-9-5-3-7-15%2818%2912-23%2Fh3-11%2C13-14H%2C1-2H3,3.81158305905272
InChI%3D1S%2FC15H17Cl2N3O%2Fc1-15%282%2C3%2914%2821%2913%2820-9-18-8-19-20%296-10-4-5-11%2816%297-12%2810%2917%2Fh4-9%2C14%2C21H%2C1-3H3,3.81454188371475
InChI%3D1S%2FC6H3Cl3N2O2%2Fc7-1-3%2810%292%288%295%289%2911-4%281%296%2812%2913%2Fh%28H2%2C10%2C11%29%28H%2C12%2C13%29,3.60469254298773
InChI%3D1S%2FC9H8Cl3NO2S%2Fc10-9%2811%2C12%2916-13-7%2814%295-3-1-2-4-6%285%298%2813%2915%2Fh1-2%2C5-6H%2C3-4H2,3.47797354595327
InChI%3D1S%2FC21H28O2%2Fc1-13%282%2917-11-15%287-9-19%2817%2922%2921%285%2C6%2916-8-10-20%2823%2918%2812-16%2914%283%294%2Fh7-14%2C22-23H%2C1-6H3,4.09683471023993
InChI%3D1S%2FC24H17N5O7%2Fc1-36-21-10-9-17%2829%2834%2935%2913-20%2821%2926-27-22-18-8-3-2-5-14%2818%2911-19%2823%2822%2930%2924%2831%2925-15-6-4-7-16%2812-15%2928%2832%2933%2Fh2-13%2C30H%2C1H3%2C%28H%2C25%2C31%29,2.3656850129004
InChI%3D1S%2FC14H17Cl2N3O%2Fc1-2-3-6-14%2820%2C8-19-10-17-9-18-19%2912-5-4-11%2815%297-13%2812%2916%2Fh4-5%2C7%2C9-10%2C20H%2C2-3%2C6%2C8H2%2C1H3,4.82512253178873
InChI%3D1S%2FC10H13ClO%2Fc1-10%282%2C3%297-4-5-9%2812%298%2811%296-7%2Fh4-6%2C12H%2C1-3H3,2.93192524190336
InChI%3D1S%2FC12H14O4%2Fc1-3-15-11%2813%299-7-5-6-8-10%289%2912%2814%2916-4-2%2Fh5-8H%2C3-4H2%2C1-2H3,1.69992305435084
InChI%3D1S%2FC8H5Cl3O3%2Fc9-4-1-6%2811%297%282-5%284%2910%2914-3-8%2812%2913%2Fh1-2H%2C3H2%2C%28H%2C12%2C13%29,4.40736115725459
InChI%3D1S%2FC5H13ClN%2Fc1-7%282%2C3%295-4-6%2Fh4-5H2%2C1-3H3,2.64921593816204
InChI%3D1S%2FC9H9ClO3%2Fc1-6%289%2811%2912%2913-8-4-2-3-7%2810%295-8%2Fh2-6H%2C1H3%2C%28H%2C11%2C12%29,3.30237197471763
InChI%3D1S%2FC12H15NO3%2Fc1-12%282%297-8-5-4-6-9%2810%288%2916-12%2915-11%2814%2913-3%2Fh4-6H%2C7H2%2C1-3H3%2C%28H%2C13%2C14%29,4.64591798599928
InChI%3D1S%2FC16H17NO%2Fc1-17%282%2916%2818%2915%2813-9-5-3-6-10-13%2914-11-7-4-8-12-14%2Fh3-12%2C15H%2C1-2H3,3.90184372972497
InChI%3D1S%2FC9H13N%2Fc1-8%2810%297-9-5-3-2-4-6-9%2Fh2-6%2C8H%2C7%2C10H2%2C1H3,4.43202666692597
InChI%3D1S%2FC31H42O2%2Fc1-24%2814-9-10-15-25%282%2918-12-19-28%285%2930%2832%2933-8%2916-11-17-26%283%2921-22-29-27%284%2920-13-23-31%2829%2C6%297%2Fh9-12%2C14-19%2C21-22H%2C13%2C20%2C23H2%2C1-8H3,2.95101092705237
InChI%3D1S%2FC7H5NO3S%2Fc9-7-5-3-1-2-4-6%285%2912%2810%2C11%298-7%2Fh1-4H%2C%28H%2C8%2C9%29,1.70634501494627
InChI%3D1S%2FC8H6Cl2O3%2Fc1-13-7-5%2810%293-2-4%289%296%287%298%2811%2912%2Fh2-3H%2C1H3%2C%28H%2C11%2C12%29,3.28376800169458
InChI%3D1S%2FC17H27NO3S%2Fc1-3-6-14%2818-21-4-2%2917-15%2819%299-13%2810-16%2817%2920%2912-7-5-8-22-11-12%2Fh12-13%2C18H%2C3-11H2%2C1-2H3,4.0653478352871
InChI%3D1S%2FC4H4N2O2%2Fc7-3-1-2-4%288%296-5-3%2Fh1-2H%2C%28H%2C5%2C7%29%28H%2C6%2C8%29,2.35058431121584
InChI%3D1S%2FC14H19NO%2Fc1-5-16-11-6-7-13-12%288-11%2910%282%299-14%283%2C4%2915-13%2Fh6-9%2C15H%2C5H2%2C1-4H3,4.25789199055837
InChI%3D1S%2FC12H9ClF3N3O%2Fc1-17-9-6-18-19%2811%2820%2910%289%2913%298-4-2-3-7%285-8%2912%2814%2C15%2916%2Fh2-6%2C17H%2C1H3,4.20939714153443
InChI%3D1S%2FC12H9ClF3N3O%2Fc1-17-9-6-18-19%2811%2820%2910%289%2913%298-4-2-3-7%285-8%2912%2814%2C15%2916%2Fh2-6%2C17H%2C1H3,3.77270454387038
InChI%3D1S%2FC15H17Cl2N3O2%2Fc1-2-3-12-7-21-15%2822-12%2C8-20-10-18-9-19-20%2913-5-4-11%2816%296-14%2813%2917%2Fh4-6%2C9-10%2C12H%2C2-3%2C7-8H2%2C1H3,4.13636586052483
InChI%3D1S%2FC15H17Cl2N3O2%2Fc1-2-3-12-7-21-15%2822-12%2C8-20-10-18-9-19-20%2913-5-4-11%2816%296-14%2813%2917%2Fh4-6%2C9-10%2C12H%2C2-3%2C7-8H2%2C1H3,3.5520346361573
InChI%3D1S%2FC17H16Cl2O3%2Fc1-11%282%2922-16%2820%2917%2821%2C12-3-7-14%2818%298-4-12%2913-5-9-15%2819%2910-6-13%2Fh3-11%2C21H%2C1-2H3,4.57623015760927
InChI%3D1S%2FC14H20ClNO2%2Fc1-4-11-7-6-8-12%285-2%2914%2811%2916%2810-18-3%2913%2817%299-15%2Fh6-8H%2C4-5%2C9-10H2%2C1-3H3,4.25489772423536
InChI%3D1S%2FC14H20ClNO2%2Fc1-4-11-7-6-8-12%285-2%2914%2811%2916%2810-18-3%2913%2817%299-15%2Fh6-8H%2C4-5%2C9-10H2%2C1-3H3,4.28486094761281
InChI%3D1S%2FC13H11Cl2NO2%2Fc1-12-6-13%2812%2C2%2911%2818%2916%2810%2812%2917%299-4-7%2814%293-8%2815%295-9%2Fh3-5H%2C6H2%2C1-2H3,4.27743796844594
InChI%3D1S%2FC10H5Cl7%2Fc11-4-2-1-3-5%284%299%2815%297%2813%296%2812%298%283%2C14%2910%289%2C16%2917%2Fh1-5H,6.17413857281627
InChI%3D1S%2FC10H5Cl7%2Fc11-4-2-1-3-5%284%299%2815%297%2813%296%2812%298%283%2C14%2910%289%2C16%2917%2Fh1-5H,5.9922949848715
InChI%3D1S%2FC9H8Cl2O3%2Fc1-5%289%2812%2913%2914-8-3-2-6%2810%294-7%288%2911%2Fh2-5H%2C1H3%2C%28H%2C12%2C13%29,4.41694364962485
InChI%3D1S%2FC2H6N4S2%2Fc3-1%287%295-6-2%284%298%2Fh%28H3%2C3%2C5%2C7%29%28H3%2C4%2C6%2C8%29,2.2003946620817
InChI%3D1S%2FC48H81NO17%2Fc1-15-35-32%2823-60-45-42%2859-14%2941%2858-13%2938%2854%2928%285%2961-45%2920-25%282%2916-17-33%2851%2926%283%2921-31%2818-19-50%2939%2827%284%2934%2852%2922-36%2853%2962-35%2966-48%2810%2944%2856%2937%2849%2811%2912%2940%2829%286%2964-48%2965-47%289%2924-46%288%2C57%2943%2855%2930%287%2963-47%2Fh16-17%2C19-20%2C26-32%2C34-35%2C37-45%2C52%2C54-57H%2C15%2C18%2C21-24H2%2C1-14H3,3.27607248348466
InChI%3D1S%2FC13H17NO4%2Fc1-3-7-17-12%2815%2910-5-6-11%2814-9-10%2913%2816%2918-8-4-2%2Fh5-6%2C9H%2C3-4%2C7-8H2%2C1-2H3,3.00221511481659
InChI%3D1S%2FC8H10N6%2Fc9-3-5-6%2810%2913-8%2814-7%285%2911%2912-4-1-2-4%2Fh4H%2C1-2H2%2C%28H5%2C10%2C11%2C12%2C13%2C14%29,3.93679970507275
InChI%3D1S%2FC42H71NO9%2Fc1-10-27-12-11-13-35%2852-38-17-16-34%2843%285%296%2925%284%2949-38%2924%283%2939%2845%2933-21-31-29%2832%2833%2922-37%2844%2951-27%2915-14-26-19-28%2820-30%2826%2931%2950-36-18-23%282%2940%2846-7%2942%2848-9%2941%2836%2947-8%2Fh23-36%2C38%2C40-42H%2C10-22H2%2C1-9H3,4.48549336200642
InChI%3D1S%2FC22H23NO3%2Fc1-21%282%2919%2822%2821%2C3%294%2920%2824%2926-18%2814-23%2915-9-8-12-17%2813-15%2925-16-10-6-5-7-11-16%2Fh5-13%2C18-19H%2C1-4H3,4.25443178297333
InChI%3D1S%2FC22H23NO3%2Fc1-21%282%2919%2822%2821%2C3%294%2920%2824%2926-18%2814-23%2915-9-8-12-17%2813-15%2925-16-10-6-5-7-11-16%2Fh5-13%2C18-19H%2C1-4H3,4.14541137996302
InChI%3D1S%2FC7H3Cl2N%2Fc8-6-2-1-3-7%289%295%286%294-10%2Fh1-3H,4.83761727241192
InChI%3D1S%2FC12H8Cl6%2Fc13-8-9%2814%2911%2816%297-5-2-1-4%283-5%296%287%2910%288%2C15%2912%2811%2C17%2918%2Fh1-2%2C4-7H%2C3H2,7.56218566972996
InChI%3D1S%2FC10H6N2OS2%2Fc1-5-2-3-6-7%284-5%2912-9-8%2811-6%2914-10%2813%2915-9%2Fh2-4H%2C1H3,4.49470628000702
InChI%3D1S%2FCHBr2Cl%2Fc2-1%283%294%2Fh1H,3.86380195834146
InChI%3D1S%2FC8H14ClN5%2Fc1-4-10-7-12-6%289%2913-8%2814-7%2911-5%282%293%2Fh5H%2C4H2%2C1-3H3%2C%28H2%2C10%2C11%2C12%2C13%2C14%29,3.93587643048823
InChI%3D1S%2FC16H15Cl3O2%2Fc1-20-13-7-3-11%284-8-13%2915%2816%2817%2C18%2919%2912-5-9-14%2821-2%2910-6-12%2Fh3-10%2C15H%2C1-2H3,3.44172416093488
InChI%3D1S%2FC12H8Cl6O%2Fc13-8-9%2814%2911%2816%295-3-1-2%286-7%283%2919-6%294%285%2910%288%2C15%2912%2811%2C17%2918%2Fh2-7H%2C1H2,6.88185159467056
InChI%3D1S%2FC12H8Cl6O%2Fc13-8-9%2814%2911%2816%295-3-1-2%286-7%283%2919-6%294%285%2910%288%2C15%2912%2811%2C17%2918%2Fh2-7H%2C1H2,6.48391158599853
InChI%3D1S%2FC12H8Cl6O%2Fc13-8-9%2814%2911%2816%295-3-1-2%286-7%283%2919-6%294%285%2910%288%2C15%2912%2811%2C17%2918%2Fh2-7H%2C1H2,6.58082159900658
InChI%3D1S%2FC12H8Cl6O%2Fc13-8-9%2814%2911%2816%295-3-1-2%286-7%283%2919-6%294%285%2910%288%2C15%2912%2811%2C17%2918%2Fh2-7H%2C1H2,6.18288159033454
InChI%3D1S%2FC5H13ClN%2Fc1-7%282%2C3%295-4-6%2Fh4-5H2%2C1-3H3%2Fq%2B1,2.97460527968547
InChI%3D1S%2FC9H17NOS%2Fc1-2-12-9%2811%2910-7-5-3-4-6-8-10%2Fh2-8H2%2C1H3,4.10198823735002
InChI%3D1S%2FC9H17NOS%2Fc1-2-12-9%2811%2910-7-5-3-4-6-8-10%2Fh2-8H2%2C1H3,4.97151330020725
InChI%3D1S%2FC18H24N2O4%2Fc1-6-18%283%2C7-2%2914-11-15%2824-20-14%2919-17%2821%2916-12%2822-4%299-8-10-13%2816%2923-5%2Fh8-11H%2C6-7H2%2C1-5H3%2C%28H%2C19%2C21%29,3.81664542550781
InChI%3D1S%2FC17H26ClNO3S%2Fc1-4-14%2819-22-8-6-7-18%2917-15%2820%2910-13%2811-16%2817%2921%299-12%283%2923-5-2%2Fh6-7%2C12-13%2C19H%2C4-5%2C8-11H2%2C1-3H3,3.55619540984755
InChI%3D1S%2FC17H26ClNO3S%2Fc1-4-14%2819-22-8-6-7-18%2917-15%2820%2910-13%2811-16%2817%2921%299-12%283%2923-5-2%2Fh6-7%2C12-13%2C19H%2C4-5%2C8-11H2%2C1-3H3,3.62169695860399
InChI%3D1S%2FC19H26O4S%2Fc1-5-14-21-24%2820%2923-18-9-7-6-8-17%2818%2922-16-12-10-15%2811-13-16%2919%282%2C3%294%2Fh1%2C10-13%2C17-18H%2C6-9%2C14H2%2C2-4H3,3.54465374823881
InChI%3D1S%2FC19H26O4S%2Fc1-5-14-21-24%2820%2923-18-9-7-6-8-17%2818%2922-16-12-10-15%2811-13-16%2919%282%2C3%294%2Fh1%2C10-13%2C17-18H%2C6-9%2C14H2%2C2-4H3,4.26590014728598
InChI%3D1S%2FC14H16ClO5PS%2Fc1-4-17-21%2822%2C18-5-2%2920-10-6-7-11-9%283%2913%2815%2914%2816%2919-12%2811%298-10%2Fh6-8H%2C4-5H2%2C1-3H3,5.65653611167129
InChI%3D1S%2FC14H16ClO5PS%2Fc1-4-17-21%2822%2C18-5-2%2920-10-6-7-11-9%283%2913%2815%2914%2816%2919-12%2811%298-10%2Fh6-8H%2C4-5H2%2C1-3H3,5.32917717728496
InChI%3D1S%2FC18H16ClNO5%2Fc1-3-22-17%2821%2911%282%2923-13-5-7-14%288-6-13%2924-18-20-15-9-4-12%2819%2910-16%2815%2925-18%2Fh4-11H%2C3H2%2C1-2H3,4.60419765136131
InChI%3D1S%2FC17H20N2S%2Fc1-13%2818%282%293%2912-19-14-8-4-6-10-16%2814%2920-17-11-7-5-9-15%2817%2919%2Fh4-11%2C13H%2C12H2%2C1-3H3,4.23385066979149
InChI%3D1S%2FC28H31N2O3%2Fc1-6-29-23-15-25-21%2813-17%2823%294%2927%2819-11-9-10-12-20%2819%2928%2831%2932-8-3%2922-14-18%285%2924%2830-7-2%2916-26%2822%2933-25%2Fh9-16%2C29-30H%2C6-8H2%2C1-5H3,4.56776852431159
InChI%3D1S%2FC10H15O3PS2%2Fc1-8-7-9%285-6-10%288%2916-4%2913-14%2815%2C11-2%2912-3%2Fh5-7H%2C1-4H3,4.87052572632858
InChI%3D1S%2FC10H15O3PS2%2Fc1-8-7-9%285-6-10%288%2916-4%2913-14%2815%2C11-2%2912-3%2Fh5-7H%2C1-4H3,5.58722449762503
InChI%3D1S%2FC10H15O3PS2%2Fc1-8-7-9%285-6-10%288%2916-4%2913-14%2815%2C11-2%2912-3%2Fh5-7H%2C1-4H3,5.79134448028095
InChI%3D1S%2FC5H4O2%2Fc6-4-5-2-1-3-7-5%2Fh1-4H,3.20450009536782
InChI%3D1S%2FC10H5Cl7O%2Fc11-3-1-2%284-5%283%2918-4%299%2815%297%2813%296%2812%298%281%2C14%2910%289%2C16%2917%2Fh1-5H,6.28927348401756
InChI%3D1S%2FC10H5Cl7O%2Fc11-3-1-2%284-5%283%2918-4%299%2815%297%2813%296%2812%298%281%2C14%2910%289%2C16%2917%2Fh1-5H,7.1923634710095
InChI%3D1S%2FC9H14O%2Fc1-7-4-8%2810%296-9%282%2C3%295-7%2Fh4H%2C5-6H2%2C1-3H3,2.887676569122
InChI%3D1S%2FC7H9NO%2Fc1-9-7-4-2-6%288%293-5-7%2Fh2-5H%2C8H2%2C1H3,2.41466474972438
InChI%3D1S%2FC8H18NO4PS2%2Fc1-9-8%2810%294-5-15-6-7-16-14%2811%2C12-2%2913-3%2Fh4-7H2%2C1-3H3%2C%28H%2C9%2C10%29,5.72599715999116
InChI%3D1S%2FC39H42N3O6S2%2Fc1-5-41%2827-29-9-7-11-37%2825-29%2949%2843%2C44%2945%2935-21-15-32%2816-22-35%2939%2831-13-19-34%2820-14-31%2940%283%294%2933-17-23-36%2824-18-33%2942%286-2%2928-30-10-8-12-38%2826-30%2950%2846%2C47%2948%2Fh7-26H%2C5-6%2C27-28H2%2C1-4H3%2C%28H%2C43%2C44%2C45%29%28H%2C46%2C47%2C48%29,2.99569446127058
InChI%3D1S%2FC5H12NO4P%2Fc1-11%289%2C10%293-2-4%286%295%287%298%2Fh4H%2C2-3%2C6H2%2C1H3%2C%28H%2C7%2C8%29%28H%2C9%2C10%29,4.71391476838473
InChI%3D1S%2FC12H8Cl6O%2Fc13-8-9%2814%293-1-4-5%282%283%297-6%281%2919-7%2911%289%2C16%2912%2817%2C18%2910%284%2C8%2915%2Fh1-8H,5.73572355899233
InChI%3D1S%2FC9H7NO%2Fc11-8-5-1-3-7-4-2-6-10-9%287%298%2Fh1-6%2C11H,3.0065048785187
InChI%3D1S%2FC20H32N2O3S%2Fc1-6-8-13-22%2814-9-7-2%2926-21%285%2919%2823%2924-17-12-10-11-16-15-20%283%2C4%2925-18%2816%2917%2Fh10-12H%2C6-9%2C13-15H2%2C1-5H3,4.18246564622765
InChI%3D1S%2FC19H30O5%2Fc1-3-5-7-20-8-9-21-10-11-22-14-17-13-19-18%2823-15-24-19%2912-16%2817%296-4-2%2Fh12-13H%2C3-11%2C14-15H2%2C1-2H3,3.13153975286541
InChI%3D1S%2FC19H30O5%2Fc1-3-5-7-20-8-9-21-10-11-22-14-17-13-19-18%2823-15-24-19%2912-16%2817%296-4-2%2Fh12-13H%2C3-11%2C14-15H2%2C1-2H3,3.52947976153744
InChI%3D1S%2FC19H26O3%2Fc1-7-8-13-12%284%2916%2810-15%2813%2920%2922-18%2821%2917-14%289-11%282%293%2919%2817%2C5%296%2Fh7%2C9%2C14%2C16-17H%2C1%2C8%2C10H2%2C2-6H3,3.60553192639024
InChI%3D1S%2FC19H26O3%2Fc1-7-8-13-12%284%2916%2810-15%2813%2920%2922-18%2821%2917-14%289-11%282%293%2919%2817%2C5%296%2Fh7%2C9%2C14%2C16-17H%2C1%2C8%2C10H2%2C2-6H3,4.0914271054174
InChI%3D1S%2FC19H26O3%2Fc1-7-8-13-12%284%2916%2810-15%2813%2920%2922-18%2821%2917-14%289-11%282%293%2919%2817%2C5%296%2Fh7%2C9%2C14%2C16-17H%2C1%2C8%2C10H2%2C2-6H3,4.3407141033807
InChI%3D1S%2FC10H14Cl6N4O2%2Fc11-9%2812%2C13%297%2817-5-21%2919-1-2-20%284-3-19%298%2818-6-22%2910%2814%2C15%2916%2Fh5-8H%2C1-4H2%2C%28H%2C17%2C21%29%28H%2C18%2C22%29,3.63845107729718
InChI%3D1S%2FC14H24NO4PS3%2Fc1-12%282%2918-20%2821%2C19-13%283%294%2922-11-10-15-23%2816%2C17%2914-8-6-5-7-9-14%2Fh5-9%2C12-13%2C15H%2C10-11H2%2C1-4H3,4.42326053700057
InChI%3D1S%2FC2H2Cl2%2Fc1-2%283%294%2Fh1H2,3.84038967397096
InChI%3D1S%2FC10Cl12%2Fc11-1-2%2812%297%2817%294%2814%293%2813%2C5%281%2C15%299%287%2C19%2920%296%281%2C16%2910%2821%2C22%298%282%2C4%2918,5.89173094758972
InChI%3D1S%2FC12H27OPS3%2Fc1-4-7-10-15-14%2813%2C16-11-8-5-2%2917-12-9-6-3%2Fh4-12H2%2C1-3H3,5.40072574498715
InChI%3D1S%2FC5H8O2%2Fc1-3-5%286%297-4-2%2Fh3H%2C1%2C4H2%2C2H3,2.60605102798022
InChI%3D1S%2FC2H6O2%2Fc3-1-2-4%2Fh3-4H%2C1-2H2,2.3949266232543
InChI%3D1S%2FC2H6O2%2Fc3-1-2-4%2Fh3-4H%2C1-2H2,2.19080664059838
InChI%3D1S%2FC2H6O2%2Fc3-1-2-4%2Fh3-4H%2C1-2H2,1.49183663626236
InChI%3D1S%2FC2H6O2%2Fc3-1-2-4%2Fh3-4H%2C1-2H2,1.82907880458079
InChI%3D1S%2FC2H6O2%2Fc3-1-2-4%2Fh3-4H%2C1-2H2,1.79286663192634
InChI%3D1S%2FC17H17N3O3%2Fc1-9%282%2917%283%2916%2823%2919-14%2820-17%2913-11%2815%2821%2922%298-10-6-4-5-7-12%2810%2918-13%2Fh4-9H%2C1-3H3%2C%28H%2C21%2C22%29%28H%2C19%2C20%2C23%29,4.19219820184676
InChI%3D1S%2FC12H20N4O2%2Fc1-14%282%2910-13-11%2817%2916%2812%2818%2915%2810%293%299-7-5-4-6-8-9%2Fh9H%2C4-8H2%2C1-3H3,3.70296927879496
InChI%3D1S%2FC15H17ClN4%2Fc1-2-3-8-15%289-17%2C10-20-12-18-11-19-20%2913-4-6-14%2816%297-5-13%2Fh4-7%2C11-12H%2C2-3%2C8%2C10H2%2C1H3,4.46756491519242
InChI%3D1S%2FC15H17ClN4%2Fc1-2-3-8-15%289-17%2C10-20-12-18-11-19-20%2913-4-6-14%2816%297-5-13%2Fh4-7%2C11-12H%2C2-3%2C8%2C10H2%2C1H3,4.46933393793126
InChI%3D1S%2FC11H15NO3%2Fc1-8%282%2914-9-6-4-5-7-10%289%2915-11%2813%2912-3%2Fh4-8H%2C1-3H3%2C%28H%2C12%2C13%29,3.62167823549204
InChI%3D1S%2FC15H11ClO3%2Fc1-19-14%2817%2915%2818%2912-5-3-2-4-10%2812%2911-7-6-9%2816%298-13%2811%2915%2Fh2-8%2C18H%2C1H3,3.26276588262396
InChI%3D1S%2FC2H3ClO2%2Fc3-1-2%284%295%2Fh1H2%2C%28H%2C4%2C5%29,3.49829685836143
InChI%3D1S%2FC14H6Cl2F4N2O2%2Fc15-5-4-8%2812%2820%2910%2816%2911%285%2919%2921-14%2824%2922-13%2823%299-6%2817%292-1-3-7%289%2918%2Fh1-4H%2C%28H2%2C21%2C22%2C23%2C24%29,4.16607614499238
InChI%3D1S%2FC14H6Cl2F4N2O2%2Fc15-5-4-8%2812%2820%2910%2816%2911%285%2919%2921-14%2824%2922-13%2823%299-6%2817%292-1-3-7%289%2918%2Fh1-4H%2C%28H2%2C21%2C22%2C23%2C24%29,4.18310948429116
InChI%3D1S%2FC4H4O4%2Fc5-3%286%291-2-4%287%298%2Fh1-2H%2C%28H%2C5%2C6%29%28H%2C7%2C8%29,2.0309023723981
InChI%3D1S%2FC22H14Cl2I2N2O2%2Fc1-11-6-15%2817%2810-27%2912-2-4-13%2823%295-3-12%2918%2824%299-20%2811%2928-22%2830%2916-7-14%2825%298-19%2826%2921%2816%2929%2Fh2-9%2C17%2C29H%2C1H3%2C%28H%2C28%2C30%29,4.82156180249896
InChI%3D1S%2FC20H23N3O2%2Fc1-20%282%2C3%2918%2824%2919%2823-14-21-13-22-23%2925-17-11-9-16%2810-12-17%2915-7-5-4-6-8-15%2Fh4-14%2C18-19%2C24H%2C1-3H3,4.13022504615292
InChI%3D1S%2FC27H20N4O9S2%2Fc32-14-15-13-22%2830-28-20-9-11-23%2841%2835%2C36%2937%2918-7-3-1-5-16%2818%2920%2927%2834%2925%2826%2815%2933%2931-29-21-10-12-24%2842%2838%2C39%2940%2919-8-4-2-6-17%2819%2921%2Fh1-13%2C32-34H%2C14H2%2C%28H%2C35%2C36%2C37%29%28H%2C38%2C39%2C40%29,2.91745349144784
InChI%3D1S%2FC8H10O5%2Fc9-7%2810%295-3-1-2-4%2813-3%296%285%298%2811%2912%2Fh3-6H%2C1-2H2%2C%28H%2C9%2C10%29%28H%2C11%2C12%29,3.20919319571953
InChI%3D1S%2FC18H22N2O2%2Fc1-12%282%2919-10-13%2821%2911-22-17-9-5-8-16-18%2817%2914-6-3-4-7-15%2814%2920-16%2Fh3-9%2C12-13%2C19-21H%2C10-11H2%2C1-2H3,4.62967091273678
InChI%3D1S%2FC17H19NO4%2Fc1-2-20-17%2819%2918-12-13-21-14-8-10-16%2811-9-14%2922-15-6-4-3-5-7-15%2Fh3-11H%2C2%2C12-13H2%2C1H3%2C%28H%2C18%2C19%29,4.4790525467538
InChI%3D1S%2FC16H20N2O3%2Fc1-9%282%2916%284%2915%2820%2917-13%2818-16%2912-8-10%283%296-7-11%2812%2914%2819%2921-5%2Fh6-9H%2C1-5H3%2C%28H%2C17%2C18%2C20%29,3.76093729967937
InChI%3D1S%2FC15H16F3N5O4S%2Fc1-9-19-12%2822-14%2820-9%2927-2%2921-13%2824%2923-28%2825%2C26%2911-6-4-3-5-10%2811%297-8-15%2816%2C17%2918%2Fh3-6H%2C7-8H2%2C1-2H3%2C%28H2%2C19%2C20%2C21%2C22%2C23%2C24%29,3.72005974473228
InChI%3D1S%2FC8H8Cl2O2%2Fc1-11-7-3-6%2810%298%2812-2%294-5%287%299%2Fh3-4H%2C1-2H3,3.21917344408706
InChI%3D1S%2FC11H9Cl2NO2%2Fc12-6-1-2-7-16-11%2815%2914-10-5-3-4-9%2813%298-10%2Fh3-5%2C8H%2C6-7H2%2C%28H%2C14%2C15%29,2.75857660132254
InChI%3D1S%2FC14H12Cl2N2O%2Fc1-19-18-14%287-10-3-2-6-17-9-10%2912-5-4-11%2815%298-13%2812%2916%2Fh2-6%2C8-9H%2C7H2%2C1H3,3.81685069684023
InChI%3D1S%2FC13H6Cl6O2%2Fc14-6-2-8%2816%2912%2820%294%2810%286%2918%291-5-11%2819%297%2815%293-9%2817%2913%285%2921%2Fh2-3%2C20-21H%2C1H2,4.9105214638308
InChI%3D1S%2FCHN%2Fc1-2%2Fh1H,2.94040947259108
InChI%3D1S%2FC7H17O2PS3%2Fc1-4-8-10%2811%2C9-5-2%2913-7-12-6-3%2Fh4-7H2%2C1-3H3,6.2114833717655
InChI%3D1S%2FC13H14F3N3O4%2Fc1-4-17%287-8%282%293%2912-10%2818%2820%2921%295-9%2813%2814%2C15%2916%296-11%2812%2919%2822%2923%2Fh5-6H%2C2%2C4%2C7H2%2C1%2C3H3,4.42587730748324
InChI%3D1S%2FC2H8NO2PS%2Fc1-5-6%283%2C4%297-2%2Fh1-2H3%2C%28H2%2C3%2C4%29,5.19537431180606
InChI%3D1S%2FC2H8NO2PS%2Fc1-5-6%283%2C4%297-2%2Fh1-2H3%2C%28H2%2C3%2C4%29,6.14961682124539
InChI%3D1S%2FC2H8NO2PS%2Fc1-5-6%283%2C4%297-2%2Fh1-2H3%2C%28H2%2C3%2C4%29,5.68721882334643
InChI%3D1S%2FC6H10N6%2Fc7-4-10-5%288%2912-6%2811-4%299-3-1-2-3%2Fh3H%2C1-2H2%2C%28H5%2C7%2C8%2C9%2C10%2C11%2C12%29,4.04449742637606
InChI%3D1S%2FC11H16ClO2PS3%2Fc1-3-13-15%2816%2C14-4-2%2918-9-17-11-7-5-10%2812%296-8-11%2Fh5-8H%2C3-4%2C9H2%2C1-2H3,5.53512353543065
InChI%3D1S%2FC14H4N2O2S2%2Fc15-5-9-10%286-16%2920-14-12%2818%298-4-2-1-3-7%288%2911%2817%2913%2814%2919-9%2Fh1-4H,4.47176647572299
InChI%3D1S%2FC14H4N2O2S2%2Fc15-5-9-10%286-16%2920-14-12%2818%298-4-2-1-3-7%288%2911%2817%2913%2814%2919-9%2Fh1-4H,4.69361522533935
InChI%3D1S%2FAsH3O4%2Fc2-1%283%2C4%295%2Fh%28H3%2C2%2C3%2C4%2C5%29%2Fp-3,4.34688225631145
InChI%3D1S%2FC6H6O%2Fc7-6-4-2-1-3-5-6%2Fh1-5%2C7H,2.43708305310291
InChI%3D1S%2FCBrN%2Fc2-1-3,2.9386238816801
InChI%3D1S%2FC18H13ClF3NO7%2Fc1-2-28-16%2824%299-29-17%2825%2912-8-11%284-5-14%2812%2923%2826%2927%2930-15-6-3-10%287-13%2815%2919%2918%2820%2C21%2922%2Fh3-8H%2C2%2C9H2%2C1H3,4.25309221972639
InChI%3D1S%2FC20H19NO3%2Fc1-16%2823-20-9-5-6-14-21-20%2915-22-17-10-12-19%2813-11-17%2924-18-7-3-2-4-8-18%2Fh2-14%2C16H%2C15H2%2C1H3,3.3608769727696
InChI%3D1S%2FC19H20O4%2Fc1-2-3-13-22-18%2820%2916-11-7-8-12-17%2816%2919%2821%2923-14-15-9-5-4-6-10-15%2Fh4-12H%2C2-3%2C13-14H2%2C1H3,2.82255713911138
InChI%3D1S%2FC8H10%2Fc1-2-8-6-4-3-5-7-8%2Fh3-7H%2C2H2%2C1H3,2.41532120099855
InChI%3D1S%2FC8H10%2Fc1-2-8-6-4-3-5-7-8%2Fh3-7H%2C2H2%2C1H3,2.56208837510252
InChI%3D1S%2FC18H26O5%2Fc1-12-6-5-9-14%2819%298-4-2-3-7-13-10-15%2820%2911-16%2821%2917%2813%2918%2822%2923-12%2Fh10-12%2C14%2C19-21H%2C2-9H2%2C1H3,6.20735970305
InChI%3D1S%2FC19H23N3%2Fc1-14-6-8-18%2816%283%2910-14%2920-12-22%285%2913-21-19-9-7-15%282%2911-17%2819%294%2Fh6-13H%2C1-5H3,4.45886884853594
InChI%3D1S%2FC19H23N3%2Fc1-14-6-8-18%2816%283%2910-14%2920-12-22%285%2913-21-19-9-7-15%282%2911-17%2819%294%2Fh6-13H%2C1-5H3,4.46746902029786
InChI%3D1S%2FC15H14Cl2F3N3O3%2Fc1-3-26-13%2824%2910%2817%294-8-5-12%2811%2818%296-9%288%2916%2923-15%2825%2922%2814%2819%2920%297%282%2921-23%2Fh5-6%2C10%2C14H%2C3-4H2%2C1-2H3,4.53591743757444
InChI%3D1S%2FC24H27N3O4%2Fc1-17-21%2822%2827%285%2926-17%2930-20-9-7-6-8-10-20%2915-25-29-16-18-11-13-19%2814-12-18%2923%2828%2931-24%282%2C3%294%2Fh6-15H%2C16H2%2C1-5H3,5.13623540476555
InChI%3D1S%2FC11H13F3N2O3S%2Fc1-6-4-7%282%2910%285-9%286%2915-8%283%2917%2916-20%2818%2C19%2911%2812%2C13%2914%2Fh4-5%2C16H%2C1-3H3%2C%28H%2C15%2C17%29,4.05086251778066
InChI%3D1S%2FC6H10O%2Fc1-4-6%283%2C7%295-2%2Fh1%2C7H%2C5H2%2C2-3H3,3.32910149752408
InChI%3D1S%2FC8H14N4OS%2Fc1-8%282%2C3%295-6%2813%2912%289%297%2814-4%2911-10-5%2Fh9H2%2C1-4H3,4.15490651136806
InChI%3D1S%2FC15H10O7%2Fc16-7-4-10%2819%2912-11%285-7%2922-15%2814%2821%2913%2812%2920%296-1-2-8%2817%299%2818%293-6%2Fh1-5%2C16-19%2C21H,2.17199481319419
InChI%3D1S%2FC8H7N3O5%2Fc1-4-6%288%289%2912%292-5%2810%2813%2914%293-7%284%2911%2815%2916%2Fh2-3H%2C1H3%2C%28H2%2C9%2C12%29,4.55660790505055
InChI%3D1S%2FC10H23O2PS2%2Fc1-6-9%284%2914-13%2811%2C12-8-3%2915-10%285%297-2%2Fh9-10H%2C6-8H2%2C1-5H3,6.0340541201743
InChI%3D1S%2FC16H12N2O4S%2Fc19-15-9-6-11-10-13%2823%2820%2C21%2922%297-8-14%2811%2916%2815%2918-17-12-4-2-1-3-5-12%2Fh1-10%2C19H%2C%28H%2C20%2C21%2C22%29,3.26105456902449
InChI%3D1S%2FC5H12NO3PS2%2Fc1-6-5%287%294-12-10%2811%2C8-2%299-3%2Fh4H2%2C1-3H3%2C%28H%2C6%2C7%29,5.96238343177818
InChI%3D1S%2FC5H12NO3PS2%2Fc1-6-5%287%294-12-10%2811%2C8-2%299-3%2Fh4H2%2C1-3H3%2C%28H%2C6%2C7%29,4.6613534361142
InChI%3D1S%2FC3H6N2S%2Fc6-3-4-1-2-5-3%2Fh1-2H2%2C%28H2%2C4%2C5%2C6%29,5.64754514108144
InChI%3D1S%2FC3H6N2S%2Fc6-3-4-1-2-5-3%2Fh1-2H2%2C%28H2%2C4%2C5%2C6%29,5.611332968427
InChI%3D1S%2FC3H6N2S%2Fc6-3-4-1-2-5-3%2Fh1-2H2%2C%28H2%2C4%2C5%2C6%29,4.91236296409098
InChI%3D1S%2FC10H15N5%2Fc11-9%2812%2915-10%2813%2914-7-6-8-4-2-1-3-5-8%2Fh1-5H%2C6-7H2%2C%28H6%2C11%2C12%2C13%2C14%2C15%29,3.44898061811695
InChI%3D1S%2FC22H42O4%2Fc1-5-9-13-19%287-3%2917-25-21%2823%2915-11-12-16-22%2824%2926-18-20%288-4%2914-10-6-2%2Fh19-20H%2C5-18H2%2C1-4H3,2.3927748731171
InChI%3D1S%2FC6Cl5NO2%2Fc7-1-2%288%294%2810%296%2812%2813%2914%295%2811%293%281%299,3.37340446386955
InChI%3D1S%2FC6Cl5NO2%2Fc7-1-2%288%294%2810%296%2812%2813%2914%295%2811%293%281%299,3.32418644119937
InChI%3D1S%2FC15H13N3O2S%2Fc1-20-15%2819%2918-14-16-12-8-7-11%289-13%2812%2917-14%2921-10-5-3-2-4-6-10%2Fh2-9H%2C1H3%2C%28H2%2C16%2C17%2C18%2C19%29,4.30008455052816
InChI%3D1S%2FC10H7Cl5O%2Fc11-7-1-6%282-8%2812%293-7%299%285-16-9%294-10%2813%2C14%2915%2Fh1-3H%2C4-5H2,4.02860782189294
InChI%3D1S%2FC13H22NO3PS%2Fc1-6-16-18%2815%2C14-10%282%293%2917-12-7-8-13%2819-5%2911%284%299-12%2Fh7-10H%2C6H2%2C1-5H3%2C%28H%2C14%2C15%29,5.30586339308612
InChI%3D1S%2FC13H22NO3PS%2Fc1-6-16-18%2815%2C14-10%282%293%2917-12-7-8-13%2819-5%2911%284%299-12%2Fh7-10H%2C6H2%2C1-5H3%2C%28H%2C14%2C15%29,5.25150573076352
InChI%3D1S%2FC26H22ClF3N2O3%2Fc1-16%282%2924%2832-22-12-11-18%2814-21%2822%2927%2926%2828%2C29%2930%2925%2833%2935-23%2815-31%2917-7-6-10-20%2813-17%2934-19-8-4-3-5-9-19%2Fh3-14%2C16%2C23-24%2C32H%2C1-2H3,5.30355258529792
InChI%3D1S%2FC22H26O3%2Fc1-15%282%2910-19-20%2822%2819%2C3%294%2921%2823%2925-14-17-12-18%2824-13-17%2911-16-8-6-5-7-9-16%2Fh5-10%2C12-13%2C19-20H%2C11%2C14H2%2C1-4H3,3.4325717246993
InChI%3D1S%2FC15H13N3O3S%2Fc1-21-15%2819%2918-14-16-12-8-7-11%289-13%2812%2917-14%2922%2820%2910-5-3-2-4-6-10%2Fh2-9H%2C1H3%2C%28H2%2C16%2C17%2C18%2C19%29,5.1977587356423
InChI%3D1S%2FC10H10ClNO2%2Fc1-7%2813%2912-9-4-2-8%283-5-9%2910%2814%296-11%2Fh2-5H%2C6H2%2C1H3%2C%28H%2C12%2C13%29,2.12695072080225
InChI%3D1S%2FC9H10Cl2N2O%2Fc1-13%282%299%2814%2912-6-3-4-7%2810%298%2811%295-6%2Fh3-5H%2C1-2H3%2C%28H%2C12%2C14%29,4.58938077582749
InChI%3D1S%2FC9H10Cl2N2O%2Fc1-13%282%299%2814%2912-6-3-4-7%2810%298%2811%295-6%2Fh3-5H%2C1-2H3%2C%28H%2C12%2C14%29,4.57165200886706
InChI%3D1S%2FC14H15N3%2Fc1-10-9-13%2811-7-8-11%2917-14%2815-10%2916-12-5-3-2-4-6-12%2Fh2-6%2C9%2C11H%2C7-8H2%2C1H3%2C%28H%2C15%2C16%2C17%29,3.80128998933051
InChI%3D1S%2FC14H20ClNO2%2Fc1-4-12-8-6-7-11%283%2914%2812%2916%2810-18-5-2%2913%2817%299-15%2Fh6-8H%2C4-5%2C9-10H2%2C1-3H3,3.73201897895503
InChI%3D1S%2FC10H14N2O2%2Fc1-3-14-10-5-4-8%286-9%2810%2911%2912-7%282%2913%2Fh4-6H%2C3%2C11H2%2C1-2H3%2C%28H%2C12%2C13%29,2.21459876477238
InChI%3D1S%2FC3H4Cl2O2%2Fc1-3%284%2C5%292%286%297%2Fh1H3%2C%28H%2C6%2C7%29,3.70545399970477
InChI%3D1S%2FC3H4Cl2O2%2Fc1-3%284%2C5%292%286%297%2Fh1H3%2C%28H%2C6%2C7%29,3.45627084235452
InChI%3D1S%2FC12H14Cl3O4P%2Fc1-3-17-20%2816%2C18-4-2%2919-12%288-13%2910-6-5-9%2814%297-11%2810%2915%2Fh5-8H%2C3-4H2%2C1-2H3,5.3796920956126
InChI%3D1S%2FC12H13N5O6S2%2Fc1-6-13-10%2816-12%2814-6%2923-3%2915-11%2819%2917-25%2820%2C21%297-4-5-24-8%287%299%2818%2922-2%2Fh4-5H%2C1-3H3%2C%28H2%2C13%2C14%2C15%2C16%2C17%2C19%29,4.19021010110931
InChI%3D1S%2FC14H18N2O5%2Fc1-21-14%2820%2911%287-9-5-3-2-4-6-9%2916-13%2819%2910%2815%298-12%2817%2918%2Fh2-6%2C10-11H%2C7-8%2C15H2%2C1H3%2C%28H%2C16%2C19%29%28H%2C17%2C18%29,3.30147753146833
InChI%3D1S%2FC10H22O3%2Fc1-4-5-6-12-8-10%283%2913-7-9%282%2911%2Fh9-11H%2C4-8H2%2C1-3H3,3.17218289921228
InChI%3D1S%2FC36H53NO13%2Fc1-21-13-11-9-7-6-8-10-12-14-24%2848-35%285%2931%2842%2929%2837%2930%2841%2922%282%2947-35%2919-34%284%2928%2832%2843%2944%2925%2839%2920-36%2845%2C50-34%2918-23%2838%2917-33%283%2926%2849-33%2915-16-27%2840%2946-21%2Fh6-12%2C14-16%2C21-26%2C28-31%2C38-39%2C41-42%2C45H%2C13%2C17-20%2C37H2%2C1-5H3%2C%28H%2C43%2C44%29,3.99258108069112
InChI%3D1S%2FC31H52O3%2Fc1-21%282%2913-10-14-22%283%2915-11-16-23%284%2917-12-19-31%289%2920-18-28-26%287%2929%2833-27%288%2932%2924%285%2925%286%2930%2828%2934-31%2Fh21-23H%2C10-20H2%2C1-9H3,2.3735949091083
InChI%3D1S%2FC9H17ClN3O3PS%2Fc1-5-14-17%2818%2C15-6-2%2916-9-11-8%2810%2913%2812-9%297%283%294%2Fh7H%2C5-6H2%2C1-4H3,4.39966173548004
InChI%3D1S%2FC8H4O3%2Fc9-7-5-3-1-2-4-6%285%298%2810%2911-7%2Fh1-4H,2.09688233455707
InChI%3D1S%2FC9H5Cl3N4%2Fc10-5-3-1-2-4-6%285%2913-9-15-7%2811%2914-8%2812%2916-9%2Fh1-4H%2C%28H%2C13%2C14%2C15%2C16%29,5.37945812670042
InChI%3D1S%2FC15H18ClN3O%2Fc1-15%282%2C3%2914%2820%2913%2819-10-17-9-18-19%298-11-4-6-12%2816%297-5-11%2Fh4-10%2C14%2C20H%2C1-3H3,3.8694430122441
InChI%3D1S%2FC11H15NO2%2Fc1-7-5-8%282%299%283%2910%286-7%2914-11%2813%2912-4%2Fh5-6H%2C1-4H3%2C%28H%2C12%2C13%29,3.513780491163
InChI%3D1S%2FC25H22ClNO3%2Fc1-17%282%2924%2818-11-13-20%2826%2914-12-18%2925%2828%2930-23%2816-27%2919-7-6-10-22%2815-19%2929-21-8-4-3-5-9-21%2Fh3-15%2C17%2C23-24H%2C1-2H3,4.22520594870835
InChI%3D1S%2FC2H6ClO3P%2Fc3-1-2-7%284%2C5%296%2Fh1-2H2%2C%28H2%2C4%2C5%2C6%29,2.98375855767924
InChI%3D1S%2FC2H6ClO3P%2Fc3-1-2-7%284%2C5%296%2Fh1-2H2%2C%28H2%2C4%2C5%2C6%29,2.51051495802278
InChI%3D1S%2FC2H6ClO3P%2Fc3-1-2-7%284%2C5%296%2Fh1-2H2%2C%28H2%2C4%2C5%2C6%29,4.0806685706873
InChI%3D1S%2FC12H19O2PS3%2Fc1-4-10-18-15%2816%2C13-5-2%2914-11-6-8-12%2817-3%299-7-11%2Fh6-9H%2C4-5%2C10H2%2C1-3H3,4.44776025923588
InChI%3D1S%2FC3H8NO5P%2Fc5-3%286%291-4-2-10%287%2C8%299%2Fh4H%2C1-2H2%2C%28H%2C5%2C6%29%28H2%2C7%2C8%2C9%29,2.22807446683025
InChI%3D1S%2FC3H8NO5P%2Fc5-3%286%291-4-2-10%287%2C8%299%2Fh4H%2C1-2H2%2C%28H%2C5%2C6%29%28H2%2C7%2C8%2C9%29,2.75095321211059
InChI%3D1S%2FC10H14O2%2Fc1-10%282%2C3%298-6-7%2811%294-5-9%288%2912%2Fh4-6%2C11-12H%2C1-3H3,2.86849281697225
InChI%3D1S%2FC6H7N3O2%2Fc7-4-1-2-5%288%296%283-4%299%2810%2911%2Fh1-3H%2C7-8H2,3.24556564669417
InChI%3D1S%2FC12H8Cl2O3S%2Fc13-9-1-5-11%286-2-9%2917-18%2815%2C16%2912-7-3-10%2814%294-8-12%2Fh1-8H,5.08373349418451
InChI%3D1S%2F3C6H5.Sn.H%2Fc3%2A1-2-4-6-5-3-1%3B%3B%2Fh3%2A1-5H%3B%3B,6.0669625480302
InChI%3D1S%2FC18H26O2%2Fc1-13%282%2918-10-9-17%284%2C20-18%2916%2811-18%2919-12-15-8-6-5-7-14%2815%293%2Fh5-8%2C13%2C16H%2C9-12H2%2C1-4H3,3.26228942932097
InChI%3D1S%2FC6H12N2S4%2Fc1-7%282%295%289%2911-12-6%2810%298%283%294%2Fh1-4H3,4.20490259955842
InChI%3D1S%2FC6H12N2S4%2Fc1-7%282%295%289%2911-12-6%2810%298%283%294%2Fh1-4H3,4.32029601826049
InChI%3D1S%2FC6H12N2S4%2Fc1-7%282%295%289%2911-12-6%2810%298%283%294%2Fh1-4H3,4.64300653228067
InChI%3D1S%2FC6H12N2S4%2Fc1-7%282%295%289%2911-12-6%2810%298%283%294%2Fh1-4H3,4.30181261256647
InChI%3D1S%2FC12H18N2O2%2Fc1-8-6-10%2816-12%2815%2913-3%297-9%282%2911%288%2914%284%295%2Fh6-7H%2C1-5H3%2C%28H%2C13%2C15%29,5.17081600643967
InChI%3D1S%2FC7H6N2O4%2Fc8-6-3-4%289%2812%2913%291-2-5%286%297%2810%2911%2Fh1-3H%2C8H2%2C%28H%2C10%2C11%29,2.1866715784013
InChI%3D1S%2FC14H14Cl2N2O%2Fc1-2-7-19-14%289-18-6-5-17-10-18%2912-4-3-11%2815%298-13%2812%2916%2Fh2-6%2C8%2C10%2C14H%2C1%2C7%2C9H2,3.87095923630552
InChI%3D1S%2FC14H14Cl2N2O%2Fc1-2-7-19-14%289-18-6-5-17-10-18%2912-4-3-11%2815%298-13%2812%2916%2Fh2-6%2C8%2C10%2C14H%2C1%2C7%2C9H2,4.29692796857781
InChI%3D1S%2FC2H3Cl%2Fc1-2-3%2Fh2H%2C1H2,4.68192429615426
InChI%3D1S%2FC10H7NO2%2Fc12-11%2813%2910-7-3-5-8-4-1-2-6-9%288%2910%2Fh1-7H,3.0209838975238
InChI%3D1S%2FC9H8N4OS%2Fc14-9%2812-8-6-10-13-15-8%2911-7-4-2-1-3-5-7%2Fh1-6H%2C%28H2%2C11%2C12%2C14%29,3.86579667362138
InChI%3D1S%2FC6Cl6%2Fc7-1-2%288%294%2810%296%2812%295%2811%293%281%299,5.99211484281248
InChI%3D1S%2FC15H12F4N4O7S%2Fc1-28-11%2824%297-4-2-3-5-8%287%2931%2826%2C27%2923-15%2825%2922-14-20-9%2829-12%2816%2917%296-10%2821-14%2930-13%2818%2919%2Fh2-6%2C12-13H%2C1H3%2C%28H2%2C20%2C21%2C22%2C23%2C25%29,3.52443042732356
InChI%3D1S%2FC23H19ClF3NO3%2Fc1-22%282%2917%2812-19%2824%2923%2825%2C26%2927%2920%2822%2921%2829%2931-18%2813-28%2914-7-6-10-16%2811-14%2930-15-8-4-3-5-9-15%2Fh3-12%2C17-18%2C20H%2C1-2H3,4.55615777900042
InChI%3D1S%2FC6H4Cl2%2Fc7-5-1-2-6%288%294-3-5%2Fh1-4H,2.690201870583
InChI%3D1S%2FC9H7Cl3O3%2Fc1-4%289%2813%2914%2915-8-3-6%2811%295%2810%292-7%288%2912%2Fh2-4H%2C1H3%2C%28H%2C13%2C14%29,4.491054148917
InChI%3D1S%2FC19H17ClN2O4%2Fc1-3-24-19%2823%2912%282%2925-14-5-7-15%288-6-14%2926-18-11-21-17-10-13%2820%294-9-16%2817%2922-18%2Fh4-12H%2C3H2%2C1-2H3,5.00327683569969
InChI%3D1S%2FC6H13N%2Fc7-6-4-2-1-3-5-6%2Fh6H%2C1-5%2C7H2,3.22924248946341
InChI%3D1S%2FC6H13N%2Fc7-6-4-2-1-3-5-6%2Fh6H%2C1-5%2C7H2,3.21824710516194
InChI%3D1S%2FC7H10N2O4S%2Fc1-5-4-6%288%292-3-7%285%299-13-14%2810%2C11%2912%2Fh2-4%2C9H%2C8H2%2C1H3%2C%28H%2C10%2C11%2C12%29,3.07409722667645
InChI%3D1S%2FC10H10O4%2Fc1-13-9%2811%297-3-5-8%286-4-7%2910%2812%2914-2%2Fh3-6H%2C1-2H3,3.1913034298761
InChI%3D1S%2FC15H10ClF3N2O6S%2Fc1-28%2825%2C26%2920-14%2822%2910-7-9%283-4-12%2810%2921%2823%2924%2927-13-5-2-8%286-11%2813%2916%2915%2817%2C18%2919%2Fh2-7H%2C1H3%2C%28H%2C20%2C22%29,3.94325990345253
InChI%3D1S%2FC25H28O3%2Fc1-4-27-22-15-13-21%2814-16-22%2925%282%2C3%2919-26-18-20-9-8-12-24%2817-20%2928-23-10-6-5-7-11-23%2Fh5-17H%2C4%2C18-19H2%2C1-3H3,4.16077781336093
InChI%3D1S%2FC6H4Cl2N2O2%2Fc7-4-1-3%2810%2811%2912%292-5%288%296%284%299%2Fh1-2H%2C9H2,3.13990879364539
InChI%3D1S%2FC6H4Cl2N2O2%2Fc7-4-1-3%2810%2811%2912%292-5%288%296%284%299%2Fh1-2H%2C9H2,2.93578881098946
InChI%3D1S%2FC16H18N4O7S%2Fc1-25-12-8-13%2826-2%2918-15%2817-12%2919-16%2822%2920-28%2823%2C24%299-10-6-4-5-7-11%2810%2914%2821%2927-3%2Fh4-8H%2C9H2%2C1-3H3%2C%28H2%2C17%2C18%2C19%2C20%2C22%29,3.12325069281768
InChI%3D1S%2FCClN%2Fc2-1-3,2.94356799915553
InChI%3D1S%2FC15H12F2N3Si%2Fc16-12-1-5-14%286-2-12%2921%2811-20-10-18-9-19-20%2915-7-3-13%2817%294-8-15%2Fh1-10H%2C11H2,5.1159116373222
InChI%3D1S%2FC8H8%2Fc1-2-8-6-4-3-5-7-8%2Fh2-7H%2C1H2,3.69543631002744
InChI%3D1S%2FC8H8%2Fc1-2-8-6-4-3-5-7-8%2Fh2-7H%2C1H2,2.56281074475285
InChI%3D1S%2FC8H8%2Fc1-2-8-6-4-3-5-7-8%2Fh2-7H%2C1H2,2.4155956134334
InChI%3D1S%2FC16H22ClNO3%2Fc1-4-12-8-7-9-13%285-2%2916%2812%2918%2814%2819%2910-17%2911-15%2820%2921-6-3%2Fh7-9H%2C4-6%2C10-11H2%2C1-3H3,3.79491137150459
InChI%3D1S%2FC12H15N3O2S%2Fc1-3-6-18-8-4-5-9-10%287-8%2914-11%2813-9%2915-12%2816%2917-2%2Fh4-5%2C7H%2C3%2C6H2%2C1-2H3%2C%28H2%2C13%2C14%2C15%2C16%29,4.12275865288522
InChI%3D1S%2FC9H10Cl2N2O2%2Fc1-13%2815-2%299%2814%2912-6-3-4-7%2810%298%2811%295-6%2Fh3-5H%2C1-2H3%2C%28H%2C12%2C14%29,4.6004830749906
InChI%3D1S%2FC9H10Cl2N2O2%2Fc1-13%2815-2%299%2814%2912-6-3-4-7%2810%298%2811%295-6%2Fh3-5H%2C1-2H3%2C%28H%2C12%2C14%29,4.99842308366263
InChI%3D1S%2FC10H20O%2Fc1-7%282%299-5-4-8%283%296-10%289%2911%2Fh7-11H%2C4-6H2%2C1-3H3,2.42080757876423
InChI%3D1S%2FC9H11Cl3NO3PS%2Fc1-3-14-17%2818%2C15-4-2%2916-9-7%2811%295-6%2810%298%2812%2913-9%2Fh5H%2C3-4H2%2C1-2H3,4.54479494223028
InChI%3D1S%2FC9H11Cl3NO3PS%2Fc1-3-14-17%2818%2C15-4-2%2916-9-7%2811%295-6%2810%298%2812%2913-9%2Fh5H%2C3-4H2%2C1-2H3,5.54479494223028
InChI%3D1S%2FC17H16F3NO2%2Fc1-11%282%2923-13-7-5-6-12%2810-13%2921-16%2822%2914-8-3-4-9-15%2814%2917%2818%2C19%2920%2Fh3-11H%2C1-2H3%2C%28H%2C21%2C22%29,2.81064866255668
InChI%3D1S%2FC17H16F3NO2%2Fc1-11%282%2923-13-7-5-6-12%2810-13%2921-16%2822%2914-8-3-4-9-15%2814%2917%2818%2C19%2920%2Fh3-11H%2C1-2H3%2C%28H%2C21%2C22%29,3.57009941427408
InChI%3D1S%2FC14H9ClF2N2O2%2Fc15-8-4-6-9%287-5-8%2918-14%2821%2919-13%2820%2912-10%2816%292-1-3-11%2812%2917%2Fh1-7H%2C%28H2%2C18%2C19%2C20%2C21%29,4.58922787551359
InChI%3D1S%2FC14H9ClF2N2O2%2Fc15-8-4-6-9%287-5-8%2918-14%2821%2919-13%2820%2912-10%2816%292-1-3-11%2812%2917%2Fh1-7H%2C%28H2%2C18%2C19%2C20%2C21%29,4.60022325981506
InChI%3D1S%2FC14H9ClF2N2O2%2Fc15-8-4-6-9%287-5-8%2918-14%2821%2919-13%2820%2912-10%2816%292-1-3-11%2812%2917%2Fh1-7H%2C%28H2%2C18%2C19%2C20%2C21%29,4.64721982249128
InChI%3D1S%2FC10H19N5S%2Fc1-6-11-7-12-8%2815-10%282%2C3%294%2914-9%2813-7%2916-5%2Fh6H2%2C1-5H3%2C%28H2%2C11%2C12%2C13%2C14%2C15%29,4.2065674883771
InChI%3D1S%2FC15H21NO4%2Fc1-10-7-6-8-11%282%2914%2810%2916%2813%2817%299-19-4%2912%283%2915%2818%2920-5%2Fh6-8%2C12H%2C9H2%2C1-5H3,3.65023995836629
InChI%3D1S%2FC11H15N3O2%2Fc1-12-11%2815%2916-10-6-4-5-9%287-10%2913-8-14%282%293%2Fh4-8H%2C1-3H3%2C%28H%2C12%2C15%29,4.24798445482129
InChI%3D1S%2FC12H19ClNO3P%2Fc1-12%282%2C3%299-6-7-11%2810%2813%298-9%2917-18%2815%2C14-4%2916-5%2Fh6-8H%2C1-5H3%2C%28H%2C14%2C15%29,4.86289269710557
InChI%3D1S%2FC19H17ClN4%2Fc20-18-8-6-16%287-9-18%2910-11-19%2812-21%2C13-24-15-22-14-23-24%2917-4-2-1-3-5-17%2Fh1-9%2C14-15H%2C10-11%2C13H2,3.92533540454444
InChI%3D1S%2FC19H17ClN4%2Fc20-18-8-6-16%287-9-18%2910-11-19%2812-21%2C13-24-15-22-14-23-24%2917-4-2-1-3-5-17%2Fh1-9%2C14-15H%2C10-11%2C13H2,4.05027414115274
InChI%3D1S%2FC15H11ClF3NO4%2Fc1-8%2814%2821%2922%2923-10-2-4-11%285-3-10%2924-13-12%2816%296-9%287-20-13%2915%2817%2C18%2919%2Fh2-8H%2C1H3%2C%28H%2C21%2C22%29,6.55834892852739
InChI%3D1S%2FC9H9Cl2NO%2Fc1-2-9%2813%2912-6-3-4-7%2810%298%2811%295-6%2Fh3-5H%2C2H2%2C1H3%2C%28H%2C12%2C13%29,4.03758556402413
InChI%3D1S%2FC9H9Cl2NO%2Fc1-2-9%2813%2912-6-3-4-7%2810%298%2811%295-6%2Fh3-5H%2C2H2%2C1H3%2C%28H%2C12%2C13%29,3.45780196740732
InChI%3D1S%2FC20H19F3N2O4%2Fc1-13%2814-8-6-9-16%2811-14%2920%2821%2C22%2923%2924-29-12-15-7-4-5-10-17%2815%2918%2825-28-3%2919%2826%2927-2%2Fh4-11H%2C12H2%2C1-3H3,3.83290371721801
InChI%3D1S%2FC11H19N3O%2Fc1-4-6-7-9-8%283%2913-11%2812-5-2%2914-10%289%2915%2Fh4-7H2%2C1-3H3%2C%28H2%2C12%2C13%2C14%2C15%29,3.92280444363211
InChI%3D1S%2FC9H22O4P2S4%2Fc1-5-10-14%2816%2C11-6-2%2918-9-19-15%2817%2C12-7-3%2913-8-4%2Fh5-9H2%2C1-4H3,5.28383935473594
InChI%3D1S%2FC10H16Cl3NOS%2Fc1-6%282%2914%287%283%294%2910%2815%2916-5-8%2811%299%2812%2913%2Fh6-7H%2C5H2%2C1-4H3,4.38691132629296
InChI%3D1S%2FC14H8Cl2N4%2Fc15-11-7-3-1-5-9%2811%2913-17-19-14%2820-18-13%2910-6-2-4-8-12%2810%2916%2Fh1-8H,4.1806220183605
InChI%3D1S%2FC14H8Cl2N4%2Fc15-11-7-3-1-5-9%2811%2913-17-19-14%2820-18-13%2910-6-2-4-8-12%2810%2916%2Fh1-8H,4.24360591089568
InChI%3D1S%2FC12H18N4O6S%2Fc1-7%282%2914%288%283%294%2912-10%2815%2817%2918%295-9%2823%2813%2C21%2922%296-11%2812%2916%2819%2920%2Fh5-8H%2C1-4H3%2C%28H2%2C13%2C21%2C22%29,3.97297179822463
InChI%3D1S%2FC12H18N4O6S%2Fc1-7%282%2914%288%283%294%2912-10%2815%2817%2918%295-9%2823%2813%2C21%2922%296-11%2812%2916%2819%2920%2Fh5-8H%2C1-4H3%2C%28H2%2C13%2C21%2C22%29,3.88631461533234
InChI%3D1S%2FC21H20Cl2O3%2Fc1-21%282%2917%2812-18%2822%2923%2919%2821%2920%2824%2925-13-14-7-6-10-16%2811-14%2926-15-8-4-3-5-9-15%2Fh3-12%2C17%2C19H%2C13H2%2C1-2H3,4.19455618753918
InChI%3D1S%2FC16H22ClN3O%2Fc1-15%282%2C3%2916%2821%2C10-20-12-18-11-19-20%299-8-13-4-6-14%2817%297-5-13%2Fh4-7%2C11-12%2C21H%2C8-10H2%2C1-3H3,4.28689742390489
InChI%3D1S%2FC12H11Cl2N3O2%2Fc13-9-1-2-10%2811%2814%295-9%2912%2818-3-4-19-12%296-17-8-15-7-16-17%2Fh1-2%2C5%2C7-8H%2C3-4%2C6H2,4.47732480426449
InChI%3D1S%2FC9H12NO5PS%2Fc1-7-6-8%284-5-9%287%2910%2811%2912%2915-16%2817%2C13-2%2914-3%2Fh4-6H%2C1-3H3,5.78008872366218
InChI%3D1S%2FC11H21NOS%2Fc1-3-12%2811%2813%2914-4-2%2910-8-6-5-7-9-10%2Fh10H%2C3-9H2%2C1-2H3,4.85603479370532
InChI%3D1S%2FCHBrCl2%2Fc2-1%283%294%2Fh1H,3.10044647372987
InChI%3D1S%2FC6H3Cl4N%2Fc7-5-3-1-2-4%2811-5%296%288%2C9%2910%2Fh1-3H,5.36343657222619
InChI%3D1S%2FC10H18N4O4S3%2Fc1-7%2819-5%2911-17-9%2815%2913%283%2921-14%284%2910%2816%2918-12-8%282%2920-6%2Fh1-6H3,4.54957865212472
InChI%3D1S%2FC8H8O3%2Fc1-11-8%2810%296-4-2-3-5-7%286%299%2Fh2-5%2C9H%2C1H3,2.62596180611118
InChI%3D1S%2FCHCl3%2Fc2-1%283%294%2Fh1H,3.29877173860401
InChI%3D1S%2FC12H14N4O2S%2Fc1-8-7-9%282%2915-12%2814-8%2916-19%2817%2C18%2911-5-3-10%2813%294-6-11%2Fh3-7H%2C13H2%2C1-2H3%2C%28H%2C14%2C15%2C16%29,3.92604632938062
InChI%3D1S%2FC15H16F5NO2S2%2Fc1-6%282%295-7-8%2813%2822%2924-3%2910%2812%2816%2917%2921-11%2815%2818%2C19%2920%299%287%2914%2823%2925-4%2Fh6%2C12H%2C5H2%2C1-4H3,5.04368703263975
InChI%3D1S%2FC6H6Cl6%2Fc7-1-2%288%294%2810%296%2812%295%2811%293%281%299%2Fh1-6H,4.76466896003284
InChI%3D1S%2FC6H6Cl6%2Fc7-1-2%288%294%2810%296%2812%295%2811%293%281%299%2Fh1-6H,4.80088113268728
InChI%3D1S%2FC6H6Cl6%2Fc7-1-2%288%294%2810%296%2812%295%2811%293%281%299%2Fh1-6H,4.79154110643314
InChI%3D1S%2FC6H6Cl6%2Fc7-1-2%288%294%2810%296%2812%295%2811%293%281%299%2Fh1-6H,4.56054897737691
InChI%3D1S%2FC6H6Cl6%2Fc7-1-2%288%294%2810%296%2812%295%2811%293%281%299%2Fh1-6H,4.86157897304089
InChI%3D1S%2FC17H21ClN2O2S%2Fc1-11-15%2812-7-9-13%2818%2910-8-12%2923-17%2822%2920%2811%2916%2821%2919-14-5-3-2-4-6-14%2Fh7-11%2C14-15H%2C2-6H2%2C1H3%2C%28H%2C19%2C21%29,3.34350563448343
InChI%3D1S%2FC7H10N4O3%2Fc1-3-9-7%2813%2910-6%2812%295%284-8%2911-14-2%2Fh3H2%2C1-2H3%2C%28H2%2C9%2C10%2C12%2C13%29,3.81561566158005
InChI%3D1S%2FC15H16O2%2Fc1-15%282%2C11-3-7-13%2816%298-4-11%2912-5-9-14%2817%2910-6-12%2Fh3-10%2C16-17H%2C1-2H3,3.65950992099517
InChI%3D1S%2FC9H16ClN5%2Fc1-5%282%2911-8-13-7%2810%2914-9%2815-8%2912-6%283%294%2Fh5-6H%2C1-4H3%2C%28H2%2C11%2C12%2C13%2C14%2C15%29,3.66220959497816
InChI%3D1S%2FC22H19Br2NO3%2Fc1-22%282%2917%2812-19%2823%2924%2920%2822%2921%2826%2928-18%2813-25%2914-7-6-10-16%2811-14%2927-15-8-4-3-5-9-15%2Fh3-12%2C17-18%2C20H%2C1-2H3,5.30552261110582
InChI%3D1S%2FC13H17F3N4O4%2Fc1-3-5-18%286-4-2%2911-9%2819%2821%2922%297-8%2813%2814%2C15%2916%2910%2817%2912%2811%2920%2823%2924%2Fh7H%2C3-6%2C17H2%2C1-2H3,4.0760849833355
InChI%3D1S%2FC11H12NO4PS2%2Fc1-15-17%2818%2C16-2%2919-7-12-10%2813%298-5-3-4-6-9%288%2911%2812%2914%2Fh3-6H%2C7H2%2C1-2H3,4.20046887469431
InChI%3D1S%2FC11H12NO4PS2%2Fc1-15-17%2818%2C16-2%2919-7-12-10%2813%298-5-3-4-6-9%288%2911%2812%2914%2Fh3-6H%2C7H2%2C1-2H3,4.54725636091897
InChI%3D1S%2FC6H7NO%2Fc7-5-1-3-6%288%294-2-5%2Fh1-4%2C8H%2C7H2,2.20160364320713
InChI%3D1S%2FC11H10ClNO3S%2Fc1-2-16-9%2814%296-13-10-7%2812%294-3-5-8%2810%2917-11%2813%2915%2Fh3-5H%2C2%2C6H2%2C1H3,4.33721159291063
InChI%3D1S%2FC14H18N2O4%2Fc1-10-5-4-6-11%282%2913%2810%2916%2812%2817%299-19-3%2915-7-8-20-14%2815%2918%2Fh4-6H%2C7-9H2%2C1-3H3,3.74554900711723
InChI%3D1S%2FC14H17Cl2NO2%2Fc1-14%287-3-2-4-8-14%2913%2819%2917-9-5-6-10%2818%2912%2816%2911%289%2915%2Fh5-6%2C18H%2C2-4%2C7-8H2%2C1H3%2C%28H%2C17%2C19%29,3.01490626247445
InChI%3D1S%2FC8H10O%2Fc1-6-3-4-8%289%295-7%286%292%2Fh3-5%2C9H%2C1-2H3,3.94081663065326
InChI%3D1S%2FC13H11N3%2Fc14-10-3-1-8-5-9-2-4-11%2815%297-13%289%2916-12%288%296-10%2Fh1-7H%2C14-15H2,3.64856042750458
InChI%3D1S%2FC9H11BrN2O2%2Fc1-12%2814-2%299%2813%2911-8-5-3-7%2810%294-6-8%2Fh3-6H%2C1-2H3%2C%28H%2C11%2C13%29,4.31655713179121
InChI%3D1S%2FC8H14O4%2Fc1-5-4-8%2811-6%282%299%2912-7%283%2910-5%2Fh5%2C7-8H%2C4H2%2C1-3H3,3.14412407646651
InChI%3D1S%2FC7H16N%2Fc1-8%282%296-4-3-5-7-8%2Fh3-7H2%2C1-2H3,2.88160770091708
InChI%3D1S%2FC2H2Cl4%2Fc3-1%284%292%285%296%2Fh1-2H,3.19149572716769
InChI%3D1S%2FC5H10N2O2S%2Fc1-4%2810-3%297-9-5%288%296-2%2Fh1-3H3%2C%28H%2C6%2C8%29,4.21007789203115
InChI%3D1S%2FC5H10N2O2S%2Fc1-4%2810-3%297-9-5%288%296-2%2Fh1-3H3%2C%28H%2C6%2C8%29,3.90904789636717
InChI%3D1S%2FC14H18ClN3O2%2Fc1-14%282%2C3%2912%2819%2913%2818-9-16-8-17-18%2920-11-6-4-10%2815%295-7-11%2Fh4-9%2C12-13%2C19H%2C1-3H3,4.07300621285581
InChI%3D1S%2FC14H18ClN3O2%2Fc1-14%282%2C3%2912%2819%2913%2818-9-16-8-17-18%2920-11-6-4-10%2815%295-7-11%2Fh4-9%2C12-13%2C19H%2C1-3H3,3.4497569224579
InChI%3D1S%2FC22H19Cl2NO3%2Fc1-22%282%2917%2812-19%2823%2924%2920%2822%2921%2826%2928-18%2813-25%2914-7-6-10-16%2811-14%2927-15-8-4-3-5-9-15%2Fh3-12%2C17-18%2C20H%2C1-2H3,3.74434218472656
InChI%3D1S%2FC22H19Cl2NO3%2Fc1-22%282%2917%2812-19%2823%2924%2920%2822%2921%2826%2928-18%2813-25%2914-7-6-10-16%2811-14%2927-15-8-4-3-5-9-15%2Fh3-12%2C17-18%2C20H%2C1-2H3,3.92043344378224
InChI%3D1S%2FC10H12N3O3PS2%2Fc1-15-17%2818%2C16-2%2919-7-13-10%2814%298-5-3-4-6-9%288%2911-12-13%2Fh3-6H%2C7H2%2C1-2H3,5.94520088604013
InChI%3D1S%2FC10H12N3O3PS2%2Fc1-15-17%2818%2C16-2%2919-7-13-10%2814%298-5-3-4-6-9%288%2911-12-13%2Fh3-6H%2C7H2%2C1-2H3,5.14932086869605
InChI%3D1S%2FC10H12N3O3PS2%2Fc1-15-17%2818%2C16-2%2919-7-13-10%2814%298-5-3-4-6-9%288%2911-12-13%2Fh3-6H%2C7H2%2C1-2H3,5.08988368084419
InChI%3D1S%2FC11H23NOS%2Fc1-6-14-11%2813%2912%287-9%282%293%298-10%284%295%2Fh9-10H%2C6-8H2%2C1-5H3,3.3372024424539
InChI%3D1S%2FC16H17F5N2O2S%2Fc1-7%282%296-8-9%2815%2824%2925-3%2911%2813%2817%2918%2923-12%2816%2819%2C20%2921%2910%288%2914-22-4-5-26-14%2Fh7%2C13H%2C4-6H2%2C1-3H3,3.95268441956944
InChI%3D1S%2FC6H3N3O6%2Fc10-7%2811%294-1-5%288%2812%2913%293-6%282-4%299%2814%2915%2Fh1-3H,4.20441460583146
InChI%3D1S%2FC4H7Cl2O4P%2Fc1-8-11%287%2C9-2%2910-3-4%285%296%2Fh3H%2C1-2H3,4.98261676287965
InChI%3D1S%2FC4H7Cl2O4P%2Fc1-8-11%287%2C9-2%2910-3-4%285%296%2Fh3H%2C1-2H3,5.01190613898164
InChI%3D1S%2FC25H24F6N4%2Fc1-23%282%2915-32-22%2833-16-23%2935-34-21%2813-7-17-3-9-19%2810-4-17%2924%2826%2C27%2928%2914-8-18-5-11-20%2812-6-18%2925%2829%2C30%2931%2Fh3-14H%2C15-16H2%2C1-2H3%2C%28H2%2C32%2C33%2C35%29,4.99517458001903
InChI%3D1S%2FP4%2Fc1-2-3%281%294%281%292,1.92514612424786
InChI%3D1S%2FC3H4Cl2%2Fc4-2-1-3-5%2Fh1-2H%2C3H2,4.33763486202989
InChI%3D1S%2FC49H73NO14%2Fc1-25%282%2943-28%285%2917-18-48%2864-43%2923-35-20-34%2863-48%2916-15-27%284%2944%2826%283%2913-12-14-33-24-57-46-42%2852%2929%286%2919-36%2847%2853%2960-35%2949%2833%2C46%2954%2961-40-22-38%2856-11%2945%2831%288%2959-40%2962-39-21-37%2855-10%2941%2830%287%2958-39%2950-32%289%2951%2Fh12-15%2C17-19%2C25-26%2C28%2C30-31%2C34-46%2C52%2C54H%2C16%2C20-24H2%2C1-11H3%2C%28H%2C50%2C51%29,5.95429183284051
InChI%3D1S%2FC49H73NO14%2Fc1-25%282%2943-28%285%2917-18-48%2864-43%2923-35-20-34%2863-48%2916-15-27%284%2944%2826%283%2913-12-14-33-24-57-46-42%2852%2929%286%2919-36%2847%2853%2960-35%2949%2833%2C46%2954%2961-40-22-38%2856-11%2945%2831%288%2959-40%2962-39-21-37%2855-10%2941%2830%287%2958-39%2950-32%289%2951%2Fh12-15%2C17-19%2C25-26%2C28%2C30-31%2C34-46%2C52%2C54H%2C16%2C20-24H2%2C1-11H3%2C%28H%2C50%2C51%29,5.55635182416848
InChI%3D1S%2FC7H5N3O6%2Fc1-4-6%289%2813%2914%292-5%288%2811%2912%293-7%284%2910%2815%2916%2Fh2-3H%2C1H3,5.055246608541
InChI%3D1S%2FC17H29NO3S%2Fc1-5-8-14%2818-21-6-2%2917-15%2819%2910-13%2811-16%2817%2920%299-12%284%2922-7-3%2Fh12-13%2C17H%2C5-11H2%2C1-4H3,4.29612718117234
InChI%3D1S%2FC19H34O3%2Fc1-15%282%2922-18%2820%2914-17%284%2911-8-10-16%283%2912-9-13-19%285%2C6%2921-7%2Fh8%2C11%2C14-16H%2C9-10%2C12-13H2%2C1-7H3,3.82926385227003
InChI%3D1S%2FC9H11ClN2O%2Fc1-12%282%299%2813%2911-8-5-3-7%2810%294-6-8%2Fh3-6H%2C1-2H3%2C%28H%2C11%2C13%29,3.2011773320931
InChI%3D1S%2FCH2Cl2%2Fc2-1-3%2Fh1H2,3.23010431252803
InChI%3D1S%2FCH2Cl2%2Fc2-1-3%2Fh1H2,3.20825373509371
InChI%3D1S%2FC10H9Cl4O4P%2Fc1-16-19%2815%2C17-2%2918-10%285-11%296-3-8%2813%299%2814%294-7%286%2912%2Fh3-5H%2C1-2H3,3.5634357799466
InChI%3D1S%2FC10H9Cl4O4P%2Fc1-16-19%2815%2C17-2%2918-10%285-11%296-3-8%2813%299%2814%294-7%286%2912%2Fh3-5H%2C1-2H3,3.86446577561058
InChI%3D1S%2FC8H10O%2Fc1-6-4-3-5-7%282%298%286%299%2Fh3-5%2C9H%2C1-2H3,4.30879341594785
InChI%3D1S%2FC15H18Cl2N2O3%2Fc1-8%282%2921-12-7-11%289%2816%296-10%2812%2917%2919-14%2820%2922-13%2818-19%2915%283%2C4%295%2Fh6-8H%2C1-5H3,4.83912722706429
InChI%3D1S%2FC12H4Cl2F6N4OS%2Fc13-5-1-4%2811%2815%2C16%2917%292-6%2814%298%285%2924-10%2822%299%287%283-21%2923-24%2926%2825%2912%2818%2C19%2920%2Fh1-2H%2C22H2,6.8624770260417
InChI%3D1S%2FC17H9ClF8N2O4%2Fc18-8-6-7%284-5-11%288%2931-16%2822%2C23%2914%2821%2932-17%2824%2C25%2926%2927-15%2830%2928-13%2829%2912-9%2819%292-1-3-10%2812%2920%2Fh1-6%2C14H%2C%28H2%2C27%2C28%2C29%2C30%29,4.13628410350378
InChI%3D1S%2FC18H41N7%2Fc19-17%2820%2924-15-11-7-3-1-5-9-13-23-14-10-6-2-4-8-12-16-25-18%2821%2922%2Fh23H%2C1-16H2%2C%28H4%2C19%2C20%2C24%29%28H4%2C21%2C22%2C25%29,4.27216545257855
InChI%3D1S%2FC6H11NO%2Fc8-6-4-2-1-3-5-7-6%2Fh1-5H2%2C%28H%2C7%2C8%29,2.95677386828604
InChI%3D1S%2FC7H7Cl3NO3PS%2Fc1-12-15%2816%2C13-2%2914-7-5%289%293-4%288%296%2810%2911-7%2Fh3H%2C1-2H3,5.03145309127161
InChI%3D1S%2FC11H10Cl2F2N4O3S%2Fc1-5-16-19%2811%2820%2918%285%2910%2814%2915%299-4-8%2817-23%282%2C21%2922%296%2812%293-7%289%2913%2Fh3-4%2C10%2C17H%2C1-2H3,3.76184922452045
InChI%3D1S%2FC6H10O4S2%2Fc1-5-6%282%2912%289%2C10%294-3-11%285%2C7%298%2Fh3-4H2%2C1-2H3,4.32277979319225
InChI%3D1S%2FC10H12ClNO2%2Fc1-7%282%2914-10%2813%2912-9-5-3-4-8%2811%296-9%2Fh3-7H%2C1-2H3%2C%28H%2C12%2C13%29,2.63075480518045
InChI%3D1S%2FC10H12ClNO2%2Fc1-7%282%2914-10%2813%2912-9-5-3-4-8%2811%296-9%2Fh3-7H%2C1-2H3%2C%28H%2C12%2C13%29,2.32972480951647
InChI%3D1S%2FC12H16ClNOS%2Fc1-3-14%284-2%2912%2815%2916-9-10-5-7-11%2813%298-6-10%2Fh5-8H%2C3-4%2C9H2%2C1-2H3,4.71227844003234
InChI%3D1S%2FC14H16O6%2Fc1-3-18-12%2815%299-20-14%2817%2911-8-6-5-7-10%2811%2913%2816%2919-4-2%2Fh5-8H%2C3-4%2C9H2%2C1-2H3,2.04964162538818
InChI%3D1S%2FC3H6N6O6%2Fc10-7%2811%294-1-5%288%2812%2913%293-6%282-4%299%2814%2915%2Fh1-3H2,5.17048924956396
InChI%3D1S%2FC10H7N3S%2Fc1-2-4-8-7%283-1%2912-10%2813-8%299-5-14-6-11-9%2Fh1-6H%2C%28H%2C12%2C13%29,5.00270088682186
InChI%3D1S%2FC10H7N3S%2Fc1-2-4-8-7%283-1%2912-10%2813-8%299-5-14-6-11-9%2Fh1-6H%2C%28H%2C12%2C13%29,3.70167089115788
InChI%3D1S%2FC10H7N3S%2Fc1-2-4-8-7%283-1%2912-10%2813-8%299-5-14-6-11-9%2Fh1-6H%2C%28H%2C12%2C13%29,3.82660962776618
InChI%3D1S%2FC7H13N3O3S%2Fc1-8-7%2812%2913-9-5%2814-4%296%2811%2910%282%293%2Fh1-4H3%2C%28H%2C8%2C12%29,4.64199221806157
InChI%3D1S%2FC12H14N4O4S2%2Fc1-19-11%2817%2915-9%2821%2913-7-5-3-4-6-8%287%2914-10%2822%2916-12%2818%2920-2%2Fh3-6H%2C1-2H3%2C%28H2%2C13%2C15%2C17%2C21%29%28H2%2C14%2C16%2C18%2C22%29,4.0293761165818
InChI%3D1S%2FCH2O%2Fc1-2%2Fh1H2,2.56368333860036
InChI%3D1S%2FC9H21O2PS3%2Fc1-6-10-12%2813%2C11-7-2%2915-8-14-9%283%2C4%295%2Fh6-8H2%2C1-5H3,6.76107133056166
InChI%3D1S%2FC9H21O2PS3%2Fc1-6-10-12%2813%2C11-7-2%2915-8-14-9%283%2C4%295%2Fh6-8H2%2C1-5H3,5.1590113392337
InChI%3D1S%2FC9H21O2PS3%2Fc1-6-10-12%2813%2C11-7-2%2915-8-14-9%283%2C4%295%2Fh6-8H2%2C1-5H3,6.68189008451404
InChI%3D1S%2FC18H24N2O6%2Fc1-3-5-6-7-8-9-11-14-12-15%2819%2822%2923%2918%2816%2813-14%2920%2824%2925%2926-17%2821%2910-4-2%2Fh4%2C10%2C12-13H%2C3%2C5-9%2C11H2%2C1-2H3,3.8625999735624
InChI%3D1S%2FC18H24N2O6%2Fc1-3-5-6-7-8-9-11-14-12-15%2819%2822%2923%2918%2816%2813-14%2920%2824%2925%2926-17%2821%2910-4-2%2Fh4%2C10%2C12-13H%2C3%2C5-9%2C11H2%2C1-2H3,3.75539000391453
InChI%3D1S%2FC22H23ClN2O9%2Fc1-21%2833%2911-6%2823%294-5-7%2826%298%2811%2915%2827%299-12%2821%2917%2829%2913-14%2825%282%293%2916%2828%2910%2820%2824%2932%2919%2831%2922%2813%2C34%2918%289%2930%2Fh4-5%2C12-14%2C17%2C26-27%2C29%2C32-34H%2C24H2%2C1-3H3,1.97849569899962
